time,price_dollars,side,qty
2020-01-13 09:30:00.000007378,997.91,ASK,28
2020-01-13 09:30:00.002269776,997.91,BID,2389
2020-01-13 09:30:00.002269776,999.45,ASK,38
2020-01-13 09:30:00.002269776,1000.18,ASK,47
2020-01-13 09:30:00.002269776,1000.66,ASK,22
2020-01-13 09:30:00.002269776,1000.8,ASK,49
2020-01-13 09:30:00.003254528,997.24,BID,42
2020-01-13 09:30:00.003254528,997.75,BID,20
2020-01-13 09:30:00.003254528,997.86,BID,39
2020-01-13 09:30:00.003254528,997.91,BID,2280
2020-01-13 09:30:00.003254528,998.59,BID,245
2020-01-13 09:30:00.003254528,999.45,ASK,38
2020-01-13 09:30:00.003254528,1000.18,ASK,47
2020-01-13 09:30:00.003254528,1000.66,ASK,22
2020-01-13 09:30:00.003254528,1000.8,ASK,49
2020-01-13 09:30:00.004390984,997.24,BID,42
2020-01-13 09:30:00.004390984,997.25,BID,21
2020-01-13 09:30:00.004390984,997.44,BID,26
2020-01-13 09:30:00.004390984,997.75,BID,20
2020-01-13 09:30:00.004390984,997.86,BID,39
2020-01-13 09:30:00.004390984,997.89,BID,28
2020-01-13 09:30:00.004390984,997.91,BID,2280
2020-01-13 09:30:00.004390984,998.52,BID,46
2020-01-13 09:30:00.004390984,998.59,BID,552
2020-01-13 09:30:00.004390984,999.45,ASK,38
2020-01-13 09:30:00.004390984,1000.18,ASK,47
2020-01-13 09:30:00.004390984,1000.66,ASK,22
2020-01-13 09:30:00.004390984,1000.8,ASK,49
2020-01-13 09:30:00.005505925,997.24,BID,42
2020-01-13 09:30:00.005505925,997.25,BID,21
2020-01-13 09:30:00.005505925,997.37,BID,34
2020-01-13 09:30:00.005505925,997.44,BID,26
2020-01-13 09:30:00.005505925,997.75,BID,20
2020-01-13 09:30:00.005505925,997.86,BID,39
2020-01-13 09:30:00.005505925,997.89,BID,28
2020-01-13 09:30:00.005505925,997.91,BID,2280
2020-01-13 09:30:00.005505925,998.52,BID,46
2020-01-13 09:30:00.005505925,998.59,BID,186
2020-01-13 09:30:00.005505925,999.45,ASK,38
2020-01-13 09:30:00.005505925,1000.18,ASK,47
2020-01-13 09:30:00.005505925,1000.66,ASK,22
2020-01-13 09:30:00.005505925,1000.8,ASK,49
2020-01-13 09:30:00.006479751,997.24,BID,42
2020-01-13 09:30:00.006479751,997.25,BID,21
2020-01-13 09:30:00.006479751,997.31,BID,48
2020-01-13 09:30:00.006479751,997.37,BID,34
2020-01-13 09:30:00.006479751,997.44,BID,26
2020-01-13 09:30:00.006479751,997.72,BID,23
2020-01-13 09:30:00.006479751,997.75,BID,20
2020-01-13 09:30:00.006479751,997.86,BID,39
2020-01-13 09:30:00.006479751,997.89,BID,28
2020-01-13 09:30:00.006479751,997.91,BID,2191
2020-01-13 09:30:00.006479751,998.14,BID,42
2020-01-13 09:30:00.006479751,998.59,BID,603
2020-01-13 09:30:00.006479751,999.45,ASK,38
2020-01-13 09:30:00.006479751,1000.18,ASK,47
2020-01-13 09:30:00.006479751,1000.66,ASK,22
2020-01-13 09:30:00.006479751,1000.8,ASK,49
2020-01-13 09:30:00.007473793,997.24,BID,42
2020-01-13 09:30:00.007473793,997.25,BID,21
2020-01-13 09:30:00.007473793,997.31,BID,48
2020-01-13 09:30:00.007473793,997.37,BID,34
2020-01-13 09:30:00.007473793,997.44,BID,26
2020-01-13 09:30:00.007473793,997.72,BID,23
2020-01-13 09:30:00.007473793,997.75,BID,20
2020-01-13 09:30:00.007473793,997.86,BID,39
2020-01-13 09:30:00.007473793,997.89,BID,28
2020-01-13 09:30:00.007473793,997.91,BID,2177
2020-01-13 09:30:00.007473793,998.59,ASK,115
2020-01-13 09:30:00.007473793,1000.18,ASK,47
2020-01-13 09:30:00.007473793,1000.66,ASK,22
2020-01-13 09:30:00.007473793,1000.8,ASK,49
2020-01-13 09:30:00.008680973,997.24,BID,42
2020-01-13 09:30:00.008680973,997.25,BID,21
2020-01-13 09:30:00.008680973,997.31,BID,48
2020-01-13 09:30:00.008680973,997.37,BID,34
2020-01-13 09:30:00.008680973,997.44,BID,26
2020-01-13 09:30:00.008680973,997.72,BID,23
2020-01-13 09:30:00.008680973,997.75,BID,20
2020-01-13 09:30:00.008680973,997.86,BID,39
2020-01-13 09:30:00.008680973,997.89,BID,28
2020-01-13 09:30:00.008680973,997.91,BID,2177
2020-01-13 09:30:00.008680973,998.35,BID,39
2020-01-13 09:30:00.008680973,998.59,ASK,220
2020-01-13 09:30:00.008680973,1000.18,ASK,47
2020-01-13 09:30:00.008680973,1000.66,ASK,22
2020-01-13 09:30:00.008680973,1000.8,ASK,49
2020-01-13 09:30:00.009733779,997.24,BID,42
2020-01-13 09:30:00.009733779,997.25,BID,21
2020-01-13 09:30:00.009733779,997.31,BID,48
2020-01-13 09:30:00.009733779,997.37,BID,34
2020-01-13 09:30:00.009733779,997.44,BID,26
2020-01-13 09:30:00.009733779,997.72,BID,23
2020-01-13 09:30:00.009733779,997.75,BID,20
2020-01-13 09:30:00.009733779,997.78,BID,46
2020-01-13 09:30:00.009733779,997.86,BID,39
2020-01-13 09:30:00.009733779,997.89,BID,28
2020-01-13 09:30:00.009733779,997.91,BID,2177
2020-01-13 09:30:00.009733779,998.35,BID,39
2020-01-13 09:30:00.009733779,999.45,BID,305
2020-01-13 09:30:00.009733779,999.8,ASK,21
2020-01-13 09:30:00.009733779,1000.18,ASK,47
2020-01-13 09:30:00.009733779,1000.66,ASK,22
2020-01-13 09:30:00.009733779,1000.8,ASK,49
2020-01-13 09:30:00.010791753,997.24,BID,42
2020-01-13 09:30:00.010791753,997.25,BID,21
2020-01-13 09:30:00.010791753,997.31,BID,48
2020-01-13 09:30:00.010791753,997.37,BID,34
2020-01-13 09:30:00.010791753,997.44,BID,26
2020-01-13 09:30:00.010791753,997.72,BID,23
2020-01-13 09:30:00.010791753,997.75,BID,20
2020-01-13 09:30:00.010791753,997.78,BID,46
2020-01-13 09:30:00.010791753,997.86,BID,39
2020-01-13 09:30:00.010791753,997.89,BID,28
2020-01-13 09:30:00.010791753,997.91,BID,2177
2020-01-13 09:30:00.010791753,998.13,BID,28
2020-01-13 09:30:00.010791753,998.35,BID,39
2020-01-13 09:30:00.010791753,998.59,ASK,249
2020-01-13 09:30:00.010791753,999.14,ASK,37
2020-01-13 09:30:00.010791753,999.8,ASK,21
2020-01-13 09:30:00.010791753,999.84,ASK,31
2020-01-13 09:30:00.010791753,1000.18,ASK,47
2020-01-13 09:30:00.010791753,1000.66,ASK,22
2020-01-13 09:30:00.010791753,1000.8,ASK,49
2020-01-13 09:30:00.011863781,997.24,BID,42
2020-01-13 09:30:00.011863781,997.25,BID,21
2020-01-13 09:30:00.011863781,997.31,BID,48
2020-01-13 09:30:00.011863781,997.37,BID,34
2020-01-13 09:30:00.011863781,997.44,BID,26
2020-01-13 09:30:00.011863781,997.72,BID,23
2020-01-13 09:30:00.011863781,997.75,BID,20
2020-01-13 09:30:00.011863781,997.78,BID,46
2020-01-13 09:30:00.011863781,997.86,BID,39
2020-01-13 09:30:00.011863781,997.89,BID,28
2020-01-13 09:30:00.011863781,997.91,BID,2177
2020-01-13 09:30:00.011863781,998.13,BID,28
2020-01-13 09:30:00.011863781,998.35,BID,39
2020-01-13 09:30:00.011863781,998.59,ASK,109
2020-01-13 09:30:00.011863781,999.14,ASK,37
2020-01-13 09:30:00.011863781,999.8,ASK,21
2020-01-13 09:30:00.011863781,999.84,ASK,31
2020-01-13 09:30:00.011863781,1000.18,ASK,47
2020-01-13 09:30:00.011863781,1000.66,ASK,22
2020-01-13 09:30:00.011863781,1000.8,ASK,49
2020-01-13 09:30:00.012987629,997.24,BID,42
2020-01-13 09:30:00.012987629,997.25,BID,21
2020-01-13 09:30:00.012987629,997.31,BID,48
2020-01-13 09:30:00.012987629,997.37,BID,34
2020-01-13 09:30:00.012987629,997.44,BID,26
2020-01-13 09:30:00.012987629,997.72,BID,23
2020-01-13 09:30:00.012987629,997.75,BID,20
2020-01-13 09:30:00.012987629,997.78,BID,46
2020-01-13 09:30:00.012987629,997.86,BID,39
2020-01-13 09:30:00.012987629,997.89,BID,65
2020-01-13 09:30:00.012987629,997.91,BID,2177
2020-01-13 09:30:00.012987629,998.13,BID,28
2020-01-13 09:30:00.012987629,998.35,BID,39
2020-01-13 09:30:00.012987629,998.42,BID,33
2020-01-13 09:30:00.012987629,998.46,BID,29
2020-01-13 09:30:00.012987629,998.59,ASK,327
2020-01-13 09:30:00.012987629,999.8,ASK,21
2020-01-13 09:30:00.012987629,999.84,ASK,31
2020-01-13 09:30:00.012987629,1000.18,ASK,47
2020-01-13 09:30:00.012987629,1000.66,ASK,22
2020-01-13 09:30:00.012987629,1000.8,ASK,49
2020-01-13 09:30:00.013928847,997.24,BID,42
2020-01-13 09:30:00.013928847,997.25,BID,21
2020-01-13 09:30:00.013928847,997.31,BID,48
2020-01-13 09:30:00.013928847,997.37,BID,34
2020-01-13 09:30:00.013928847,997.44,BID,26
2020-01-13 09:30:00.013928847,997.72,BID,23
2020-01-13 09:30:00.013928847,997.75,BID,20
2020-01-13 09:30:00.013928847,997.78,BID,46
2020-01-13 09:30:00.013928847,997.86,BID,39
2020-01-13 09:30:00.013928847,997.89,BID,65
2020-01-13 09:30:00.013928847,997.91,BID,2177
2020-01-13 09:30:00.013928847,998.13,BID,28
2020-01-13 09:30:00.013928847,998.35,BID,39
2020-01-13 09:30:00.013928847,998.42,BID,33
2020-01-13 09:30:00.013928847,998.46,BID,29
2020-01-13 09:30:00.013928847,998.8,BID,24
2020-01-13 09:30:00.013928847,999.45,BID,116
2020-01-13 09:30:00.013928847,999.8,ASK,21
2020-01-13 09:30:00.013928847,999.84,ASK,31
2020-01-13 09:30:00.013928847,1000.18,ASK,47
2020-01-13 09:30:00.013928847,1000.66,ASK,22
2020-01-13 09:30:00.013928847,1000.8,ASK,49
2020-01-13 09:30:00.015135335,997.24,BID,42
2020-01-13 09:30:00.015135335,997.25,BID,21
2020-01-13 09:30:00.015135335,997.31,BID,48
2020-01-13 09:30:00.015135335,997.37,BID,34
2020-01-13 09:30:00.015135335,997.44,BID,26
2020-01-13 09:30:00.015135335,997.72,BID,23
2020-01-13 09:30:00.015135335,997.75,BID,20
2020-01-13 09:30:00.015135335,997.78,BID,46
2020-01-13 09:30:00.015135335,997.86,BID,39
2020-01-13 09:30:00.015135335,997.89,BID,65
2020-01-13 09:30:00.015135335,997.91,BID,2177
2020-01-13 09:30:00.015135335,998.13,BID,28
2020-01-13 09:30:00.015135335,998.19,BID,37
2020-01-13 09:30:00.015135335,998.22,BID,37
2020-01-13 09:30:00.015135335,998.35,BID,39
2020-01-13 09:30:00.015135335,998.42,BID,33
2020-01-13 09:30:00.015135335,998.46,BID,29
2020-01-13 09:30:00.015135335,998.8,BID,24
2020-01-13 09:30:00.015135335,998.96,BID,22
2020-01-13 09:30:00.015135335,999.45,BID,92
2020-01-13 09:30:00.015135335,999.8,ASK,21
2020-01-13 09:30:00.015135335,999.84,ASK,31
2020-01-13 09:30:00.015135335,1000.18,ASK,47
2020-01-13 09:30:00.015135335,1000.66,ASK,22
2020-01-13 09:30:00.015135335,1000.8,ASK,49
2020-01-13 09:30:00.016139119,997.24,BID,42
2020-01-13 09:30:00.016139119,997.25,BID,21
2020-01-13 09:30:00.016139119,997.31,BID,48
2020-01-13 09:30:00.016139119,997.37,BID,34
2020-01-13 09:30:00.016139119,997.44,BID,26
2020-01-13 09:30:00.016139119,997.72,BID,23
2020-01-13 09:30:00.016139119,997.75,BID,20
2020-01-13 09:30:00.016139119,997.78,BID,46
2020-01-13 09:30:00.016139119,997.86,BID,39
2020-01-13 09:30:00.016139119,997.89,BID,65
2020-01-13 09:30:00.016139119,997.91,BID,2177
2020-01-13 09:30:00.016139119,998.03,BID,34
2020-01-13 09:30:00.016139119,998.13,BID,28
2020-01-13 09:30:00.016139119,998.14,BID,41
2020-01-13 09:30:00.016139119,998.19,BID,37
2020-01-13 09:30:00.016139119,998.22,BID,37
2020-01-13 09:30:00.016139119,998.35,BID,39
2020-01-13 09:30:00.016139119,998.42,BID,33
2020-01-13 09:30:00.016139119,998.45,BID,40
2020-01-13 09:30:00.016139119,998.46,BID,29
2020-01-13 09:30:00.016139119,998.59,ASK,116
2020-01-13 09:30:00.016139119,999.16,ASK,31
2020-01-13 09:30:00.016139119,999.8,ASK,21
2020-01-13 09:30:00.016139119,999.84,ASK,31
2020-01-13 09:30:00.016139119,1000.18,ASK,47
2020-01-13 09:30:00.016139119,1000.66,ASK,22
2020-01-13 09:30:00.016139119,1000.8,ASK,49
2020-01-13 09:30:00.017351183,997.24,BID,42
2020-01-13 09:30:00.017351183,997.25,BID,21
2020-01-13 09:30:00.017351183,997.31,BID,48
2020-01-13 09:30:00.017351183,997.37,BID,34
2020-01-13 09:30:00.017351183,997.44,BID,26
2020-01-13 09:30:00.017351183,997.72,BID,23
2020-01-13 09:30:00.017351183,997.75,BID,20
2020-01-13 09:30:00.017351183,997.78,BID,46
2020-01-13 09:30:00.017351183,997.86,BID,39
2020-01-13 09:30:00.017351183,997.87,BID,44
2020-01-13 09:30:00.017351183,997.89,BID,65
2020-01-13 09:30:00.017351183,997.91,BID,2177
2020-01-13 09:30:00.017351183,998.03,BID,34
2020-01-13 09:30:00.017351183,998.13,BID,28
2020-01-13 09:30:00.017351183,998.14,BID,41
2020-01-13 09:30:00.017351183,998.19,BID,37
2020-01-13 09:30:00.017351183,998.22,BID,33
2020-01-13 09:30:00.017351183,998.59,ASK,329
2020-01-13 09:30:00.017351183,999.8,ASK,21
2020-01-13 09:30:00.017351183,999.84,ASK,31
2020-01-13 09:30:00.017351183,1000.18,ASK,47
2020-01-13 09:30:00.017351183,1000.66,ASK,22
2020-01-13 09:30:00.017351183,1000.8,ASK,49
2020-01-13 09:30:00.018282456,997.24,BID,42
2020-01-13 09:30:00.018282456,997.25,BID,21
2020-01-13 09:30:00.018282456,997.31,BID,48
2020-01-13 09:30:00.018282456,997.37,BID,34
2020-01-13 09:30:00.018282456,997.44,BID,26
2020-01-13 09:30:00.018282456,997.72,BID,23
2020-01-13 09:30:00.018282456,997.75,BID,20
2020-01-13 09:30:00.018282456,997.78,BID,46
2020-01-13 09:30:00.018282456,997.86,BID,39
2020-01-13 09:30:00.018282456,997.87,BID,44
2020-01-13 09:30:00.018282456,997.89,BID,65
2020-01-13 09:30:00.018282456,997.91,BID,2177
2020-01-13 09:30:00.018282456,998.03,BID,34
2020-01-13 09:30:00.018282456,998.12,BID,23
2020-01-13 09:30:00.018282456,998.13,BID,28
2020-01-13 09:30:00.018282456,998.14,BID,41
2020-01-13 09:30:00.018282456,998.19,BID,37
2020-01-13 09:30:00.018282456,998.22,BID,33
2020-01-13 09:30:00.018282456,998.27,BID,37
2020-01-13 09:30:00.018282456,998.59,ASK,478
2020-01-13 09:30:00.018282456,999.8,ASK,21
2020-01-13 09:30:00.018282456,999.84,ASK,31
2020-01-13 09:30:00.018282456,1000.18,ASK,47
2020-01-13 09:30:00.018282456,1000.66,ASK,22
2020-01-13 09:30:00.018282456,1000.8,ASK,49
2020-01-13 09:30:00.019362728,997.24,BID,42
2020-01-13 09:30:00.019362728,997.25,BID,21
2020-01-13 09:30:00.019362728,997.31,BID,48
2020-01-13 09:30:00.019362728,997.37,BID,34
2020-01-13 09:30:00.019362728,997.44,BID,26
2020-01-13 09:30:00.019362728,997.72,BID,23
2020-01-13 09:30:00.019362728,997.75,BID,20
2020-01-13 09:30:00.019362728,997.78,BID,46
2020-01-13 09:30:00.019362728,997.86,BID,39
2020-01-13 09:30:00.019362728,997.87,BID,44
2020-01-13 09:30:00.019362728,997.89,BID,65
2020-01-13 09:30:00.019362728,997.91,BID,2177
2020-01-13 09:30:00.019362728,998.03,BID,34
2020-01-13 09:30:00.019362728,998.12,BID,23
2020-01-13 09:30:00.019362728,998.13,BID,28
2020-01-13 09:30:00.019362728,998.14,BID,41
2020-01-13 09:30:00.019362728,998.19,BID,37
2020-01-13 09:30:00.019362728,998.22,BID,33
2020-01-13 09:30:00.019362728,998.27,BID,37
2020-01-13 09:30:00.019362728,998.48,BID,31
2020-01-13 09:30:00.019362728,998.59,ASK,98
2020-01-13 09:30:00.019362728,999.8,ASK,21
2020-01-13 09:30:00.019362728,999.84,ASK,31
2020-01-13 09:30:00.019362728,1000.18,ASK,47
2020-01-13 09:30:00.019362728,1000.66,ASK,22
2020-01-13 09:30:00.019362728,1000.8,ASK,49
2020-01-13 09:30:00.020416589,997.24,BID,42
2020-01-13 09:30:00.020416589,997.25,BID,21
2020-01-13 09:30:00.020416589,997.31,BID,48
2020-01-13 09:30:00.020416589,997.37,BID,34
2020-01-13 09:30:00.020416589,997.44,BID,26
2020-01-13 09:30:00.020416589,997.72,BID,23
2020-01-13 09:30:00.020416589,997.75,BID,20
2020-01-13 09:30:00.020416589,997.78,BID,46
2020-01-13 09:30:00.020416589,997.86,BID,39
2020-01-13 09:30:00.020416589,997.87,BID,44
2020-01-13 09:30:00.020416589,997.89,BID,65
2020-01-13 09:30:00.020416589,997.91,BID,2177
2020-01-13 09:30:00.020416589,998.03,BID,34
2020-01-13 09:30:00.020416589,998.12,BID,23
2020-01-13 09:30:00.020416589,998.13,BID,28
2020-01-13 09:30:00.020416589,998.14,BID,41
2020-01-13 09:30:00.020416589,998.19,BID,37
2020-01-13 09:30:00.020416589,998.22,BID,33
2020-01-13 09:30:00.020416589,998.27,BID,37
2020-01-13 09:30:00.020416589,998.48,BID,31
2020-01-13 09:30:00.020416589,999.45,ASK,620
2020-01-13 09:30:00.020416589,999.8,ASK,21
2020-01-13 09:30:00.020416589,999.84,ASK,31
2020-01-13 09:30:00.020416589,1000.18,ASK,47
2020-01-13 09:30:00.020416589,1000.66,ASK,22
2020-01-13 09:30:00.020416589,1000.8,ASK,49
2020-01-13 09:30:00.021635527,997.24,BID,42
2020-01-13 09:30:00.021635527,997.25,BID,21
2020-01-13 09:30:00.021635527,997.31,BID,48
2020-01-13 09:30:00.021635527,997.37,BID,34
2020-01-13 09:30:00.021635527,997.44,BID,26
2020-01-13 09:30:00.021635527,997.72,BID,23
2020-01-13 09:30:00.021635527,997.75,BID,20
2020-01-13 09:30:00.021635527,997.78,BID,46
2020-01-13 09:30:00.021635527,997.86,BID,39
2020-01-13 09:30:00.021635527,997.87,BID,44
2020-01-13 09:30:00.021635527,997.89,BID,65
2020-01-13 09:30:00.021635527,997.91,BID,2177
2020-01-13 09:30:00.021635527,998.03,BID,34
2020-01-13 09:30:00.021635527,998.12,BID,23
2020-01-13 09:30:00.021635527,998.13,BID,28
2020-01-13 09:30:00.021635527,998.14,BID,41
2020-01-13 09:30:00.021635527,998.19,BID,37
2020-01-13 09:30:00.021635527,998.22,BID,33
2020-01-13 09:30:00.021635527,998.27,BID,21
2020-01-13 09:30:00.021635527,998.59,BID,23
2020-01-13 09:30:00.021635527,999.0,BID,33
2020-01-13 09:30:00.021635527,999.45,ASK,513
2020-01-13 09:30:00.021635527,999.8,ASK,21
2020-01-13 09:30:00.021635527,999.84,ASK,31
2020-01-13 09:30:00.021635527,1000.18,ASK,47
2020-01-13 09:30:00.021635527,1000.35,ASK,32
2020-01-13 09:30:00.021635527,1000.66,ASK,22
2020-01-13 09:30:00.021635527,1000.8,ASK,49
2020-01-13 09:30:00.022629724,997.24,BID,42
2020-01-13 09:30:00.022629724,997.25,BID,21
2020-01-13 09:30:00.022629724,997.31,BID,48
2020-01-13 09:30:00.022629724,997.37,BID,34
2020-01-13 09:30:00.022629724,997.44,BID,26
2020-01-13 09:30:00.022629724,997.72,BID,23
2020-01-13 09:30:00.022629724,997.75,BID,20
2020-01-13 09:30:00.022629724,997.78,BID,46
2020-01-13 09:30:00.022629724,997.86,BID,39
2020-01-13 09:30:00.022629724,997.87,BID,44
2020-01-13 09:30:00.022629724,997.89,BID,65
2020-01-13 09:30:00.022629724,997.91,BID,2177
2020-01-13 09:30:00.022629724,998.03,BID,34
2020-01-13 09:30:00.022629724,998.12,BID,23
2020-01-13 09:30:00.022629724,998.13,BID,28
2020-01-13 09:30:00.022629724,998.14,BID,41
2020-01-13 09:30:00.022629724,998.16,BID,11
2020-01-13 09:30:00.022629724,998.59,BID,323
2020-01-13 09:30:00.022629724,999.45,ASK,262
2020-01-13 09:30:00.022629724,999.8,ASK,21
2020-01-13 09:30:00.022629724,999.84,ASK,31
2020-01-13 09:30:00.022629724,1000.18,ASK,47
2020-01-13 09:30:00.022629724,1000.35,ASK,32
2020-01-13 09:30:00.022629724,1000.66,ASK,22
2020-01-13 09:30:00.022629724,1000.8,ASK,49
2020-01-13 09:30:00.023775898,997.24,BID,42
2020-01-13 09:30:00.023775898,997.25,BID,21
2020-01-13 09:30:00.023775898,997.31,BID,48
2020-01-13 09:30:00.023775898,997.37,BID,34
2020-01-13 09:30:00.023775898,997.44,BID,26
2020-01-13 09:30:00.023775898,997.72,BID,23
2020-01-13 09:30:00.023775898,997.75,BID,20
2020-01-13 09:30:00.023775898,997.78,BID,46
2020-01-13 09:30:00.023775898,997.86,BID,39
2020-01-13 09:30:00.023775898,997.87,BID,44
2020-01-13 09:30:00.023775898,997.89,BID,65
2020-01-13 09:30:00.023775898,997.91,BID,2177
2020-01-13 09:30:00.023775898,998.03,BID,34
2020-01-13 09:30:00.023775898,998.12,BID,23
2020-01-13 09:30:00.023775898,998.13,BID,28
2020-01-13 09:30:00.023775898,998.14,BID,41
2020-01-13 09:30:00.023775898,998.16,BID,11
2020-01-13 09:30:00.023775898,998.59,BID,402
2020-01-13 09:30:00.023775898,999.45,ASK,262
2020-01-13 09:30:00.023775898,999.8,ASK,21
2020-01-13 09:30:00.023775898,999.84,ASK,31
2020-01-13 09:30:00.023775898,1000.18,ASK,47
2020-01-13 09:30:00.023775898,1000.35,ASK,32
2020-01-13 09:30:00.023775898,1000.66,ASK,22
2020-01-13 09:30:00.023775898,1000.8,ASK,49
2020-01-13 09:30:00.024916912,997.24,BID,42
2020-01-13 09:30:00.024916912,997.25,BID,21
2020-01-13 09:30:00.024916912,997.31,BID,48
2020-01-13 09:30:00.024916912,997.37,BID,34
2020-01-13 09:30:00.024916912,997.44,BID,26
2020-01-13 09:30:00.024916912,997.48,BID,40
2020-01-13 09:30:00.024916912,997.6,BID,27
2020-01-13 09:30:00.024916912,997.72,BID,23
2020-01-13 09:30:00.024916912,997.75,BID,20
2020-01-13 09:30:00.024916912,997.78,BID,46
2020-01-13 09:30:00.024916912,997.86,BID,39
2020-01-13 09:30:00.024916912,997.87,BID,44
2020-01-13 09:30:00.024916912,997.89,BID,65
2020-01-13 09:30:00.024916912,997.91,BID,2177
2020-01-13 09:30:00.024916912,998.03,BID,34
2020-01-13 09:30:00.024916912,998.05,BID,34
2020-01-13 09:30:00.024916912,998.12,BID,23
2020-01-13 09:30:00.024916912,998.13,BID,28
2020-01-13 09:30:00.024916912,998.14,BID,41
2020-01-13 09:30:00.024916912,998.16,BID,11
2020-01-13 09:30:00.024916912,998.28,BID,48
2020-01-13 09:30:00.024916912,998.5,BID,37
2020-01-13 09:30:00.024916912,998.59,BID,309
2020-01-13 09:30:00.024916912,999.45,ASK,262
2020-01-13 09:30:00.024916912,999.8,ASK,21
2020-01-13 09:30:00.024916912,999.84,ASK,31
2020-01-13 09:30:00.024916912,1000.18,ASK,47
2020-01-13 09:30:00.024916912,1000.35,ASK,32
2020-01-13 09:30:00.024916912,1000.66,ASK,22
2020-01-13 09:30:00.024916912,1000.8,ASK,49
2020-01-13 09:30:00.025913753,997.24,BID,42
2020-01-13 09:30:00.025913753,997.25,BID,21
2020-01-13 09:30:00.025913753,997.31,BID,48
2020-01-13 09:30:00.025913753,997.37,BID,34
2020-01-13 09:30:00.025913753,997.44,BID,26
2020-01-13 09:30:00.025913753,997.48,BID,40
2020-01-13 09:30:00.025913753,997.6,BID,27
2020-01-13 09:30:00.025913753,997.72,BID,23
2020-01-13 09:30:00.025913753,997.75,BID,20
2020-01-13 09:30:00.025913753,997.78,BID,46
2020-01-13 09:30:00.025913753,997.86,BID,39
2020-01-13 09:30:00.025913753,997.87,BID,44
2020-01-13 09:30:00.025913753,997.89,BID,65
2020-01-13 09:30:00.025913753,997.91,BID,2177
2020-01-13 09:30:00.025913753,998.03,BID,34
2020-01-13 09:30:00.025913753,998.05,BID,34
2020-01-13 09:30:00.025913753,998.12,BID,93
2020-01-13 09:30:00.025913753,998.13,BID,28
2020-01-13 09:30:00.025913753,998.14,BID,41
2020-01-13 09:30:00.025913753,998.16,BID,11
2020-01-13 09:30:00.025913753,998.28,BID,48
2020-01-13 09:30:00.025913753,998.31,BID,25
2020-01-13 09:30:00.025913753,998.5,BID,101
2020-01-13 09:30:00.025913753,998.59,BID,242
2020-01-13 09:30:00.025913753,999.45,ASK,262
2020-01-13 09:30:00.025913753,999.8,ASK,21
2020-01-13 09:30:00.025913753,999.84,ASK,31
2020-01-13 09:30:00.025913753,1000.18,ASK,47
2020-01-13 09:30:00.025913753,1000.35,ASK,32
2020-01-13 09:30:00.025913753,1000.66,ASK,22
2020-01-13 09:30:00.025913753,1000.8,ASK,49
2020-01-13 09:30:00.026938639,997.24,BID,42
2020-01-13 09:30:00.026938639,997.25,BID,21
2020-01-13 09:30:00.026938639,997.31,BID,48
2020-01-13 09:30:00.026938639,997.37,BID,34
2020-01-13 09:30:00.026938639,997.44,BID,26
2020-01-13 09:30:00.026938639,997.48,BID,40
2020-01-13 09:30:00.026938639,997.6,BID,27
2020-01-13 09:30:00.026938639,997.72,BID,23
2020-01-13 09:30:00.026938639,997.75,BID,20
2020-01-13 09:30:00.026938639,997.78,BID,46
2020-01-13 09:30:00.026938639,997.86,BID,39
2020-01-13 09:30:00.026938639,997.87,BID,44
2020-01-13 09:30:00.026938639,997.89,BID,65
2020-01-13 09:30:00.026938639,997.91,BID,2177
2020-01-13 09:30:00.026938639,998.03,BID,34
2020-01-13 09:30:00.026938639,998.05,BID,34
2020-01-13 09:30:00.026938639,998.12,BID,93
2020-01-13 09:30:00.026938639,998.13,BID,28
2020-01-13 09:30:00.026938639,998.14,BID,41
2020-01-13 09:30:00.026938639,998.16,BID,11
2020-01-13 09:30:00.026938639,998.28,BID,48
2020-01-13 09:30:00.026938639,998.31,BID,25
2020-01-13 09:30:00.026938639,998.5,BID,101
2020-01-13 09:30:00.026938639,998.59,BID,501
2020-01-13 09:30:00.026938639,999.45,ASK,286
2020-01-13 09:30:00.026938639,999.8,ASK,21
2020-01-13 09:30:00.026938639,999.84,ASK,31
2020-01-13 09:30:00.026938639,1000.18,ASK,47
2020-01-13 09:30:00.026938639,1000.35,ASK,32
2020-01-13 09:30:00.026938639,1000.66,ASK,22
2020-01-13 09:30:00.026938639,1000.8,ASK,49
2020-01-13 09:30:00.028002694,997.24,BID,42
2020-01-13 09:30:00.028002694,997.25,BID,21
2020-01-13 09:30:00.028002694,997.31,BID,48
2020-01-13 09:30:00.028002694,997.37,BID,34
2020-01-13 09:30:00.028002694,997.44,BID,26
2020-01-13 09:30:00.028002694,997.48,BID,40
2020-01-13 09:30:00.028002694,997.6,BID,27
2020-01-13 09:30:00.028002694,997.72,BID,23
2020-01-13 09:30:00.028002694,997.75,BID,20
2020-01-13 09:30:00.028002694,997.78,BID,46
2020-01-13 09:30:00.028002694,997.86,BID,39
2020-01-13 09:30:00.028002694,997.87,BID,44
2020-01-13 09:30:00.028002694,997.89,BID,65
2020-01-13 09:30:00.028002694,997.91,BID,2177
2020-01-13 09:30:00.028002694,998.03,BID,34
2020-01-13 09:30:00.028002694,998.05,BID,34
2020-01-13 09:30:00.028002694,998.12,BID,93
2020-01-13 09:30:00.028002694,998.13,BID,28
2020-01-13 09:30:00.028002694,998.14,BID,41
2020-01-13 09:30:00.028002694,998.16,BID,11
2020-01-13 09:30:00.028002694,998.28,BID,48
2020-01-13 09:30:00.028002694,998.31,BID,25
2020-01-13 09:30:00.028002694,998.4,BID,25
2020-01-13 09:30:00.028002694,998.5,BID,101
2020-01-13 09:30:00.028002694,998.59,BID,1377
2020-01-13 09:30:00.028002694,999.45,ASK,278
2020-01-13 09:30:00.028002694,999.8,ASK,21
2020-01-13 09:30:00.028002694,999.84,ASK,31
2020-01-13 09:30:00.028002694,1000.18,ASK,47
2020-01-13 09:30:00.028002694,1000.35,ASK,32
2020-01-13 09:30:00.028002694,1000.66,ASK,22
2020-01-13 09:30:00.028002694,1000.8,ASK,49
2020-01-13 09:30:00.029125842,997.24,BID,42
2020-01-13 09:30:00.029125842,997.25,BID,21
2020-01-13 09:30:00.029125842,997.31,BID,48
2020-01-13 09:30:00.029125842,997.37,BID,34
2020-01-13 09:30:00.029125842,997.44,BID,26
2020-01-13 09:30:00.029125842,997.48,BID,40
2020-01-13 09:30:00.029125842,997.6,BID,27
2020-01-13 09:30:00.029125842,997.72,BID,23
2020-01-13 09:30:00.029125842,997.75,BID,20
2020-01-13 09:30:00.029125842,997.78,BID,46
2020-01-13 09:30:00.029125842,997.86,BID,39
2020-01-13 09:30:00.029125842,997.87,BID,44
2020-01-13 09:30:00.029125842,997.89,BID,65
2020-01-13 09:30:00.029125842,997.91,BID,2177
2020-01-13 09:30:00.029125842,998.03,BID,34
2020-01-13 09:30:00.029125842,998.05,BID,34
2020-01-13 09:30:00.029125842,998.12,BID,93
2020-01-13 09:30:00.029125842,998.13,BID,28
2020-01-13 09:30:00.029125842,998.14,BID,41
2020-01-13 09:30:00.029125842,998.16,BID,11
2020-01-13 09:30:00.029125842,998.28,BID,48
2020-01-13 09:30:00.029125842,998.31,BID,25
2020-01-13 09:30:00.029125842,998.4,BID,25
2020-01-13 09:30:00.029125842,998.5,BID,101
2020-01-13 09:30:00.029125842,998.59,BID,1377
2020-01-13 09:30:00.029125842,999.24,BID,40
2020-01-13 09:30:00.029125842,999.45,ASK,247
2020-01-13 09:30:00.029125842,999.8,ASK,8
2020-01-13 09:30:00.029125842,999.84,ASK,52
2020-01-13 09:30:00.029125842,1000.18,ASK,47
2020-01-13 09:30:00.029125842,1000.35,ASK,32
2020-01-13 09:30:00.029125842,1000.66,ASK,22
2020-01-13 09:30:00.029125842,1000.8,ASK,49
2020-01-13 09:30:00.030233499,997.24,BID,42
2020-01-13 09:30:00.030233499,997.25,BID,21
2020-01-13 09:30:00.030233499,997.31,BID,48
2020-01-13 09:30:00.030233499,997.37,BID,34
2020-01-13 09:30:00.030233499,997.44,BID,26
2020-01-13 09:30:00.030233499,997.48,BID,40
2020-01-13 09:30:00.030233499,997.6,BID,27
2020-01-13 09:30:00.030233499,997.72,BID,23
2020-01-13 09:30:00.030233499,997.75,BID,20
2020-01-13 09:30:00.030233499,997.78,BID,46
2020-01-13 09:30:00.030233499,997.86,BID,39
2020-01-13 09:30:00.030233499,997.87,BID,44
2020-01-13 09:30:00.030233499,997.89,BID,65
2020-01-13 09:30:00.030233499,997.91,BID,2177
2020-01-13 09:30:00.030233499,998.03,BID,34
2020-01-13 09:30:00.030233499,998.05,BID,34
2020-01-13 09:30:00.030233499,998.12,BID,93
2020-01-13 09:30:00.030233499,998.13,BID,28
2020-01-13 09:30:00.030233499,998.14,BID,41
2020-01-13 09:30:00.030233499,998.16,BID,11
2020-01-13 09:30:00.030233499,998.28,BID,48
2020-01-13 09:30:00.030233499,998.31,BID,25
2020-01-13 09:30:00.030233499,998.4,BID,25
2020-01-13 09:30:00.030233499,998.5,BID,101
2020-01-13 09:30:00.030233499,998.59,BID,1392
2020-01-13 09:30:00.030233499,999.23,BID,34
2020-01-13 09:30:00.030233499,999.4,BID,32
2020-01-13 09:30:00.030233499,999.8,BID,270
2020-01-13 09:30:00.030233499,999.84,ASK,52
2020-01-13 09:30:00.030233499,1000.18,ASK,47
2020-01-13 09:30:00.030233499,1000.35,ASK,32
2020-01-13 09:30:00.030233499,1000.66,ASK,22
2020-01-13 09:30:00.030233499,1000.8,ASK,49
2020-01-13 09:30:00.031473327,997.24,BID,42
2020-01-13 09:30:00.031473327,997.25,BID,21
2020-01-13 09:30:00.031473327,997.31,BID,48
2020-01-13 09:30:00.031473327,997.37,BID,34
2020-01-13 09:30:00.031473327,997.44,BID,26
2020-01-13 09:30:00.031473327,997.48,BID,40
2020-01-13 09:30:00.031473327,997.6,BID,27
2020-01-13 09:30:00.031473327,997.72,BID,23
2020-01-13 09:30:00.031473327,997.75,BID,20
2020-01-13 09:30:00.031473327,997.78,BID,46
2020-01-13 09:30:00.031473327,997.86,BID,39
2020-01-13 09:30:00.031473327,997.87,BID,44
2020-01-13 09:30:00.031473327,997.89,BID,65
2020-01-13 09:30:00.031473327,997.91,BID,2177
2020-01-13 09:30:00.031473327,998.03,BID,34
2020-01-13 09:30:00.031473327,998.05,BID,34
2020-01-13 09:30:00.031473327,998.12,BID,93
2020-01-13 09:30:00.031473327,998.13,BID,28
2020-01-13 09:30:00.031473327,998.14,BID,41
2020-01-13 09:30:00.031473327,998.16,BID,11
2020-01-13 09:30:00.031473327,998.28,BID,48
2020-01-13 09:30:00.031473327,998.31,BID,25
2020-01-13 09:30:00.031473327,998.4,BID,25
2020-01-13 09:30:00.031473327,998.5,BID,101
2020-01-13 09:30:00.031473327,998.59,BID,1066
2020-01-13 09:30:00.031473327,999.84,ASK,52
2020-01-13 09:30:00.031473327,1000.18,ASK,47
2020-01-13 09:30:00.031473327,1000.35,ASK,32
2020-01-13 09:30:00.031473327,1000.66,ASK,22
2020-01-13 09:30:00.031473327,1000.8,ASK,49
2020-01-13 09:30:00.032430622,997.24,BID,42
2020-01-13 09:30:00.032430622,997.25,BID,21
2020-01-13 09:30:00.032430622,997.31,BID,48
2020-01-13 09:30:00.032430622,997.37,BID,34
2020-01-13 09:30:00.032430622,997.44,BID,26
2020-01-13 09:30:00.032430622,997.48,BID,40
2020-01-13 09:30:00.032430622,997.6,BID,27
2020-01-13 09:30:00.032430622,997.72,BID,23
2020-01-13 09:30:00.032430622,997.75,BID,20
2020-01-13 09:30:00.032430622,997.78,BID,46
2020-01-13 09:30:00.032430622,997.86,BID,39
2020-01-13 09:30:00.032430622,997.87,BID,44
2020-01-13 09:30:00.032430622,997.89,BID,65
2020-01-13 09:30:00.032430622,997.91,BID,2177
2020-01-13 09:30:00.032430622,998.03,BID,34
2020-01-13 09:30:00.032430622,998.05,BID,34
2020-01-13 09:30:00.032430622,998.12,BID,93
2020-01-13 09:30:00.032430622,998.13,BID,28
2020-01-13 09:30:00.032430622,998.14,BID,87
2020-01-13 09:30:00.032430622,998.16,BID,11
2020-01-13 09:30:00.032430622,998.26,BID,42
2020-01-13 09:30:00.032430622,998.28,BID,48
2020-01-13 09:30:00.032430622,998.31,BID,25
2020-01-13 09:30:00.032430622,998.4,BID,25
2020-01-13 09:30:00.032430622,998.5,BID,101
2020-01-13 09:30:00.032430622,998.59,BID,952
2020-01-13 09:30:00.032430622,999.84,ASK,52
2020-01-13 09:30:00.032430622,1000.18,ASK,47
2020-01-13 09:30:00.032430622,1000.35,ASK,32
2020-01-13 09:30:00.032430622,1000.66,ASK,22
2020-01-13 09:30:00.032430622,1000.8,ASK,49
2020-01-13 09:30:00.033388505,997.24,BID,42
2020-01-13 09:30:00.033388505,997.25,BID,21
2020-01-13 09:30:00.033388505,997.31,BID,48
2020-01-13 09:30:00.033388505,997.37,BID,34
2020-01-13 09:30:00.033388505,997.44,BID,26
2020-01-13 09:30:00.033388505,997.48,BID,40
2020-01-13 09:30:00.033388505,997.6,BID,27
2020-01-13 09:30:00.033388505,997.72,BID,23
2020-01-13 09:30:00.033388505,997.75,BID,20
2020-01-13 09:30:00.033388505,997.78,BID,46
2020-01-13 09:30:00.033388505,997.86,BID,39
2020-01-13 09:30:00.033388505,997.87,BID,44
2020-01-13 09:30:00.033388505,997.89,BID,65
2020-01-13 09:30:00.033388505,997.91,BID,2177
2020-01-13 09:30:00.033388505,998.03,BID,34
2020-01-13 09:30:00.033388505,998.05,BID,34
2020-01-13 09:30:00.033388505,998.12,BID,93
2020-01-13 09:30:00.033388505,998.13,BID,28
2020-01-13 09:30:00.033388505,998.14,BID,87
2020-01-13 09:30:00.033388505,998.16,BID,11
2020-01-13 09:30:00.033388505,998.26,BID,42
2020-01-13 09:30:00.033388505,998.28,BID,48
2020-01-13 09:30:00.033388505,998.31,BID,25
2020-01-13 09:30:00.033388505,998.4,BID,25
2020-01-13 09:30:00.033388505,998.5,BID,101
2020-01-13 09:30:00.033388505,998.59,BID,621
2020-01-13 09:30:00.033388505,999.84,ASK,52
2020-01-13 09:30:00.033388505,1000.18,ASK,47
2020-01-13 09:30:00.033388505,1000.35,ASK,32
2020-01-13 09:30:00.033388505,1000.66,ASK,22
2020-01-13 09:30:00.033388505,1000.8,ASK,49
2020-01-13 09:30:00.034538169,997.24,BID,42
2020-01-13 09:30:00.034538169,997.25,BID,21
2020-01-13 09:30:00.034538169,997.31,BID,48
2020-01-13 09:30:00.034538169,997.37,BID,34
2020-01-13 09:30:00.034538169,997.44,BID,26
2020-01-13 09:30:00.034538169,997.48,BID,40
2020-01-13 09:30:00.034538169,997.6,BID,27
2020-01-13 09:30:00.034538169,997.72,BID,23
2020-01-13 09:30:00.034538169,997.75,BID,20
2020-01-13 09:30:00.034538169,997.78,BID,46
2020-01-13 09:30:00.034538169,997.86,BID,39
2020-01-13 09:30:00.034538169,997.87,BID,44
2020-01-13 09:30:00.034538169,997.89,BID,65
2020-01-13 09:30:00.034538169,997.91,BID,2177
2020-01-13 09:30:00.034538169,998.03,BID,34
2020-01-13 09:30:00.034538169,998.05,BID,34
2020-01-13 09:30:00.034538169,998.12,BID,93
2020-01-13 09:30:00.034538169,998.13,BID,28
2020-01-13 09:30:00.034538169,998.14,BID,87
2020-01-13 09:30:00.034538169,998.16,BID,11
2020-01-13 09:30:00.034538169,998.26,BID,42
2020-01-13 09:30:00.034538169,998.28,BID,48
2020-01-13 09:30:00.034538169,998.31,BID,25
2020-01-13 09:30:00.034538169,998.4,BID,25
2020-01-13 09:30:00.034538169,998.44,BID,25
2020-01-13 09:30:00.034538169,998.47,BID,27
2020-01-13 09:30:00.034538169,998.5,BID,101
2020-01-13 09:30:00.034538169,998.59,BID,823
2020-01-13 09:30:00.034538169,999.84,ASK,52
2020-01-13 09:30:00.034538169,1000.18,ASK,47
2020-01-13 09:30:00.034538169,1000.35,ASK,32
2020-01-13 09:30:00.034538169,1000.66,ASK,22
2020-01-13 09:30:00.034538169,1000.8,ASK,49
2020-01-13 09:30:00.035514744,997.24,BID,42
2020-01-13 09:30:00.035514744,997.25,BID,21
2020-01-13 09:30:00.035514744,997.31,BID,48
2020-01-13 09:30:00.035514744,997.37,BID,34
2020-01-13 09:30:00.035514744,997.44,BID,26
2020-01-13 09:30:00.035514744,997.48,BID,40
2020-01-13 09:30:00.035514744,997.6,BID,27
2020-01-13 09:30:00.035514744,997.72,BID,23
2020-01-13 09:30:00.035514744,997.75,BID,20
2020-01-13 09:30:00.035514744,997.78,BID,46
2020-01-13 09:30:00.035514744,997.86,BID,39
2020-01-13 09:30:00.035514744,997.87,BID,44
2020-01-13 09:30:00.035514744,997.89,BID,65
2020-01-13 09:30:00.035514744,997.91,BID,2177
2020-01-13 09:30:00.035514744,998.03,BID,34
2020-01-13 09:30:00.035514744,998.05,BID,34
2020-01-13 09:30:00.035514744,998.12,BID,93
2020-01-13 09:30:00.035514744,998.13,BID,56
2020-01-13 09:30:00.035514744,998.14,BID,87
2020-01-13 09:30:00.035514744,998.16,BID,11
2020-01-13 09:30:00.035514744,998.26,BID,42
2020-01-13 09:30:00.035514744,998.28,BID,48
2020-01-13 09:30:00.035514744,998.31,BID,25
2020-01-13 09:30:00.035514744,998.36,BID,41
2020-01-13 09:30:00.035514744,998.4,BID,25
2020-01-13 09:30:00.035514744,998.44,BID,25
2020-01-13 09:30:00.035514744,998.47,BID,27
2020-01-13 09:30:00.035514744,998.5,BID,101
2020-01-13 09:30:00.035514744,998.59,BID,919
2020-01-13 09:30:00.035514744,999.84,ASK,52
2020-01-13 09:30:00.035514744,1000.18,ASK,47
2020-01-13 09:30:00.035514744,1000.35,ASK,32
2020-01-13 09:30:00.035514744,1000.66,ASK,22
2020-01-13 09:30:00.035514744,1000.8,ASK,49
2020-01-13 09:30:00.036498741,997.24,BID,42
2020-01-13 09:30:00.036498741,997.25,BID,21
2020-01-13 09:30:00.036498741,997.31,BID,48
2020-01-13 09:30:00.036498741,997.37,BID,34
2020-01-13 09:30:00.036498741,997.44,BID,26
2020-01-13 09:30:00.036498741,997.48,BID,40
2020-01-13 09:30:00.036498741,997.6,BID,27
2020-01-13 09:30:00.036498741,997.72,BID,23
2020-01-13 09:30:00.036498741,997.75,BID,20
2020-01-13 09:30:00.036498741,997.78,BID,46
2020-01-13 09:30:00.036498741,997.86,BID,39
2020-01-13 09:30:00.036498741,997.87,BID,44
2020-01-13 09:30:00.036498741,997.89,BID,65
2020-01-13 09:30:00.036498741,997.91,BID,2177
2020-01-13 09:30:00.036498741,998.03,BID,34
2020-01-13 09:30:00.036498741,998.05,BID,34
2020-01-13 09:30:00.036498741,998.12,BID,93
2020-01-13 09:30:00.036498741,998.13,BID,56
2020-01-13 09:30:00.036498741,998.14,BID,87
2020-01-13 09:30:00.036498741,998.16,BID,11
2020-01-13 09:30:00.036498741,998.26,BID,42
2020-01-13 09:30:00.036498741,998.28,BID,48
2020-01-13 09:30:00.036498741,998.31,BID,25
2020-01-13 09:30:00.036498741,998.36,BID,41
2020-01-13 09:30:00.036498741,998.4,BID,25
2020-01-13 09:30:00.036498741,998.42,BID,34
2020-01-13 09:30:00.036498741,998.44,BID,25
2020-01-13 09:30:00.036498741,998.47,BID,27
2020-01-13 09:30:00.036498741,998.5,BID,101
2020-01-13 09:30:00.036498741,998.59,BID,1422
2020-01-13 09:30:00.036498741,999.8,BID,182
2020-01-13 09:30:00.036498741,999.84,ASK,52
2020-01-13 09:30:00.036498741,1000.18,ASK,47
2020-01-13 09:30:00.036498741,1000.35,ASK,32
2020-01-13 09:30:00.036498741,1000.66,ASK,22
2020-01-13 09:30:00.036498741,1000.8,ASK,49
2020-01-13 09:30:00.037586738,997.24,BID,42
2020-01-13 09:30:00.037586738,997.25,BID,21
2020-01-13 09:30:00.037586738,997.31,BID,48
2020-01-13 09:30:00.037586738,997.37,BID,34
2020-01-13 09:30:00.037586738,997.44,BID,26
2020-01-13 09:30:00.037586738,997.48,BID,40
2020-01-13 09:30:00.037586738,997.6,BID,27
2020-01-13 09:30:00.037586738,997.72,BID,23
2020-01-13 09:30:00.037586738,997.75,BID,20
2020-01-13 09:30:00.037586738,997.78,BID,46
2020-01-13 09:30:00.037586738,997.86,BID,39
2020-01-13 09:30:00.037586738,997.87,BID,44
2020-01-13 09:30:00.037586738,997.89,BID,65
2020-01-13 09:30:00.037586738,997.91,BID,2177
2020-01-13 09:30:00.037586738,998.03,BID,34
2020-01-13 09:30:00.037586738,998.05,BID,34
2020-01-13 09:30:00.037586738,998.12,BID,93
2020-01-13 09:30:00.037586738,998.13,BID,56
2020-01-13 09:30:00.037586738,998.14,BID,87
2020-01-13 09:30:00.037586738,998.16,BID,11
2020-01-13 09:30:00.037586738,998.26,BID,42
2020-01-13 09:30:00.037586738,998.28,BID,48
2020-01-13 09:30:00.037586738,998.31,BID,25
2020-01-13 09:30:00.037586738,998.36,BID,41
2020-01-13 09:30:00.037586738,998.4,BID,25
2020-01-13 09:30:00.037586738,998.42,BID,34
2020-01-13 09:30:00.037586738,998.44,BID,25
2020-01-13 09:30:00.037586738,998.47,BID,27
2020-01-13 09:30:00.037586738,998.5,BID,101
2020-01-13 09:30:00.037586738,998.59,BID,1191
2020-01-13 09:30:00.037586738,999.45,ASK,702
2020-01-13 09:30:00.037586738,999.84,ASK,52
2020-01-13 09:30:00.037586738,1000.18,ASK,47
2020-01-13 09:30:00.037586738,1000.35,ASK,32
2020-01-13 09:30:00.037586738,1000.66,ASK,22
2020-01-13 09:30:00.037586738,1000.8,ASK,49
2020-01-13 09:30:02.700308998,997.31,BID,48
2020-01-13 09:30:02.700308998,997.44,BID,26
2020-01-13 09:30:02.700308998,997.6,BID,27
2020-01-13 09:30:02.700308998,997.72,BID,23
2020-01-13 09:30:02.700308998,997.75,BID,20
2020-01-13 09:30:02.700308998,997.78,BID,46
2020-01-13 09:30:02.700308998,997.86,BID,39
2020-01-13 09:30:02.700308998,997.87,BID,44
2020-01-13 09:30:02.700308998,997.89,BID,28
2020-01-13 09:30:02.700308998,997.91,BID,2177
2020-01-13 09:30:02.700308998,998.03,BID,34
2020-01-13 09:30:02.700308998,998.05,BID,34
2020-01-13 09:30:02.700308998,998.12,BID,48
2020-01-13 09:30:02.700308998,998.13,BID,28
2020-01-13 09:30:02.700308998,998.14,BID,87
2020-01-13 09:30:02.700308998,998.16,BID,11
2020-01-13 09:30:02.700308998,998.24,BID,21
2020-01-13 09:30:02.700308998,998.26,BID,42
2020-01-13 09:30:02.700308998,998.28,BID,48
2020-01-13 09:30:02.700308998,998.35,BID,33
2020-01-13 09:30:02.700308998,998.36,BID,41
2020-01-13 09:30:02.700308998,998.4,BID,25
2020-01-13 09:30:02.700308998,998.42,BID,34
2020-01-13 09:30:02.700308998,998.44,BID,25
2020-01-13 09:30:02.700308998,998.47,BID,27
2020-01-13 09:30:02.700308998,998.5,BID,101
2020-01-13 09:30:02.700308998,998.59,BID,1191
2020-01-13 09:30:02.700308998,998.8,BID,44
2020-01-13 09:30:02.700308998,999.08,BID,33
2020-01-13 09:30:02.700308998,999.18,BID,37
2020-01-13 09:30:02.700308998,999.31,BID,6
2020-01-13 09:30:02.700308998,999.37,BID,2
2020-01-13 09:30:02.700308998,999.38,BID,59
2020-01-13 09:30:02.700308998,999.39,BID,45
2020-01-13 09:30:02.700308998,999.41,BID,25
2020-01-13 09:30:02.700308998,999.44,ASK,32
2020-01-13 09:30:02.700308998,999.45,ASK,408
2020-01-13 09:30:02.700308998,999.46,ASK,32
2020-01-13 09:30:02.700308998,999.5,ASK,39
2020-01-13 09:30:02.700308998,999.6,ASK,29
2020-01-13 09:30:02.700308998,999.78,ASK,24
2020-01-13 09:30:02.700308998,999.84,ASK,31
2020-01-13 09:30:02.700308998,1000.18,ASK,47
2020-01-13 09:30:02.700308998,1000.35,ASK,32
2020-01-13 09:30:02.700308998,1000.66,ASK,22
2020-01-13 09:30:02.700308998,1000.8,ASK,49
2020-01-13 09:30:20.849771961,997.6,BID,27
2020-01-13 09:30:20.849771961,997.72,BID,100000
2020-01-13 09:30:20.849771961,997.91,BID,2135
2020-01-13 09:30:20.849771961,997.92,BID,78
2020-01-13 09:30:20.849771961,998.03,BID,34
2020-01-13 09:30:20.849771961,998.12,BID,101
2020-01-13 09:30:20.849771961,998.14,BID,46
2020-01-13 09:30:20.849771961,998.16,BID,11
2020-01-13 09:30:20.849771961,998.28,BID,48
2020-01-13 09:30:20.849771961,998.32,BID,78
2020-01-13 09:30:20.849771961,998.4,BID,25
2020-01-13 09:30:20.849771961,998.47,BID,27
2020-01-13 09:30:20.849771961,998.52,BID,78
2020-01-13 09:30:20.849771961,998.59,BID,1191
2020-01-13 09:30:20.849771961,998.72,BID,78
2020-01-13 09:30:20.849771961,998.92,BID,78
2020-01-13 09:30:20.849771961,999.12,BID,78
2020-01-13 09:30:20.849771961,999.31,BID,6
2020-01-13 09:30:20.849771961,999.32,BID,78
2020-01-13 09:30:20.849771961,999.38,BID,42
2020-01-13 09:30:20.849771961,999.39,BID,45
2020-01-13 09:30:20.849771961,999.41,BID,28
2020-01-13 09:30:20.849771961,999.44,BID,44
2020-01-13 09:30:20.849771961,999.45,BID,7
2020-01-13 09:30:20.849771961,999.46,BID,15
2020-01-13 09:30:20.849771961,999.48,BID,89
2020-01-13 09:30:20.849771961,999.49,BID,26
2020-01-13 09:30:20.849771961,999.52,BID,78
2020-01-13 09:30:20.849771961,999.53,BID,104
2020-01-13 09:30:20.849771961,999.54,BID,351
2020-01-13 09:30:20.849771961,999.55,BID,41
2020-01-13 09:30:20.849771961,999.56,BID,111
2020-01-13 09:30:20.849771961,999.57,ASK,29
2020-01-13 09:30:20.849771961,999.77,ASK,78
2020-01-13 09:30:20.849771961,999.97,ASK,78
2020-01-13 09:30:20.849771961,1000.17,ASK,78
2020-01-13 09:30:20.849771961,1000.35,ASK,32
2020-01-13 09:30:20.849771961,1000.37,ASK,78
2020-01-13 09:30:20.849771961,1000.57,ASK,78
2020-01-13 09:30:20.849771961,1000.77,ASK,78
2020-01-13 09:30:20.849771961,1000.8,ASK,49
2020-01-13 09:30:20.849771961,1000.97,ASK,78
2020-01-13 09:30:20.849771961,1001.17,ASK,78
2020-01-13 09:30:20.849771961,1001.37,ASK,100000
2020-01-13 09:30:42.991463919,997.6,BID,27
2020-01-13 09:30:42.991463919,997.91,BID,2135
2020-01-13 09:30:42.991463919,998.28,BID,48
2020-01-13 09:30:42.991463919,998.4,BID,25
2020-01-13 09:30:42.991463919,998.59,BID,1191
2020-01-13 09:30:42.991463919,998.88,BID,100000
2020-01-13 09:30:42.991463919,999.01,BID,70
2020-01-13 09:30:42.991463919,999.14,BID,70
2020-01-13 09:30:42.991463919,999.27,BID,70
2020-01-13 09:30:42.991463919,999.31,BID,6
2020-01-13 09:30:42.991463919,999.38,BID,42
2020-01-13 09:30:42.991463919,999.4,BID,70
2020-01-13 09:30:42.991463919,999.44,BID,24
2020-01-13 09:30:42.991463919,999.48,BID,68
2020-01-13 09:30:42.991463919,999.53,BID,70
2020-01-13 09:30:42.991463919,999.54,BID,102
2020-01-13 09:30:42.991463919,999.56,BID,37
2020-01-13 09:30:42.991463919,999.66,BID,70
2020-01-13 09:30:42.991463919,999.75,BID,25
2020-01-13 09:30:42.991463919,999.76,BID,37
2020-01-13 09:30:42.991463919,999.79,BID,70
2020-01-13 09:30:42.991463919,999.8,BID,48
2020-01-13 09:30:42.991463919,999.81,BID,21
2020-01-13 09:30:42.991463919,999.82,BID,45
2020-01-13 09:30:42.991463919,999.83,BID,20
2020-01-13 09:30:42.991463919,999.84,BID,19
2020-01-13 09:30:42.991463919,999.92,BID,70
2020-01-13 09:30:42.991463919,1000.01,BID,103
2020-01-13 09:30:42.991463919,1000.02,BID,100
2020-01-13 09:30:42.991463919,1000.03,BID,28
2020-01-13 09:30:42.991463919,1000.04,BID,73
2020-01-13 09:30:42.991463919,1000.05,BID,24
2020-01-13 09:30:42.991463919,1000.06,ASK,6
2020-01-13 09:30:42.991463919,1000.07,ASK,126
2020-01-13 09:30:42.991463919,1000.08,ASK,127
2020-01-13 09:30:42.991463919,1000.09,ASK,22
2020-01-13 09:30:42.991463919,1000.1,ASK,29
2020-01-13 09:30:42.991463919,1000.11,ASK,111
2020-01-13 09:30:42.991463919,1000.21,ASK,70
2020-01-13 09:30:42.991463919,1000.34,ASK,70
2020-01-13 09:30:42.991463919,1000.47,ASK,70
2020-01-13 09:30:42.991463919,1000.6,ASK,70
2020-01-13 09:30:42.991463919,1000.73,ASK,70
2020-01-13 09:30:42.991463919,1000.86,ASK,70
2020-01-13 09:30:42.991463919,1000.99,ASK,70
2020-01-13 09:30:42.991463919,1001.12,ASK,70
2020-01-13 09:30:42.991463919,1001.25,ASK,100000
2020-01-13 09:31:03.130372531,997.91,BID,2135
2020-01-13 09:31:03.130372531,998.4,BID,25
2020-01-13 09:31:03.130372531,998.59,BID,1191
2020-01-13 09:31:03.130372531,999.31,BID,6
2020-01-13 09:31:03.130372531,999.48,BID,34
2020-01-13 09:31:03.130372531,999.54,BID,32
2020-01-13 09:31:03.130372531,999.56,BID,37
2020-01-13 09:31:03.130372531,999.57,BID,100000
2020-01-13 09:31:03.130372531,999.63,BID,88
2020-01-13 09:31:03.130372531,999.69,BID,88
2020-01-13 09:31:03.130372531,999.75,BID,88
2020-01-13 09:31:03.130372531,999.81,BID,88
2020-01-13 09:31:03.130372531,999.83,BID,20
2020-01-13 09:31:03.130372531,999.84,BID,19
2020-01-13 09:31:03.130372531,999.87,BID,88
2020-01-13 09:31:03.130372531,999.93,BID,88
2020-01-13 09:31:03.130372531,999.99,BID,88
2020-01-13 09:31:03.130372531,1000.02,BID,32
2020-01-13 09:31:03.130372531,1000.03,BID,28
2020-01-13 09:31:03.130372531,1000.05,BID,88
2020-01-13 09:31:03.130372531,1000.07,BID,99
2020-01-13 09:31:03.130372531,1000.08,BID,31
2020-01-13 09:31:03.130372531,1000.09,BID,59
2020-01-13 09:31:03.130372531,1000.1,BID,71
2020-01-13 09:31:03.130372531,1000.11,BID,272
2020-01-13 09:31:03.130372531,1000.12,BID,5
2020-01-13 09:31:03.130372531,1000.13,ASK,43
2020-01-13 09:31:03.130372531,1000.14,ASK,36
2020-01-13 09:31:03.130372531,1000.15,ASK,76
2020-01-13 09:31:03.130372531,1000.18,ASK,88
2020-01-13 09:31:03.130372531,1000.24,ASK,88
2020-01-13 09:31:03.130372531,1000.3,ASK,88
2020-01-13 09:31:03.130372531,1000.36,ASK,88
2020-01-13 09:31:03.130372531,1000.42,ASK,88
2020-01-13 09:31:03.130372531,1000.48,ASK,88
2020-01-13 09:31:03.130372531,1000.54,ASK,88
2020-01-13 09:31:03.130372531,1000.6,ASK,88
2020-01-13 09:31:03.130372531,1000.66,ASK,100000
2020-01-13 09:31:22.001448267,997.91,BID,2135
2020-01-13 09:31:22.001448267,998.4,BID,25
2020-01-13 09:31:22.001448267,998.59,BID,1191
2020-01-13 09:31:22.001448267,999.31,BID,6
2020-01-13 09:31:22.001448267,999.56,BID,37
2020-01-13 09:31:22.001448267,999.7,BID,100000
2020-01-13 09:31:22.001448267,999.75,BID,120
2020-01-13 09:31:22.001448267,999.8,BID,120
2020-01-13 09:31:22.001448267,999.83,BID,20
2020-01-13 09:31:22.001448267,999.84,BID,19
2020-01-13 09:31:22.001448267,999.85,BID,120
2020-01-13 09:31:22.001448267,999.9,BID,120
2020-01-13 09:31:22.001448267,999.95,BID,120
2020-01-13 09:31:22.001448267,1000.0,BID,120
2020-01-13 09:31:22.001448267,1000.05,BID,120
2020-01-13 09:31:22.001448267,1000.07,BID,99
2020-01-13 09:31:22.001448267,1000.08,BID,31
2020-01-13 09:31:22.001448267,1000.1,BID,158
2020-01-13 09:31:22.001448267,1000.12,BID,89
2020-01-13 09:31:22.001448267,1000.13,BID,50
2020-01-13 09:31:22.001448267,1000.14,BID,54
2020-01-13 09:31:22.001448267,1000.15,BID,159
2020-01-13 09:31:22.001448267,1000.16,ASK,185
2020-01-13 09:31:22.001448267,1000.17,ASK,22
2020-01-13 09:31:22.001448267,1000.21,ASK,120
2020-01-13 09:31:22.001448267,1000.26,ASK,120
2020-01-13 09:31:22.001448267,1000.31,ASK,120
2020-01-13 09:31:22.001448267,1000.36,ASK,120
2020-01-13 09:31:22.001448267,1000.41,ASK,120
2020-01-13 09:31:22.001448267,1000.46,ASK,120
2020-01-13 09:31:22.001448267,1000.51,ASK,120
2020-01-13 09:31:22.001448267,1000.56,ASK,120
2020-01-13 09:31:22.001448267,1000.61,ASK,100000
2020-01-13 09:31:42.623216282,997.91,BID,2135
2020-01-13 09:31:42.623216282,998.59,BID,1191
2020-01-13 09:31:42.623216282,999.31,BID,6
2020-01-13 09:31:42.623216282,999.69,BID,100000
2020-01-13 09:31:42.623216282,999.74,BID,80
2020-01-13 09:31:42.623216282,999.79,BID,80
2020-01-13 09:31:42.623216282,999.84,BID,99
2020-01-13 09:31:42.623216282,999.89,BID,80
2020-01-13 09:31:42.623216282,999.94,BID,80
2020-01-13 09:31:42.623216282,999.99,BID,80
2020-01-13 09:31:42.623216282,1000.04,BID,80
2020-01-13 09:31:42.623216282,1000.09,BID,80
2020-01-13 09:31:42.623216282,1000.1,BID,38
2020-01-13 09:31:42.623216282,1000.11,BID,48
2020-01-13 09:31:42.623216282,1000.12,BID,132
2020-01-13 09:31:42.623216282,1000.13,BID,107
2020-01-13 09:31:42.623216282,1000.14,BID,59
2020-01-13 09:31:42.623216282,1000.15,ASK,14
2020-01-13 09:31:42.623216282,1000.16,ASK,102
2020-01-13 09:31:42.623216282,1000.17,ASK,22
2020-01-13 09:31:42.623216282,1000.2,ASK,80
2020-01-13 09:31:42.623216282,1000.25,ASK,80
2020-01-13 09:31:42.623216282,1000.3,ASK,80
2020-01-13 09:31:42.623216282,1000.35,ASK,80
2020-01-13 09:31:42.623216282,1000.4,ASK,80
2020-01-13 09:31:42.623216282,1000.45,ASK,80
2020-01-13 09:31:42.623216282,1000.5,ASK,80
2020-01-13 09:31:42.623216282,1000.55,ASK,80
2020-01-13 09:31:42.623216282,1000.6,ASK,100000
2020-01-13 09:32:01.050907711,997.91,BID,2135
2020-01-13 09:32:01.050907711,998.59,BID,1191
2020-01-13 09:32:01.050907711,999.31,BID,6
2020-01-13 09:32:01.050907711,999.69,BID,100000
2020-01-13 09:32:01.050907711,999.76,BID,72
2020-01-13 09:32:01.050907711,999.83,BID,72
2020-01-13 09:32:01.050907711,999.84,BID,19
2020-01-13 09:32:01.050907711,999.9,BID,72
2020-01-13 09:32:01.050907711,999.97,BID,72
2020-01-13 09:32:01.050907711,1000.04,BID,72
2020-01-13 09:32:01.050907711,1000.1,BID,38
2020-01-13 09:32:01.050907711,1000.11,BID,72
2020-01-13 09:32:01.050907711,1000.12,BID,40
2020-01-13 09:32:01.050907711,1000.13,BID,45
2020-01-13 09:32:01.050907711,1000.15,BID,74
2020-01-13 09:32:01.050907711,1000.16,BID,36
2020-01-13 09:32:01.050907711,1000.17,BID,6
2020-01-13 09:32:01.050907711,1000.18,BID,163
2020-01-13 09:32:01.050907711,1000.19,BID,37
2020-01-13 09:32:01.050907711,1000.2,BID,208
2020-01-13 09:32:01.050907711,1000.21,BID,6
2020-01-13 09:32:01.050907711,1000.23,BID,45
2020-01-13 09:32:01.050907711,1000.24,BID,15
2020-01-13 09:32:01.050907711,1000.25,BID,72
2020-01-13 09:32:01.050907711,1000.31,BID,3
2020-01-13 09:32:01.050907711,1000.32,BID,220
2020-01-13 09:32:01.050907711,1000.33,BID,17
2020-01-13 09:32:01.050907711,1000.4,BID,15
2020-01-13 09:32:01.050907711,1000.47,ASK,72
2020-01-13 09:32:01.050907711,1000.54,ASK,72
2020-01-13 09:32:01.050907711,1000.61,ASK,72
2020-01-13 09:32:01.050907711,1000.68,ASK,72
2020-01-13 09:32:01.050907711,1000.75,ASK,72
2020-01-13 09:32:01.050907711,1000.82,ASK,72
2020-01-13 09:32:01.050907711,1000.89,ASK,72
2020-01-13 09:32:01.050907711,1000.96,ASK,100000
2020-01-13 09:32:18.027589378,997.91,BID,2135
2020-01-13 09:32:18.027589378,998.59,BID,1191
2020-01-13 09:32:18.027589378,999.31,BID,6
2020-01-13 09:32:18.027589378,999.84,BID,19
2020-01-13 09:32:18.027589378,1000.08,BID,100000
2020-01-13 09:32:18.027589378,1000.1,BID,38
2020-01-13 09:32:18.027589378,1000.12,BID,40
2020-01-13 09:32:18.027589378,1000.13,BID,151
2020-01-13 09:32:18.027589378,1000.18,BID,153
2020-01-13 09:32:18.027589378,1000.2,BID,65
2020-01-13 09:32:18.027589378,1000.23,BID,124
2020-01-13 09:32:18.027589378,1000.28,BID,124
2020-01-13 09:32:18.027589378,1000.32,BID,39
2020-01-13 09:32:18.027589378,1000.33,BID,124
2020-01-13 09:32:18.027589378,1000.38,BID,124
2020-01-13 09:32:18.027589378,1000.4,BID,15
2020-01-13 09:32:18.027589378,1000.43,BID,124
2020-01-13 09:32:18.027589378,1000.46,BID,6
2020-01-13 09:32:18.027589378,1000.48,BID,166
2020-01-13 09:32:18.027589378,1000.49,BID,76
2020-01-13 09:32:18.027589378,1000.5,BID,20
2020-01-13 09:32:18.027589378,1000.52,BID,10
2020-01-13 09:32:18.027589378,1000.53,ASK,51
2020-01-13 09:32:18.027589378,1000.54,ASK,120
2020-01-13 09:32:18.027589378,1000.55,ASK,39
2020-01-13 09:32:18.027589378,1000.56,ASK,25
2020-01-13 09:32:18.027589378,1000.57,ASK,15
2020-01-13 09:32:18.027589378,1000.59,ASK,124
2020-01-13 09:32:18.027589378,1000.64,ASK,124
2020-01-13 09:32:18.027589378,1000.69,ASK,124
2020-01-13 09:32:18.027589378,1000.74,ASK,124
2020-01-13 09:32:18.027589378,1000.79,ASK,124
2020-01-13 09:32:18.027589378,1000.84,ASK,124
2020-01-13 09:32:18.027589378,1000.89,ASK,124
2020-01-13 09:32:18.027589378,1000.94,ASK,124
2020-01-13 09:32:18.027589378,1000.99,ASK,100000
2020-01-13 09:32:36.747916462,997.91,BID,2135
2020-01-13 09:32:36.747916462,998.59,BID,1191
2020-01-13 09:32:36.747916462,999.31,BID,6
2020-01-13 09:32:36.747916462,999.84,BID,19
2020-01-13 09:32:36.747916462,1000.08,BID,100000
2020-01-13 09:32:36.747916462,1000.1,BID,38
2020-01-13 09:32:36.747916462,1000.12,BID,40
2020-01-13 09:32:36.747916462,1000.13,BID,114
2020-01-13 09:32:36.747916462,1000.18,BID,114
2020-01-13 09:32:36.747916462,1000.2,BID,28
2020-01-13 09:32:36.747916462,1000.23,BID,114
2020-01-13 09:32:36.747916462,1000.28,BID,114
2020-01-13 09:32:36.747916462,1000.32,BID,39
2020-01-13 09:32:36.747916462,1000.33,BID,114
2020-01-13 09:32:36.747916462,1000.38,BID,114
2020-01-13 09:32:36.747916462,1000.43,BID,114
2020-01-13 09:32:36.747916462,1000.48,BID,114
2020-01-13 09:32:36.747916462,1000.5,BID,69
2020-01-13 09:32:36.747916462,1000.51,BID,50
2020-01-13 09:32:36.747916462,1000.52,BID,4
2020-01-13 09:32:36.747916462,1000.53,BID,29
2020-01-13 09:32:36.747916462,1000.54,ASK,244
2020-01-13 09:32:36.747916462,1000.56,ASK,26
2020-01-13 09:32:36.747916462,1000.57,ASK,25
2020-01-13 09:32:36.747916462,1000.59,ASK,114
2020-01-13 09:32:36.747916462,1000.64,ASK,114
2020-01-13 09:32:36.747916462,1000.69,ASK,114
2020-01-13 09:32:36.747916462,1000.74,ASK,114
2020-01-13 09:32:36.747916462,1000.79,ASK,114
2020-01-13 09:32:36.747916462,1000.84,ASK,114
2020-01-13 09:32:36.747916462,1000.89,ASK,114
2020-01-13 09:32:36.747916462,1000.94,ASK,114
2020-01-13 09:32:36.747916462,1000.99,ASK,100000
2020-01-13 09:32:56.379248233,997.91,BID,2135
2020-01-13 09:32:56.379248233,998.59,BID,1191
2020-01-13 09:32:56.379248233,999.31,BID,6
2020-01-13 09:32:56.379248233,999.84,BID,19
2020-01-13 09:32:56.379248233,1000.1,BID,38
2020-01-13 09:32:56.379248233,1000.12,BID,100000
2020-01-13 09:32:56.379248233,1000.17,BID,102
2020-01-13 09:32:56.379248233,1000.22,BID,102
2020-01-13 09:32:56.379248233,1000.27,BID,102
2020-01-13 09:32:56.379248233,1000.32,BID,141
2020-01-13 09:32:56.379248233,1000.37,BID,102
2020-01-13 09:32:56.379248233,1000.42,BID,102
2020-01-13 09:32:56.379248233,1000.47,BID,102
2020-01-13 09:32:56.379248233,1000.5,BID,61
2020-01-13 09:32:56.379248233,1000.51,BID,135
2020-01-13 09:32:56.379248233,1000.52,BID,122
2020-01-13 09:32:56.379248233,1000.54,ASK,54
2020-01-13 09:32:56.379248233,1000.55,ASK,76
2020-01-13 09:32:56.379248233,1000.57,ASK,11
2020-01-13 09:32:56.379248233,1000.58,ASK,73
2020-01-13 09:32:56.379248233,1000.59,ASK,40
2020-01-13 09:32:56.379248233,1000.6,ASK,21
2020-01-13 09:32:56.379248233,1000.63,ASK,102
2020-01-13 09:32:56.379248233,1000.68,ASK,102
2020-01-13 09:32:56.379248233,1000.73,ASK,102
2020-01-13 09:32:56.379248233,1000.78,ASK,102
2020-01-13 09:32:56.379248233,1000.83,ASK,102
2020-01-13 09:32:56.379248233,1000.88,ASK,102
2020-01-13 09:32:56.379248233,1000.93,ASK,102
2020-01-13 09:32:56.379248233,1000.98,ASK,102
2020-01-13 09:32:56.379248233,1001.03,ASK,100000
2020-01-13 09:33:16.829378237,997.91,BID,2135
2020-01-13 09:33:16.829378237,998.59,BID,1191
2020-01-13 09:33:16.829378237,999.31,BID,6
2020-01-13 09:33:16.829378237,999.84,BID,19
2020-01-13 09:33:16.829378237,1000.05,BID,100000
2020-01-13 09:33:16.829378237,1000.1,BID,154
2020-01-13 09:33:16.829378237,1000.15,BID,116
2020-01-13 09:33:16.829378237,1000.2,BID,116
2020-01-13 09:33:16.829378237,1000.25,BID,116
2020-01-13 09:33:16.829378237,1000.3,BID,116
2020-01-13 09:33:16.829378237,1000.35,BID,116
2020-01-13 09:33:16.829378237,1000.4,BID,116
2020-01-13 09:33:16.829378237,1000.45,BID,5
2020-01-13 09:33:16.829378237,1000.46,ASK,222
2020-01-13 09:33:16.829378237,1000.47,ASK,35
2020-01-13 09:33:16.829378237,1000.48,ASK,40
2020-01-13 09:33:16.829378237,1000.5,ASK,33
2020-01-13 09:33:16.829378237,1000.51,ASK,178
2020-01-13 09:33:16.829378237,1000.53,ASK,44
2020-01-13 09:33:16.829378237,1000.54,ASK,36
2020-01-13 09:33:16.829378237,1000.55,ASK,37
2020-01-13 09:33:16.829378237,1000.56,ASK,116
2020-01-13 09:33:16.829378237,1000.58,ASK,28
2020-01-13 09:33:16.829378237,1000.61,ASK,116
2020-01-13 09:33:16.829378237,1000.66,ASK,116
2020-01-13 09:33:16.829378237,1000.71,ASK,116
2020-01-13 09:33:16.829378237,1000.76,ASK,116
2020-01-13 09:33:16.829378237,1000.81,ASK,116
2020-01-13 09:33:16.829378237,1000.86,ASK,116
2020-01-13 09:33:16.829378237,1000.91,ASK,116
2020-01-13 09:33:16.829378237,1000.96,ASK,100000
2020-01-13 09:33:37.408242403,997.91,BID,2135
2020-01-13 09:33:37.408242403,998.59,BID,1191
2020-01-13 09:33:37.408242403,999.31,BID,6
2020-01-13 09:33:37.408242403,999.57,BID,50000
2020-01-13 09:33:37.408242403,999.65,BID,39
2020-01-13 09:33:37.408242403,999.66,BID,50000
2020-01-13 09:33:37.408242403,999.73,BID,78
2020-01-13 09:33:37.408242403,999.8,BID,39
2020-01-13 09:33:37.408242403,999.81,BID,39
2020-01-13 09:33:37.408242403,999.84,BID,19
2020-01-13 09:33:37.408242403,999.87,BID,39
2020-01-13 09:33:37.408242403,999.89,BID,39
2020-01-13 09:33:37.408242403,999.94,BID,39
2020-01-13 09:33:37.408242403,999.97,BID,39
2020-01-13 09:33:37.408242403,1000.01,BID,39
2020-01-13 09:33:37.408242403,1000.05,BID,39
2020-01-13 09:33:37.408242403,1000.08,BID,39
2020-01-13 09:33:37.408242403,1000.1,BID,38
2020-01-13 09:33:37.408242403,1000.13,BID,39
2020-01-13 09:33:37.408242403,1000.15,BID,39
2020-01-13 09:33:37.408242403,1000.21,BID,39
2020-01-13 09:33:37.408242403,1000.22,BID,39
2020-01-13 09:33:37.408242403,1000.27,BID,58
2020-01-13 09:33:37.408242403,1000.29,BID,74
2020-01-13 09:33:37.408242403,1000.3,ASK,161
2020-01-13 09:33:37.408242403,1000.31,ASK,29
2020-01-13 09:33:37.408242403,1000.37,ASK,39
2020-01-13 09:33:37.408242403,1000.38,ASK,39
2020-01-13 09:33:37.408242403,1000.39,ASK,37
2020-01-13 09:33:37.408242403,1000.41,ASK,31
2020-01-13 09:33:37.408242403,1000.42,ASK,34
2020-01-13 09:33:37.408242403,1000.44,ASK,39
2020-01-13 09:33:37.408242403,1000.46,ASK,256
2020-01-13 09:33:37.408242403,1000.47,ASK,41
2020-01-13 09:33:37.408242403,1000.49,ASK,37
2020-01-13 09:33:37.408242403,1000.51,ASK,112
2020-01-13 09:33:37.408242403,1000.53,ASK,44
2020-01-13 09:33:37.408242403,1000.54,ASK,39
2020-01-13 09:33:37.408242403,1000.55,ASK,37
2020-01-13 09:33:37.408242403,1000.58,ASK,39
2020-01-13 09:33:37.408242403,1000.62,ASK,39
2020-01-13 09:33:37.408242403,1000.65,ASK,39
2020-01-13 09:33:37.408242403,1000.7,ASK,39
2020-01-13 09:33:37.408242403,1000.72,ASK,39
2020-01-13 09:33:37.408242403,1000.78,ASK,39
2020-01-13 09:33:37.408242403,1000.79,ASK,39
2020-01-13 09:33:37.408242403,1000.86,ASK,78
2020-01-13 09:33:37.408242403,1000.93,ASK,50000
2020-01-13 09:33:37.408242403,1000.94,ASK,39
2020-01-13 09:33:37.408242403,1001.02,ASK,50000
2020-01-13 09:33:56.044744602,997.91,BID,2135
2020-01-13 09:33:56.044744602,998.59,BID,1191
2020-01-13 09:33:56.044744602,999.31,BID,6
2020-01-13 09:33:56.044744602,999.67,BID,50000
2020-01-13 09:33:56.044744602,999.73,BID,47
2020-01-13 09:33:56.044744602,999.76,BID,50000
2020-01-13 09:33:56.044744602,999.79,BID,47
2020-01-13 09:33:56.044744602,999.81,BID,47
2020-01-13 09:33:56.044744602,999.84,BID,19
2020-01-13 09:33:56.044744602,999.85,BID,47
2020-01-13 09:33:56.044744602,999.86,BID,47
2020-01-13 09:33:56.044744602,999.91,BID,94
2020-01-13 09:33:56.044744602,999.96,BID,47
2020-01-13 09:33:56.044744602,999.97,BID,47
2020-01-13 09:33:56.044744602,1000.01,BID,47
2020-01-13 09:33:56.044744602,1000.03,BID,47
2020-01-13 09:33:56.044744602,1000.06,BID,47
2020-01-13 09:33:56.044744602,1000.09,BID,47
2020-01-13 09:33:56.044744602,1000.1,BID,38
2020-01-13 09:33:56.044744602,1000.11,BID,47
2020-01-13 09:33:56.044744602,1000.15,BID,47
2020-01-13 09:33:56.044744602,1000.16,BID,47
2020-01-13 09:33:56.044744602,1000.21,BID,83
2020-01-13 09:33:56.044744602,1000.22,ASK,123
2020-01-13 09:33:56.044744602,1000.23,ASK,39
2020-01-13 09:33:56.044744602,1000.27,ASK,47
2020-01-13 09:33:56.044744602,1000.28,ASK,96
2020-01-13 09:33:56.044744602,1000.29,ASK,119
2020-01-13 09:33:56.044744602,1000.3,ASK,95
2020-01-13 09:33:56.044744602,1000.32,ASK,47
2020-01-13 09:33:56.044744602,1000.34,ASK,47
2020-01-13 09:33:56.044744602,1000.37,ASK,47
2020-01-13 09:33:56.044744602,1000.4,ASK,47
2020-01-13 09:33:56.044744602,1000.42,ASK,47
2020-01-13 09:33:56.044744602,1000.46,ASK,104
2020-01-13 09:33:56.044744602,1000.47,ASK,47
2020-01-13 09:33:56.044744602,1000.52,ASK,94
2020-01-13 09:33:56.044744602,1000.53,ASK,44
2020-01-13 09:33:56.044744602,1000.57,ASK,47
2020-01-13 09:33:56.044744602,1000.58,ASK,47
2020-01-13 09:33:56.044744602,1000.62,ASK,47
2020-01-13 09:33:56.044744602,1000.64,ASK,47
2020-01-13 09:33:56.044744602,1000.67,ASK,50000
2020-01-13 09:33:56.044744602,1000.7,ASK,47
2020-01-13 09:33:56.044744602,1000.76,ASK,50000
2020-01-13 09:34:13.478531860,997.91,BID,2135
2020-01-13 09:34:13.478531860,998.59,BID,1191
2020-01-13 09:34:13.478531860,999.28,BID,50000
2020-01-13 09:34:13.478531860,999.31,BID,6
2020-01-13 09:34:13.478531860,999.37,BID,55
2020-01-13 09:34:13.478531860,999.46,BID,55
2020-01-13 09:34:13.478531860,999.55,BID,55
2020-01-13 09:34:13.478531860,999.64,BID,50055
2020-01-13 09:34:13.478531860,999.69,BID,55
2020-01-13 09:34:13.478531860,999.73,BID,55
2020-01-13 09:34:13.478531860,999.74,BID,55
2020-01-13 09:34:13.478531860,999.79,BID,55
2020-01-13 09:34:13.478531860,999.82,BID,55
2020-01-13 09:34:13.478531860,999.84,BID,74
2020-01-13 09:34:13.478531860,999.89,BID,55
2020-01-13 09:34:13.478531860,999.91,BID,55
2020-01-13 09:34:13.478531860,999.94,BID,55
2020-01-13 09:34:13.478531860,999.99,BID,55
2020-01-13 09:34:13.478531860,1000.0,BID,55
2020-01-13 09:34:13.478531860,1000.02,ASK,18
2020-01-13 09:34:13.478531860,1000.04,ASK,4
2020-01-13 09:34:13.478531860,1000.05,ASK,35
2020-01-13 09:34:13.478531860,1000.06,ASK,45
2020-01-13 09:34:13.478531860,1000.07,ASK,24
2020-01-13 09:34:13.478531860,1000.09,ASK,1
2020-01-13 09:34:13.478531860,1000.1,ASK,270
2020-01-13 09:34:13.478531860,1000.11,ASK,127
2020-01-13 09:34:13.478531860,1000.12,ASK,40
2020-01-13 09:34:13.478531860,1000.13,ASK,72
2020-01-13 09:34:13.478531860,1000.14,ASK,36
2020-01-13 09:34:13.478531860,1000.15,ASK,55
2020-01-13 09:34:13.478531860,1000.16,ASK,55
2020-01-13 09:34:13.478531860,1000.17,ASK,27
2020-01-13 09:34:13.478531860,1000.18,ASK,105
2020-01-13 09:34:13.478531860,1000.19,ASK,99
2020-01-13 09:34:13.478531860,1000.2,ASK,55
2020-01-13 09:34:13.478531860,1000.22,ASK,51
2020-01-13 09:34:13.478531860,1000.23,ASK,39
2020-01-13 09:34:13.478531860,1000.25,ASK,55
2020-01-13 09:34:13.478531860,1000.28,ASK,55
2020-01-13 09:34:13.478531860,1000.29,ASK,37
2020-01-13 09:34:13.478531860,1000.3,ASK,55
2020-01-13 09:34:13.478531860,1000.35,ASK,55
2020-01-13 09:34:13.478531860,1000.37,ASK,55
2020-01-13 09:34:13.478531860,1000.4,ASK,55
2020-01-13 09:34:13.478531860,1000.45,ASK,55
2020-01-13 09:34:13.478531860,1000.46,ASK,68
2020-01-13 09:34:13.478531860,1000.5,ASK,55
2020-01-13 09:34:13.478531860,1000.53,ASK,44
2020-01-13 09:34:13.478531860,1000.55,ASK,50055
2020-01-13 09:34:13.478531860,1000.64,ASK,55
2020-01-13 09:34:13.478531860,1000.73,ASK,55
2020-01-13 09:34:13.478531860,1000.82,ASK,55
2020-01-13 09:34:13.478531860,1000.91,ASK,50000
2020-01-13 09:34:33.000483122,997.91,BID,2135
2020-01-13 09:34:33.000483122,998.59,BID,1191
2020-01-13 09:34:33.000483122,999.31,BID,6
2020-01-13 09:34:33.000483122,999.59,BID,100000
2020-01-13 09:34:33.000483122,999.64,BID,92
2020-01-13 09:34:33.000483122,999.69,BID,92
2020-01-13 09:34:33.000483122,999.74,BID,92
2020-01-13 09:34:33.000483122,999.79,BID,92
2020-01-13 09:34:33.000483122,999.84,BID,111
2020-01-13 09:34:33.000483122,999.89,BID,92
2020-01-13 09:34:33.000483122,999.94,BID,92
2020-01-13 09:34:33.000483122,999.99,BID,92
2020-01-13 09:34:33.000483122,1000.0,BID,37
2020-01-13 09:34:33.000483122,1000.01,BID,63
2020-01-13 09:34:33.000483122,1000.03,ASK,7
2020-01-13 09:34:33.000483122,1000.04,ASK,16
2020-01-13 09:34:33.000483122,1000.05,ASK,228
2020-01-13 09:34:33.000483122,1000.06,ASK,11
2020-01-13 09:34:33.000483122,1000.1,ASK,92
2020-01-13 09:34:33.000483122,1000.13,ASK,34
2020-01-13 09:34:33.000483122,1000.15,ASK,92
2020-01-13 09:34:33.000483122,1000.16,ASK,26
2020-01-13 09:34:33.000483122,1000.2,ASK,92
2020-01-13 09:34:33.000483122,1000.22,ASK,8
2020-01-13 09:34:33.000483122,1000.25,ASK,92
2020-01-13 09:34:33.000483122,1000.3,ASK,92
2020-01-13 09:34:33.000483122,1000.35,ASK,92
2020-01-13 09:34:33.000483122,1000.4,ASK,92
2020-01-13 09:34:33.000483122,1000.45,ASK,92
2020-01-13 09:34:33.000483122,1000.46,ASK,13
2020-01-13 09:34:33.000483122,1000.5,ASK,100000
