AgentID,AgentStrategy,EventType,Event
1,NoiseAgent,STARTING_CASH,10000000.0
2,NoiseAgent,STARTING_CASH,10000000.0
3,NoiseAgent,STARTING_CASH,10000000.0
4,NoiseAgent,STARTING_CASH,10000000.0
5,NoiseAgent,STARTING_CASH,10000000.0
6,NoiseAgent,STARTING_CASH,10000000.0
7,NoiseAgent,STARTING_CASH,10000000.0
8,NoiseAgent,STARTING_CASH,10000000.0
9,NoiseAgent,STARTING_CASH,10000000.0
10,NoiseAgent,STARTING_CASH,10000000.0
11,NoiseAgent,STARTING_CASH,10000000.0
12,NoiseAgent,STARTING_CASH,10000000.0
13,NoiseAgent,STARTING_CASH,10000000.0
14,NoiseAgent,STARTING_CASH,10000000.0
15,NoiseAgent,STARTING_CASH,10000000.0
16,NoiseAgent,STARTING_CASH,10000000.0
17,NoiseAgent,STARTING_CASH,10000000.0
18,NoiseAgent,STARTING_CASH,10000000.0
19,NoiseAgent,STARTING_CASH,10000000.0
20,NoiseAgent,STARTING_CASH,10000000.0
21,NoiseAgent,STARTING_CASH,10000000.0
22,NoiseAgent,STARTING_CASH,10000000.0
23,NoiseAgent,STARTING_CASH,10000000.0
24,NoiseAgent,STARTING_CASH,10000000.0
25,NoiseAgent,STARTING_CASH,10000000.0
26,NoiseAgent,STARTING_CASH,10000000.0
27,NoiseAgent,STARTING_CASH,10000000.0
28,NoiseAgent,STARTING_CASH,10000000.0
29,NoiseAgent,STARTING_CASH,10000000.0
30,NoiseAgent,STARTING_CASH,10000000.0
31,NoiseAgent,STARTING_CASH,10000000.0
32,NoiseAgent,STARTING_CASH,10000000.0
33,NoiseAgent,STARTING_CASH,10000000.0
34,NoiseAgent,STARTING_CASH,10000000.0
35,NoiseAgent,STARTING_CASH,10000000.0
36,NoiseAgent,STARTING_CASH,10000000.0
37,NoiseAgent,STARTING_CASH,10000000.0
38,NoiseAgent,STARTING_CASH,10000000.0
39,NoiseAgent,STARTING_CASH,10000000.0
40,NoiseAgent,STARTING_CASH,10000000.0
41,NoiseAgent,STARTING_CASH,10000000.0
42,NoiseAgent,STARTING_CASH,10000000.0
43,NoiseAgent,STARTING_CASH,10000000.0
44,NoiseAgent,STARTING_CASH,10000000.0
45,NoiseAgent,STARTING_CASH,10000000.0
46,NoiseAgent,STARTING_CASH,10000000.0
47,NoiseAgent,STARTING_CASH,10000000.0
48,NoiseAgent,STARTING_CASH,10000000.0
49,NoiseAgent,STARTING_CASH,10000000.0
50,NoiseAgent,STARTING_CASH,10000000.0
51,NoiseAgent,STARTING_CASH,10000000.0
52,NoiseAgent,STARTING_CASH,10000000.0
53,NoiseAgent,STARTING_CASH,10000000.0
54,NoiseAgent,STARTING_CASH,10000000.0
55,NoiseAgent,STARTING_CASH,10000000.0
56,NoiseAgent,STARTING_CASH,10000000.0
57,NoiseAgent,STARTING_CASH,10000000.0
58,NoiseAgent,STARTING_CASH,10000000.0
59,NoiseAgent,STARTING_CASH,10000000.0
60,NoiseAgent,STARTING_CASH,10000000.0
61,NoiseAgent,STARTING_CASH,10000000.0
62,NoiseAgent,STARTING_CASH,10000000.0
63,NoiseAgent,STARTING_CASH,10000000.0
64,NoiseAgent,STARTING_CASH,10000000.0
65,NoiseAgent,STARTING_CASH,10000000.0
66,NoiseAgent,STARTING_CASH,10000000.0
67,NoiseAgent,STARTING_CASH,10000000.0
68,NoiseAgent,STARTING_CASH,10000000.0
69,NoiseAgent,STARTING_CASH,10000000.0
70,NoiseAgent,STARTING_CASH,10000000.0
71,NoiseAgent,STARTING_CASH,10000000.0
72,NoiseAgent,STARTING_CASH,10000000.0
73,NoiseAgent,STARTING_CASH,10000000.0
74,NoiseAgent,STARTING_CASH,10000000.0
75,NoiseAgent,STARTING_CASH,10000000.0
76,NoiseAgent,STARTING_CASH,10000000.0
77,NoiseAgent,STARTING_CASH,10000000.0
78,NoiseAgent,STARTING_CASH,10000000.0
79,NoiseAgent,STARTING_CASH,10000000.0
80,NoiseAgent,STARTING_CASH,10000000.0
81,NoiseAgent,STARTING_CASH,10000000.0
82,NoiseAgent,STARTING_CASH,10000000.0
83,NoiseAgent,STARTING_CASH,10000000.0
84,NoiseAgent,STARTING_CASH,10000000.0
85,NoiseAgent,STARTING_CASH,10000000.0
86,NoiseAgent,STARTING_CASH,10000000.0
87,NoiseAgent,STARTING_CASH,10000000.0
88,NoiseAgent,STARTING_CASH,10000000.0
89,NoiseAgent,STARTING_CASH,10000000.0
90,NoiseAgent,STARTING_CASH,10000000.0
91,NoiseAgent,STARTING_CASH,10000000.0
92,NoiseAgent,STARTING_CASH,10000000.0
93,NoiseAgent,STARTING_CASH,10000000.0
94,NoiseAgent,STARTING_CASH,10000000.0
95,NoiseAgent,STARTING_CASH,10000000.0
96,NoiseAgent,STARTING_CASH,10000000.0
97,NoiseAgent,STARTING_CASH,10000000.0
98,NoiseAgent,STARTING_CASH,10000000.0
99,NoiseAgent,STARTING_CASH,10000000.0
100,NoiseAgent,STARTING_CASH,10000000.0
101,NoiseAgent,STARTING_CASH,10000000.0
102,NoiseAgent,STARTING_CASH,10000000.0
103,NoiseAgent,STARTING_CASH,10000000.0
104,NoiseAgent,STARTING_CASH,10000000.0
105,NoiseAgent,STARTING_CASH,10000000.0
106,NoiseAgent,STARTING_CASH,10000000.0
107,NoiseAgent,STARTING_CASH,10000000.0
108,NoiseAgent,STARTING_CASH,10000000.0
109,NoiseAgent,STARTING_CASH,10000000.0
110,NoiseAgent,STARTING_CASH,10000000.0
111,NoiseAgent,STARTING_CASH,10000000.0
112,NoiseAgent,STARTING_CASH,10000000.0
113,NoiseAgent,STARTING_CASH,10000000.0
114,NoiseAgent,STARTING_CASH,10000000.0
115,NoiseAgent,STARTING_CASH,10000000.0
116,NoiseAgent,STARTING_CASH,10000000.0
117,NoiseAgent,STARTING_CASH,10000000.0
118,NoiseAgent,STARTING_CASH,10000000.0
119,NoiseAgent,STARTING_CASH,10000000.0
120,NoiseAgent,STARTING_CASH,10000000.0
121,NoiseAgent,STARTING_CASH,10000000.0
122,NoiseAgent,STARTING_CASH,10000000.0
123,NoiseAgent,STARTING_CASH,10000000.0
124,NoiseAgent,STARTING_CASH,10000000.0
125,NoiseAgent,STARTING_CASH,10000000.0
126,NoiseAgent,STARTING_CASH,10000000.0
127,NoiseAgent,STARTING_CASH,10000000.0
128,NoiseAgent,STARTING_CASH,10000000.0
129,NoiseAgent,STARTING_CASH,10000000.0
130,NoiseAgent,STARTING_CASH,10000000.0
131,NoiseAgent,STARTING_CASH,10000000.0
132,NoiseAgent,STARTING_CASH,10000000.0
133,NoiseAgent,STARTING_CASH,10000000.0
134,NoiseAgent,STARTING_CASH,10000000.0
135,NoiseAgent,STARTING_CASH,10000000.0
136,NoiseAgent,STARTING_CASH,10000000.0
137,NoiseAgent,STARTING_CASH,10000000.0
138,NoiseAgent,STARTING_CASH,10000000.0
139,NoiseAgent,STARTING_CASH,10000000.0
140,NoiseAgent,STARTING_CASH,10000000.0
141,NoiseAgent,STARTING_CASH,10000000.0
142,NoiseAgent,STARTING_CASH,10000000.0
143,NoiseAgent,STARTING_CASH,10000000.0
144,NoiseAgent,STARTING_CASH,10000000.0
145,NoiseAgent,STARTING_CASH,10000000.0
146,NoiseAgent,STARTING_CASH,10000000.0
147,NoiseAgent,STARTING_CASH,10000000.0
148,NoiseAgent,STARTING_CASH,10000000.0
149,NoiseAgent,STARTING_CASH,10000000.0
150,NoiseAgent,STARTING_CASH,10000000.0
151,NoiseAgent,STARTING_CASH,10000000.0
152,NoiseAgent,STARTING_CASH,10000000.0
153,NoiseAgent,STARTING_CASH,10000000.0
154,NoiseAgent,STARTING_CASH,10000000.0
155,NoiseAgent,STARTING_CASH,10000000.0
156,NoiseAgent,STARTING_CASH,10000000.0
157,NoiseAgent,STARTING_CASH,10000000.0
158,NoiseAgent,STARTING_CASH,10000000.0
159,NoiseAgent,STARTING_CASH,10000000.0
160,NoiseAgent,STARTING_CASH,10000000.0
161,NoiseAgent,STARTING_CASH,10000000.0
162,NoiseAgent,STARTING_CASH,10000000.0
163,NoiseAgent,STARTING_CASH,10000000.0
164,NoiseAgent,STARTING_CASH,10000000.0
165,NoiseAgent,STARTING_CASH,10000000.0
166,NoiseAgent,STARTING_CASH,10000000.0
167,NoiseAgent,STARTING_CASH,10000000.0
168,NoiseAgent,STARTING_CASH,10000000.0
169,NoiseAgent,STARTING_CASH,10000000.0
170,NoiseAgent,STARTING_CASH,10000000.0
171,NoiseAgent,STARTING_CASH,10000000.0
172,NoiseAgent,STARTING_CASH,10000000.0
173,NoiseAgent,STARTING_CASH,10000000.0
174,NoiseAgent,STARTING_CASH,10000000.0
175,NoiseAgent,STARTING_CASH,10000000.0
176,NoiseAgent,STARTING_CASH,10000000.0
177,NoiseAgent,STARTING_CASH,10000000.0
178,NoiseAgent,STARTING_CASH,10000000.0
179,NoiseAgent,STARTING_CASH,10000000.0
180,NoiseAgent,STARTING_CASH,10000000.0
181,NoiseAgent,STARTING_CASH,10000000.0
182,NoiseAgent,STARTING_CASH,10000000.0
183,NoiseAgent,STARTING_CASH,10000000.0
184,NoiseAgent,STARTING_CASH,10000000.0
185,NoiseAgent,STARTING_CASH,10000000.0
186,NoiseAgent,STARTING_CASH,10000000.0
187,NoiseAgent,STARTING_CASH,10000000.0
188,NoiseAgent,STARTING_CASH,10000000.0
189,NoiseAgent,STARTING_CASH,10000000.0
190,NoiseAgent,STARTING_CASH,10000000.0
191,NoiseAgent,STARTING_CASH,10000000.0
192,NoiseAgent,STARTING_CASH,10000000.0
193,NoiseAgent,STARTING_CASH,10000000.0
194,NoiseAgent,STARTING_CASH,10000000.0
195,NoiseAgent,STARTING_CASH,10000000.0
196,NoiseAgent,STARTING_CASH,10000000.0
197,NoiseAgent,STARTING_CASH,10000000.0
198,NoiseAgent,STARTING_CASH,10000000.0
199,NoiseAgent,STARTING_CASH,10000000.0
200,NoiseAgent,STARTING_CASH,10000000.0
201,NoiseAgent,STARTING_CASH,10000000.0
202,NoiseAgent,STARTING_CASH,10000000.0
203,NoiseAgent,STARTING_CASH,10000000.0
204,NoiseAgent,STARTING_CASH,10000000.0
205,NoiseAgent,STARTING_CASH,10000000.0
206,NoiseAgent,STARTING_CASH,10000000.0
207,NoiseAgent,STARTING_CASH,10000000.0
208,NoiseAgent,STARTING_CASH,10000000.0
209,NoiseAgent,STARTING_CASH,10000000.0
210,NoiseAgent,STARTING_CASH,10000000.0
211,NoiseAgent,STARTING_CASH,10000000.0
212,NoiseAgent,STARTING_CASH,10000000.0
213,NoiseAgent,STARTING_CASH,10000000.0
214,NoiseAgent,STARTING_CASH,10000000.0
215,NoiseAgent,STARTING_CASH,10000000.0
216,NoiseAgent,STARTING_CASH,10000000.0
217,NoiseAgent,STARTING_CASH,10000000.0
218,NoiseAgent,STARTING_CASH,10000000.0
219,NoiseAgent,STARTING_CASH,10000000.0
220,NoiseAgent,STARTING_CASH,10000000.0
221,NoiseAgent,STARTING_CASH,10000000.0
222,NoiseAgent,STARTING_CASH,10000000.0
223,NoiseAgent,STARTING_CASH,10000000.0
224,NoiseAgent,STARTING_CASH,10000000.0
225,NoiseAgent,STARTING_CASH,10000000.0
226,NoiseAgent,STARTING_CASH,10000000.0
227,NoiseAgent,STARTING_CASH,10000000.0
228,NoiseAgent,STARTING_CASH,10000000.0
229,NoiseAgent,STARTING_CASH,10000000.0
230,NoiseAgent,STARTING_CASH,10000000.0
231,NoiseAgent,STARTING_CASH,10000000.0
232,NoiseAgent,STARTING_CASH,10000000.0
233,NoiseAgent,STARTING_CASH,10000000.0
234,NoiseAgent,STARTING_CASH,10000000.0
235,NoiseAgent,STARTING_CASH,10000000.0
236,NoiseAgent,STARTING_CASH,10000000.0
237,NoiseAgent,STARTING_CASH,10000000.0
238,NoiseAgent,STARTING_CASH,10000000.0
239,NoiseAgent,STARTING_CASH,10000000.0
240,NoiseAgent,STARTING_CASH,10000000.0
241,NoiseAgent,STARTING_CASH,10000000.0
242,NoiseAgent,STARTING_CASH,10000000.0
243,NoiseAgent,STARTING_CASH,10000000.0
244,NoiseAgent,STARTING_CASH,10000000.0
245,NoiseAgent,STARTING_CASH,10000000.0
246,NoiseAgent,STARTING_CASH,10000000.0
247,NoiseAgent,STARTING_CASH,10000000.0
248,NoiseAgent,STARTING_CASH,10000000.0
249,NoiseAgent,STARTING_CASH,10000000.0
250,NoiseAgent,STARTING_CASH,10000000.0
251,NoiseAgent,STARTING_CASH,10000000.0
252,NoiseAgent,STARTING_CASH,10000000.0
253,NoiseAgent,STARTING_CASH,10000000.0
254,NoiseAgent,STARTING_CASH,10000000.0
255,NoiseAgent,STARTING_CASH,10000000.0
256,NoiseAgent,STARTING_CASH,10000000.0
257,NoiseAgent,STARTING_CASH,10000000.0
258,NoiseAgent,STARTING_CASH,10000000.0
259,NoiseAgent,STARTING_CASH,10000000.0
260,NoiseAgent,STARTING_CASH,10000000.0
261,NoiseAgent,STARTING_CASH,10000000.0
262,NoiseAgent,STARTING_CASH,10000000.0
263,NoiseAgent,STARTING_CASH,10000000.0
264,NoiseAgent,STARTING_CASH,10000000.0
265,NoiseAgent,STARTING_CASH,10000000.0
266,NoiseAgent,STARTING_CASH,10000000.0
267,NoiseAgent,STARTING_CASH,10000000.0
268,NoiseAgent,STARTING_CASH,10000000.0
269,NoiseAgent,STARTING_CASH,10000000.0
270,NoiseAgent,STARTING_CASH,10000000.0
271,NoiseAgent,STARTING_CASH,10000000.0
272,NoiseAgent,STARTING_CASH,10000000.0
273,NoiseAgent,STARTING_CASH,10000000.0
274,NoiseAgent,STARTING_CASH,10000000.0
275,NoiseAgent,STARTING_CASH,10000000.0
276,NoiseAgent,STARTING_CASH,10000000.0
277,NoiseAgent,STARTING_CASH,10000000.0
278,NoiseAgent,STARTING_CASH,10000000.0
279,NoiseAgent,STARTING_CASH,10000000.0
280,NoiseAgent,STARTING_CASH,10000000.0
281,NoiseAgent,STARTING_CASH,10000000.0
282,NoiseAgent,STARTING_CASH,10000000.0
283,NoiseAgent,STARTING_CASH,10000000.0
284,NoiseAgent,STARTING_CASH,10000000.0
285,NoiseAgent,STARTING_CASH,10000000.0
286,NoiseAgent,STARTING_CASH,10000000.0
287,NoiseAgent,STARTING_CASH,10000000.0
288,NoiseAgent,STARTING_CASH,10000000.0
289,NoiseAgent,STARTING_CASH,10000000.0
290,NoiseAgent,STARTING_CASH,10000000.0
291,NoiseAgent,STARTING_CASH,10000000.0
292,NoiseAgent,STARTING_CASH,10000000.0
293,NoiseAgent,STARTING_CASH,10000000.0
294,NoiseAgent,STARTING_CASH,10000000.0
295,NoiseAgent,STARTING_CASH,10000000.0
296,NoiseAgent,STARTING_CASH,10000000.0
297,NoiseAgent,STARTING_CASH,10000000.0
298,NoiseAgent,STARTING_CASH,10000000.0
299,NoiseAgent,STARTING_CASH,10000000.0
300,NoiseAgent,STARTING_CASH,10000000.0
301,NoiseAgent,STARTING_CASH,10000000.0
302,NoiseAgent,STARTING_CASH,10000000.0
303,NoiseAgent,STARTING_CASH,10000000.0
304,NoiseAgent,STARTING_CASH,10000000.0
305,NoiseAgent,STARTING_CASH,10000000.0
306,NoiseAgent,STARTING_CASH,10000000.0
307,NoiseAgent,STARTING_CASH,10000000.0
308,NoiseAgent,STARTING_CASH,10000000.0
309,NoiseAgent,STARTING_CASH,10000000.0
310,NoiseAgent,STARTING_CASH,10000000.0
311,NoiseAgent,STARTING_CASH,10000000.0
312,NoiseAgent,STARTING_CASH,10000000.0
313,NoiseAgent,STARTING_CASH,10000000.0
314,NoiseAgent,STARTING_CASH,10000000.0
315,NoiseAgent,STARTING_CASH,10000000.0
316,NoiseAgent,STARTING_CASH,10000000.0
317,NoiseAgent,STARTING_CASH,10000000.0
318,NoiseAgent,STARTING_CASH,10000000.0
319,NoiseAgent,STARTING_CASH,10000000.0
320,NoiseAgent,STARTING_CASH,10000000.0
321,NoiseAgent,STARTING_CASH,10000000.0
322,NoiseAgent,STARTING_CASH,10000000.0
323,NoiseAgent,STARTING_CASH,10000000.0
324,NoiseAgent,STARTING_CASH,10000000.0
325,NoiseAgent,STARTING_CASH,10000000.0
326,NoiseAgent,STARTING_CASH,10000000.0
327,NoiseAgent,STARTING_CASH,10000000.0
328,NoiseAgent,STARTING_CASH,10000000.0
329,NoiseAgent,STARTING_CASH,10000000.0
330,NoiseAgent,STARTING_CASH,10000000.0
331,NoiseAgent,STARTING_CASH,10000000.0
332,NoiseAgent,STARTING_CASH,10000000.0
333,NoiseAgent,STARTING_CASH,10000000.0
334,NoiseAgent,STARTING_CASH,10000000.0
335,NoiseAgent,STARTING_CASH,10000000.0
336,NoiseAgent,STARTING_CASH,10000000.0
337,NoiseAgent,STARTING_CASH,10000000.0
338,NoiseAgent,STARTING_CASH,10000000.0
339,NoiseAgent,STARTING_CASH,10000000.0
340,NoiseAgent,STARTING_CASH,10000000.0
341,NoiseAgent,STARTING_CASH,10000000.0
342,NoiseAgent,STARTING_CASH,10000000.0
343,NoiseAgent,STARTING_CASH,10000000.0
344,NoiseAgent,STARTING_CASH,10000000.0
345,NoiseAgent,STARTING_CASH,10000000.0
346,NoiseAgent,STARTING_CASH,10000000.0
347,NoiseAgent,STARTING_CASH,10000000.0
348,NoiseAgent,STARTING_CASH,10000000.0
349,NoiseAgent,STARTING_CASH,10000000.0
350,NoiseAgent,STARTING_CASH,10000000.0
351,NoiseAgent,STARTING_CASH,10000000.0
352,NoiseAgent,STARTING_CASH,10000000.0
353,NoiseAgent,STARTING_CASH,10000000.0
354,NoiseAgent,STARTING_CASH,10000000.0
355,NoiseAgent,STARTING_CASH,10000000.0
356,NoiseAgent,STARTING_CASH,10000000.0
357,NoiseAgent,STARTING_CASH,10000000.0
358,NoiseAgent,STARTING_CASH,10000000.0
359,NoiseAgent,STARTING_CASH,10000000.0
360,NoiseAgent,STARTING_CASH,10000000.0
361,NoiseAgent,STARTING_CASH,10000000.0
362,NoiseAgent,STARTING_CASH,10000000.0
363,NoiseAgent,STARTING_CASH,10000000.0
364,NoiseAgent,STARTING_CASH,10000000.0
365,NoiseAgent,STARTING_CASH,10000000.0
366,NoiseAgent,STARTING_CASH,10000000.0
367,NoiseAgent,STARTING_CASH,10000000.0
368,NoiseAgent,STARTING_CASH,10000000.0
369,NoiseAgent,STARTING_CASH,10000000.0
370,NoiseAgent,STARTING_CASH,10000000.0
371,NoiseAgent,STARTING_CASH,10000000.0
372,NoiseAgent,STARTING_CASH,10000000.0
373,NoiseAgent,STARTING_CASH,10000000.0
374,NoiseAgent,STARTING_CASH,10000000.0
375,NoiseAgent,STARTING_CASH,10000000.0
376,NoiseAgent,STARTING_CASH,10000000.0
377,NoiseAgent,STARTING_CASH,10000000.0
378,NoiseAgent,STARTING_CASH,10000000.0
379,NoiseAgent,STARTING_CASH,10000000.0
380,NoiseAgent,STARTING_CASH,10000000.0
381,NoiseAgent,STARTING_CASH,10000000.0
382,NoiseAgent,STARTING_CASH,10000000.0
383,NoiseAgent,STARTING_CASH,10000000.0
384,NoiseAgent,STARTING_CASH,10000000.0
385,NoiseAgent,STARTING_CASH,10000000.0
386,NoiseAgent,STARTING_CASH,10000000.0
387,NoiseAgent,STARTING_CASH,10000000.0
388,NoiseAgent,STARTING_CASH,10000000.0
389,NoiseAgent,STARTING_CASH,10000000.0
390,NoiseAgent,STARTING_CASH,10000000.0
391,NoiseAgent,STARTING_CASH,10000000.0
392,NoiseAgent,STARTING_CASH,10000000.0
393,NoiseAgent,STARTING_CASH,10000000.0
394,NoiseAgent,STARTING_CASH,10000000.0
395,NoiseAgent,STARTING_CASH,10000000.0
396,NoiseAgent,STARTING_CASH,10000000.0
397,NoiseAgent,STARTING_CASH,10000000.0
398,NoiseAgent,STARTING_CASH,10000000.0
399,NoiseAgent,STARTING_CASH,10000000.0
400,NoiseAgent,STARTING_CASH,10000000.0
401,NoiseAgent,STARTING_CASH,10000000.0
402,NoiseAgent,STARTING_CASH,10000000.0
403,NoiseAgent,STARTING_CASH,10000000.0
404,NoiseAgent,STARTING_CASH,10000000.0
405,NoiseAgent,STARTING_CASH,10000000.0
406,NoiseAgent,STARTING_CASH,10000000.0
407,NoiseAgent,STARTING_CASH,10000000.0
408,NoiseAgent,STARTING_CASH,10000000.0
409,NoiseAgent,STARTING_CASH,10000000.0
410,NoiseAgent,STARTING_CASH,10000000.0
411,NoiseAgent,STARTING_CASH,10000000.0
412,NoiseAgent,STARTING_CASH,10000000.0
413,NoiseAgent,STARTING_CASH,10000000.0
414,NoiseAgent,STARTING_CASH,10000000.0
415,NoiseAgent,STARTING_CASH,10000000.0
416,NoiseAgent,STARTING_CASH,10000000.0
417,NoiseAgent,STARTING_CASH,10000000.0
418,NoiseAgent,STARTING_CASH,10000000.0
419,NoiseAgent,STARTING_CASH,10000000.0
420,NoiseAgent,STARTING_CASH,10000000.0
421,NoiseAgent,STARTING_CASH,10000000.0
422,NoiseAgent,STARTING_CASH,10000000.0
423,NoiseAgent,STARTING_CASH,10000000.0
424,NoiseAgent,STARTING_CASH,10000000.0
425,NoiseAgent,STARTING_CASH,10000000.0
426,NoiseAgent,STARTING_CASH,10000000.0
427,NoiseAgent,STARTING_CASH,10000000.0
428,NoiseAgent,STARTING_CASH,10000000.0
429,NoiseAgent,STARTING_CASH,10000000.0
430,NoiseAgent,STARTING_CASH,10000000.0
431,NoiseAgent,STARTING_CASH,10000000.0
432,NoiseAgent,STARTING_CASH,10000000.0
433,NoiseAgent,STARTING_CASH,10000000.0
434,NoiseAgent,STARTING_CASH,10000000.0
435,NoiseAgent,STARTING_CASH,10000000.0
436,NoiseAgent,STARTING_CASH,10000000.0
437,NoiseAgent,STARTING_CASH,10000000.0
438,NoiseAgent,STARTING_CASH,10000000.0
439,NoiseAgent,STARTING_CASH,10000000.0
440,NoiseAgent,STARTING_CASH,10000000.0
441,NoiseAgent,STARTING_CASH,10000000.0
442,NoiseAgent,STARTING_CASH,10000000.0
443,NoiseAgent,STARTING_CASH,10000000.0
444,NoiseAgent,STARTING_CASH,10000000.0
445,NoiseAgent,STARTING_CASH,10000000.0
446,NoiseAgent,STARTING_CASH,10000000.0
447,NoiseAgent,STARTING_CASH,10000000.0
448,NoiseAgent,STARTING_CASH,10000000.0
449,NoiseAgent,STARTING_CASH,10000000.0
450,NoiseAgent,STARTING_CASH,10000000.0
451,NoiseAgent,STARTING_CASH,10000000.0
452,NoiseAgent,STARTING_CASH,10000000.0
453,NoiseAgent,STARTING_CASH,10000000.0
454,NoiseAgent,STARTING_CASH,10000000.0
455,NoiseAgent,STARTING_CASH,10000000.0
456,NoiseAgent,STARTING_CASH,10000000.0
457,NoiseAgent,STARTING_CASH,10000000.0
458,NoiseAgent,STARTING_CASH,10000000.0
459,NoiseAgent,STARTING_CASH,10000000.0
460,NoiseAgent,STARTING_CASH,10000000.0
461,NoiseAgent,STARTING_CASH,10000000.0
462,NoiseAgent,STARTING_CASH,10000000.0
463,NoiseAgent,STARTING_CASH,10000000.0
464,NoiseAgent,STARTING_CASH,10000000.0
465,NoiseAgent,STARTING_CASH,10000000.0
466,NoiseAgent,STARTING_CASH,10000000.0
467,NoiseAgent,STARTING_CASH,10000000.0
468,NoiseAgent,STARTING_CASH,10000000.0
469,NoiseAgent,STARTING_CASH,10000000.0
470,NoiseAgent,STARTING_CASH,10000000.0
471,NoiseAgent,STARTING_CASH,10000000.0
472,NoiseAgent,STARTING_CASH,10000000.0
473,NoiseAgent,STARTING_CASH,10000000.0
474,NoiseAgent,STARTING_CASH,10000000.0
475,NoiseAgent,STARTING_CASH,10000000.0
476,NoiseAgent,STARTING_CASH,10000000.0
477,NoiseAgent,STARTING_CASH,10000000.0
478,NoiseAgent,STARTING_CASH,10000000.0
479,NoiseAgent,STARTING_CASH,10000000.0
480,NoiseAgent,STARTING_CASH,10000000.0
481,NoiseAgent,STARTING_CASH,10000000.0
482,NoiseAgent,STARTING_CASH,10000000.0
483,NoiseAgent,STARTING_CASH,10000000.0
484,NoiseAgent,STARTING_CASH,10000000.0
485,NoiseAgent,STARTING_CASH,10000000.0
486,NoiseAgent,STARTING_CASH,10000000.0
487,NoiseAgent,STARTING_CASH,10000000.0
488,NoiseAgent,STARTING_CASH,10000000.0
489,NoiseAgent,STARTING_CASH,10000000.0
490,NoiseAgent,STARTING_CASH,10000000.0
491,NoiseAgent,STARTING_CASH,10000000.0
492,NoiseAgent,STARTING_CASH,10000000.0
493,NoiseAgent,STARTING_CASH,10000000.0
494,NoiseAgent,STARTING_CASH,10000000.0
495,NoiseAgent,STARTING_CASH,10000000.0
496,NoiseAgent,STARTING_CASH,10000000.0
497,NoiseAgent,STARTING_CASH,10000000.0
498,NoiseAgent,STARTING_CASH,10000000.0
499,NoiseAgent,STARTING_CASH,10000000.0
500,NoiseAgent,STARTING_CASH,10000000.0
