FundamentalTime,FundamentalValue
2020-01-13 09:30:00.000000000,100000.0
2020-01-13 09:30:00.000004922,100000.0
2020-01-13 09:30:00.000009848,100000.0
2020-01-13 09:30:00.000186552,100000.0
2020-01-13 09:30:00.000225743,100000.0
2020-01-13 09:30:00.000455894,100000.0
2020-01-13 09:30:00.000464279,100000.0
2020-01-13 09:30:00.000525151,100000.0
2020-01-13 09:30:00.001329817,100000.0
2020-01-13 09:30:00.001587715,100000.0
2020-01-13 09:30:00.001760113,100000.0
2020-01-13 09:30:00.002058247,100000.0
2020-01-13 09:30:00.002099117,100000.0
2020-01-13 09:30:00.002354615,100000.0
2020-01-13 09:30:00.002473464,100000.0
2020-01-13 09:30:00.002652948,100000.0
2020-01-13 09:30:00.002685945,100000.0
2020-01-13 09:30:00.003578053,100000.0
2020-01-13 09:30:00.003701738,100000.0
2020-01-13 09:30:00.003756785,100000.0
2020-01-13 09:30:00.003973555,100000.0
2020-01-13 09:30:00.004253473,100000.0
2020-01-13 09:30:00.004397826,100000.0
2020-01-13 09:30:00.004525386,100000.0
2020-01-13 09:30:00.004790199,100000.0
2020-01-13 09:30:00.005407732,100000.0
2020-01-13 09:30:00.005508658,100000.0
2020-01-13 09:30:00.005908117,100000.0
2020-01-13 09:30:00.006030494,100000.0
2020-01-13 09:30:00.006598974,100000.0
2020-01-13 09:30:00.007072287,100000.0
2020-01-13 09:30:00.007172539,100000.0
2020-01-13 09:30:00.007194490,100000.0
2020-01-13 09:30:00.007941541,100000.0
2020-01-13 09:30:00.007959950,100000.0
2020-01-13 09:30:00.008101448,100000.0
2020-01-13 09:30:00.008126747,100000.0
2020-01-13 09:30:00.008220555,100000.0
2020-01-13 09:30:00.008527744,100000.0
2020-01-13 09:30:00.008583149,100000.0
2020-01-13 09:30:00.008636941,100000.0
2020-01-13 09:30:00.009065434,100000.0
2020-01-13 09:30:00.009451535,100000.0
2020-01-13 09:30:00.009619012,100000.0
2020-01-13 09:30:00.009751852,100000.0
2020-01-13 09:30:00.010098722,100000.0
2020-01-13 09:30:00.010180226,100000.0
2020-01-13 09:30:00.010305194,100000.0
2020-01-13 09:30:00.010413375,100000.0
2020-01-13 09:30:00.010526975,100000.0
2020-01-13 09:30:00.010607253,100000.0
2020-01-13 09:30:00.010680082,100000.0
2020-01-13 09:30:00.011193706,100000.0
2020-01-13 09:30:00.011595387,100000.0
2020-01-13 09:30:00.011672359,100000.0
2020-01-13 09:30:00.011943803,100000.0
2020-01-13 09:30:00.012383005,100000.0
2020-01-13 09:30:00.012650804,100000.0
2020-01-13 09:30:00.012865130,100000.0
2020-01-13 09:30:00.013637551,100000.0
2020-01-13 09:30:00.013947593,100000.0
2020-01-13 09:30:00.014298406,100000.0
2020-01-13 09:30:00.014368627,100000.0
2020-01-13 09:30:00.014438587,100000.0
2020-01-13 09:30:00.014858513,100000.0
2020-01-13 09:30:00.015895250,100000.0
2020-01-13 09:30:00.015974379,100000.0
2020-01-13 09:30:00.016040107,100000.0
2020-01-13 09:30:00.016201545,100000.0
2020-01-13 09:30:00.016269006,100000.0
2020-01-13 09:30:00.016360784,100000.0
2020-01-13 09:30:00.016645427,100000.0
2020-01-13 09:30:00.016704985,100000.0
2020-01-13 09:30:00.016844878,100000.0
2020-01-13 09:30:00.016881282,100000.0
2020-01-13 09:30:00.017005539,100000.0
2020-01-13 09:30:00.017068571,100000.0
2020-01-13 09:30:00.018070509,100000.0
2020-01-13 09:30:00.018819418,100000.0
2020-01-13 09:30:00.018849607,100000.0
2020-01-13 09:30:00.019404646,100000.0
2020-01-13 09:30:00.019762651,100000.0
2020-01-13 09:30:00.019770200,100000.0
2020-01-13 09:30:00.020113628,100000.0
2020-01-13 09:30:00.020341067,100000.0
2020-01-13 09:30:00.020996798,100000.0
2020-01-13 09:30:00.021168787,100000.0
2020-01-13 09:30:00.021403936,100000.0
2020-01-13 09:30:00.022685170,100000.0
2020-01-13 09:30:00.022734835,100000.0
2020-01-13 09:30:00.022801570,100000.0
2020-01-13 09:30:00.023296768,100000.0
2020-01-13 09:30:00.023308045,100000.0
2020-01-13 09:30:00.024092677,100000.0
2020-01-13 09:30:00.024329731,100000.0
2020-01-13 09:30:00.024389410,100000.0
2020-01-13 09:30:00.025309437,100000.0
2020-01-13 09:30:00.025320689,100000.0
2020-01-13 09:30:00.025343945,100000.0
2020-01-13 09:30:00.025422578,100000.0
2020-01-13 09:30:00.025449429,100000.0
2020-01-13 09:30:00.092924300,100001.0
2020-01-13 09:30:00.196791352,100002.0
2020-01-13 09:30:00.202410437,100002.0
2020-01-13 09:30:00.207948842,100002.0
2020-01-13 09:30:00.255100628,100002.0
2020-01-13 09:30:00.345294485,100001.0
2020-01-13 09:30:00.492420383,100000.0
2020-01-13 09:30:00.588351731,100001.0
2020-01-13 09:30:00.591948028,100001.0
2020-01-13 09:30:00.604001931,100001.0
2020-01-13 09:30:00.642546226,100000.0
2020-01-13 09:30:00.735841564,100000.0
2020-01-13 09:30:00.808630474,100001.0
2020-01-13 09:30:01.011446116,100000.0
2020-01-13 09:30:01.144128520,100000.0
2020-01-13 09:30:01.147652606,100000.0
2020-01-13 09:30:01.555522362,100006.0
2020-01-13 09:30:01.717088727,100006.0
2020-01-13 09:30:01.776501626,100006.0
2020-01-13 09:30:01.778315474,100006.0
2020-01-13 09:30:01.816202886,100006.0
2020-01-13 09:30:01.990974939,100006.0
2020-01-13 09:30:02.080684575,100005.0
2020-01-13 09:30:02.142084979,100005.0
2020-01-13 09:30:02.208656511,100005.0
2020-01-13 09:30:02.284211762,100005.0
2020-01-13 09:30:02.369546622,100004.0
2020-01-13 09:30:02.582731810,100005.0
2020-01-13 09:30:02.808055831,100005.0
2020-01-13 09:30:02.926750369,100005.0
2020-01-13 09:30:02.949704708,100005.0
2020-01-13 09:30:03.025655795,100006.0
2020-01-13 09:30:03.068515651,100006.0
2020-01-13 09:30:03.341263831,100010.0
2020-01-13 09:30:03.430975145,100009.0
2020-01-13 09:30:03.487397096,100008.0
2020-01-13 09:30:03.495992882,100008.0
2020-01-13 09:30:04.226569914,100022.0
2020-01-13 09:30:04.481215152,100020.0
2020-01-13 09:30:04.493682230,100020.0
2020-01-13 09:30:04.541037779,100020.0
2020-01-13 09:30:04.752321427,100018.0
2020-01-13 09:30:04.803620680,100018.0
2020-01-13 09:30:04.890860664,100018.0
2020-01-13 09:30:04.911159644,100018.0
2020-01-13 09:30:04.936557551,100018.0
2020-01-13 09:30:04.954755114,100018.0
2020-01-13 09:30:04.954881685,100018.0
2020-01-13 09:30:05.025337485,100018.0
2020-01-13 09:30:05.034386517,100018.0
2020-01-13 09:30:05.037995927,100018.0
2020-01-13 09:30:05.109128759,100019.0
2020-01-13 09:30:05.234372882,100018.0
2020-01-13 09:30:05.280098061,100018.0
2020-01-13 09:30:05.541008486,100021.0
2020-01-13 09:30:05.696918792,100021.0
2020-01-13 09:30:05.733722203,100021.0
2020-01-13 09:30:05.927227758,100017.0
2020-01-13 09:30:06.002385897,100018.0
2020-01-13 09:30:06.193409423,100020.0
2020-01-13 09:30:06.256753615,100018.0
2020-01-13 09:30:06.321987258,100017.0
2020-01-13 09:30:06.435908564,100017.0
2020-01-13 09:30:06.590111115,100014.0
2020-01-13 09:30:06.603813333,100014.0
2020-01-13 09:30:06.654745796,100015.0
2020-01-13 09:30:06.797147842,100015.0
2020-01-13 09:30:06.963530185,100016.0
2020-01-13 09:30:07.530660715,100025.0
2020-01-13 09:30:08.055285879,100031.0
2020-01-13 09:30:08.110855111,100030.0
2020-01-13 09:30:08.228216915,100030.0
2020-01-13 09:30:08.595400710,100036.0
2020-01-13 09:30:08.918696210,100043.0
2020-01-13 09:30:09.061903471,100042.0
2020-01-13 09:30:09.718364881,100039.0
2020-01-13 09:30:09.940734419,100038.0
2020-01-13 09:30:09.999220010,100039.0
2020-01-13 09:30:10.099291100,100040.0
2020-01-13 09:30:10.182709563,100039.0
2020-01-13 09:30:10.219087930,100039.0
2020-01-13 09:30:10.245787210,100039.0
2020-01-13 09:30:10.772897124,100036.0
2020-01-13 09:30:10.912479317,100037.0
2020-01-13 09:30:11.042815485,100035.0
2020-01-13 09:30:11.094682674,100035.0
2020-01-13 09:30:11.559922093,100026.0
2020-01-13 09:30:11.694932890,100027.0
2020-01-13 09:30:11.774275550,100028.0
2020-01-13 09:30:11.807834715,100028.0
2020-01-13 09:30:11.971358878,100032.0
2020-01-13 09:30:12.111926351,100033.0
2020-01-13 09:30:12.157509018,100033.0
2020-01-13 09:30:12.787773235,100038.0
2020-01-13 09:30:12.846442224,100038.0
2020-01-13 09:30:12.985949948,100039.0
2020-01-13 09:30:12.987175027,100039.0
2020-01-13 09:30:13.100992822,100040.0
2020-01-13 09:30:13.232244165,100040.0
2020-01-13 09:30:13.386936238,100041.0
2020-01-13 09:30:13.495046798,100041.0
2020-01-13 09:30:13.544385784,100041.0
2020-01-13 09:30:13.737158845,100040.0
2020-01-13 09:30:13.759746513,100040.0
2020-01-13 09:30:14.009764391,100042.0
2020-01-13 09:30:14.089867131,100043.0
2020-01-13 09:30:14.237110078,100044.0
2020-01-13 09:30:14.309500633,100045.0
2020-01-13 09:30:14.369237573,100044.0
2020-01-13 09:30:14.551545339,100042.0
2020-01-13 09:30:14.791754170,100040.0
2020-01-13 09:30:14.945952648,100037.0
2020-01-13 09:30:15.010835631,100037.0
2020-01-13 09:30:15.206936728,100037.0
2020-01-13 09:30:15.242104519,100037.0
2020-01-13 09:30:15.302875574,100037.0
2020-01-13 09:30:15.338792475,100037.0
2020-01-13 09:30:15.438090939,100037.0
2020-01-13 09:30:15.502847335,100037.0
2020-01-13 09:30:15.628046247,100038.0
2020-01-13 09:30:15.875898302,100037.0
2020-01-13 09:30:15.903516635,100037.0
2020-01-13 09:30:15.995095865,100037.0
2020-01-13 09:30:16.180912892,100040.0
2020-01-13 09:30:16.297837452,100038.0
2020-01-13 09:30:16.320801652,100038.0
2020-01-13 09:30:16.449143210,100038.0
2020-01-13 09:30:16.659748993,100039.0
2020-01-13 09:30:16.736322299,100040.0
2020-01-13 09:30:16.749036591,100040.0
2020-01-13 09:30:16.847025018,100042.0
2020-01-13 09:30:16.935840594,100043.0
2020-01-13 09:30:17.142342754,100040.0
2020-01-13 09:30:17.378332108,100040.0
2020-01-13 09:30:17.557061524,100039.0
2020-01-13 09:30:17.639294007,100040.0
2020-01-13 09:30:17.796679990,100039.0
2020-01-13 09:30:17.897877595,100039.0
2020-01-13 09:30:18.101906258,100042.0
2020-01-13 09:30:18.163911568,100042.0
2020-01-13 09:30:18.260715696,100040.0
2020-01-13 09:30:18.314067203,100040.0
2020-01-13 09:30:18.399528612,100039.0
2020-01-13 09:30:18.485539858,100038.0
2020-01-13 09:30:18.689369574,100038.0
2020-01-13 09:30:18.693331282,100038.0
2020-01-13 09:30:18.882855940,100038.0
2020-01-13 09:30:19.211388802,100037.0
2020-01-13 09:30:19.709750154,100045.0
2020-01-13 09:30:19.881698307,100046.0
2020-01-13 09:30:19.948700455,100045.0
2020-01-13 09:30:19.977871423,100044.0
2020-01-13 09:30:20.016769349,100044.0
2020-01-13 09:30:20.272436761,100041.0
2020-01-13 09:30:20.276144928,100041.0
2020-01-13 09:30:20.342793273,100041.0
2020-01-13 09:30:20.360123103,100041.0
2020-01-13 09:30:20.843800045,100039.0
2020-01-13 09:30:20.913824723,100039.0
2020-01-13 09:30:21.164339633,100038.0
2020-01-13 09:30:21.311333669,100040.0
2020-01-13 09:30:21.349847821,100040.0
2020-01-13 09:30:21.835154809,100041.0
2020-01-13 09:30:22.029112598,100043.0
2020-01-13 09:30:22.096491358,100043.0
2020-01-13 09:30:22.269611997,100046.0
2020-01-13 09:30:22.394705734,100045.0
2020-01-13 09:30:22.529275319,100046.0
2020-01-13 09:30:22.945632538,100045.0
2020-01-13 09:30:22.981423245,100045.0
2020-01-13 09:30:23.226482586,100043.0
2020-01-13 09:30:23.625592159,100046.0
2020-01-13 09:30:23.759377856,100044.0
2020-01-13 09:30:24.055811899,100042.0
2020-01-13 09:30:24.064577914,100042.0
2020-01-13 09:30:24.227987289,100043.0
2020-01-13 09:30:24.229736230,100043.0
2020-01-13 09:30:24.479959742,100042.0
2020-01-13 09:30:24.793762313,100038.0
2020-01-13 09:30:24.841432645,100038.0
2020-01-13 09:30:24.985148077,100037.0
2020-01-13 09:30:25.282391699,100034.0
2020-01-13 09:30:25.504979030,100034.0
2020-01-13 09:30:25.836205455,100030.0
2020-01-13 09:30:25.867291307,100030.0
2020-01-13 09:30:25.911751286,100031.0
2020-01-13 09:30:26.235068116,100031.0
2020-01-13 09:30:26.536834173,100032.0
2020-01-13 09:30:26.641080470,100034.0
2020-01-13 09:30:26.737814793,100031.0
2020-01-13 09:30:26.768364826,100031.0
2020-01-13 09:30:26.845847321,100030.0
2020-01-13 09:30:26.894584818,100031.0
2020-01-13 09:30:26.898353593,100031.0
2020-01-13 09:30:27.104894936,100035.0
2020-01-13 09:30:27.354627338,100036.0
2020-01-13 09:30:27.405695300,100035.0
2020-01-13 09:30:27.548549255,100033.0
2020-01-13 09:30:27.705076818,100033.0
2020-01-13 09:30:27.856753045,100034.0
2020-01-13 09:30:27.954108826,100035.0
2020-01-13 09:30:28.010959846,100035.0
2020-01-13 09:30:28.295709799,100037.0
2020-01-13 09:30:28.616440704,100031.0
2020-01-13 09:30:28.637200892,100031.0
2020-01-13 09:30:28.714705229,100031.0
2020-01-13 09:30:28.718859614,100031.0
2020-01-13 09:30:28.757898536,100032.0
2020-01-13 09:30:28.817952210,100032.0
2020-01-13 09:30:29.573601939,100039.0
2020-01-13 09:30:29.640324618,100038.0
2020-01-13 09:30:29.781399520,100040.0
2020-01-13 09:30:30.071112545,100032.0
2020-01-13 09:30:30.453685616,100031.0
2020-01-13 09:30:30.722644246,100027.0
2020-01-13 09:30:30.885558620,100026.0
2020-01-13 09:30:30.973692486,100027.0
2020-01-13 09:30:31.085429626,100026.0
2020-01-13 09:30:31.245135180,100027.0
2020-01-13 09:30:31.317230038,100028.0
2020-01-13 09:30:31.531423259,100027.0
2020-01-13 09:30:31.710388375,100027.0
2020-01-13 09:30:31.947327734,100032.0
2020-01-13 09:30:31.986629481,100032.0
2020-01-13 09:30:31.987657053,100032.0
2020-01-13 09:30:32.849690078,100013.0
2020-01-13 09:30:32.986139088,100013.0
2020-01-13 09:30:33.029684432,100013.0
2020-01-13 09:30:33.049884068,100013.0
2020-01-13 09:30:33.231374893,100012.0
2020-01-13 09:30:33.250782954,100012.0
2020-01-13 09:30:33.439005435,100016.0
2020-01-13 09:30:33.521463514,100016.0
2020-01-13 09:30:33.958585562,100019.0
2020-01-13 09:30:33.997877584,100019.0
2020-01-13 09:30:34.260378891,100018.0
2020-01-13 09:30:34.262475297,100018.0
2020-01-13 09:30:34.286332789,100018.0
2020-01-13 09:30:34.292888198,100018.0
2020-01-13 09:30:34.713684252,100018.0
2020-01-13 09:30:34.738782795,100018.0
2020-01-13 09:30:34.851902068,100017.0
2020-01-13 09:30:35.065836378,100014.0
2020-01-13 09:30:35.329987166,100010.0
2020-01-13 09:30:35.664982513,100012.0
2020-01-13 09:30:35.833707796,100012.0
2020-01-13 09:30:35.884629070,100012.0
2020-01-13 09:30:35.921016444,100012.0
2020-01-13 09:30:36.102785359,100012.0
2020-01-13 09:30:36.324930262,100009.0
2020-01-13 09:30:36.355673009,100009.0
2020-01-13 09:30:36.414184561,100010.0
2020-01-13 09:30:36.646057312,100009.0
2020-01-13 09:30:36.750663400,100008.0
2020-01-13 09:30:36.971174696,100006.0
2020-01-13 09:30:36.974116372,100006.0
2020-01-13 09:30:37.394237986,100005.0
2020-01-13 09:30:37.571471960,100006.0
2020-01-13 09:30:38.058462795,100005.0
2020-01-13 09:30:38.097679713,100005.0
2020-01-13 09:30:38.182747310,100006.0
2020-01-13 09:30:38.231571259,100007.0
2020-01-13 09:30:39.122824813,100012.0
2020-01-13 09:30:39.274626711,100013.0
2020-01-13 09:30:39.557079631,100010.0
2020-01-13 09:30:39.786324725,100011.0
2020-01-13 09:30:39.872219788,100012.0
2020-01-13 09:30:39.895953973,100012.0
2020-01-13 09:30:40.126034129,100011.0
2020-01-13 09:30:40.169123666,100011.0
2020-01-13 09:30:40.454456928,100015.0
2020-01-13 09:30:40.587531039,100015.0
2020-01-13 09:30:40.695478961,100015.0
2020-01-13 09:30:40.726312799,100015.0
2020-01-13 09:30:40.889540377,100014.0
2020-01-13 09:30:40.923791489,100014.0
2020-01-13 09:30:40.933589868,100014.0
2020-01-13 09:30:41.072910176,100012.0
2020-01-13 09:30:41.314563030,100011.0
2020-01-13 09:30:41.925101590,100009.0
2020-01-13 09:30:41.962008636,100009.0
2020-01-13 09:30:41.978562839,100009.0
2020-01-13 09:30:42.003889798,100009.0
2020-01-13 09:30:42.071236268,100010.0
2020-01-13 09:30:42.275292078,100009.0
2020-01-13 09:30:42.314957078,100009.0
2020-01-13 09:30:42.679048842,100008.0
2020-01-13 09:30:42.830519306,100009.0
2020-01-13 09:30:42.902763236,100008.0
2020-01-13 09:30:42.931356220,100008.0
2020-01-13 09:30:42.990120952,100008.0
2020-01-13 09:30:43.095989083,100007.0
2020-01-13 09:30:43.170008610,100007.0
2020-01-13 09:30:43.205082266,100007.0
2020-01-13 09:30:43.474707243,100007.0
2020-01-13 09:30:43.809136049,100014.0
2020-01-13 09:30:43.977590389,100014.0
2020-01-13 09:30:44.188769387,100015.0
2020-01-13 09:30:44.205043935,100015.0
2020-01-13 09:30:44.302933290,100015.0
2020-01-13 09:30:44.583682133,100012.0
2020-01-13 09:30:44.682627663,100012.0
2020-01-13 09:30:44.726140596,100012.0
2020-01-13 09:30:44.878059974,100012.0
2020-01-13 09:30:45.136225876,100012.0
2020-01-13 09:30:45.405504743,100013.0
2020-01-13 09:30:45.451197190,100013.0
2020-01-13 09:30:45.520594641,100012.0
2020-01-13 09:30:45.624142879,100011.0
2020-01-13 09:30:45.670052872,100011.0
2020-01-13 09:30:45.966958987,100008.0
2020-01-13 09:30:45.991299237,100008.0
2020-01-13 09:30:46.100573928,100008.0
2020-01-13 09:30:46.216384794,100008.0
2020-01-13 09:30:46.266291197,100007.0
2020-01-13 09:30:46.335482872,100007.0
2020-01-13 09:30:46.448400344,100008.0
2020-01-13 09:30:46.673737775,100006.0
2020-01-13 09:30:46.771006841,100005.0
2020-01-13 09:30:46.906392905,100005.0
2020-01-13 09:30:46.950215378,100005.0
2020-01-13 09:30:47.041733809,100005.0
2020-01-13 09:30:47.124575151,100004.0
2020-01-13 09:30:47.231595048,100003.0
2020-01-13 09:30:47.480729608,100006.0
2020-01-13 09:30:47.494545885,100006.0
2020-01-13 09:30:47.558175300,100007.0
2020-01-13 09:30:47.605987433,100007.0
2020-01-13 09:30:47.660446750,100008.0
2020-01-13 09:30:47.720545381,100008.0
2020-01-13 09:30:47.882461188,100008.0
2020-01-13 09:30:48.142587263,100010.0
2020-01-13 09:30:48.308333611,100011.0
2020-01-13 09:30:48.519705649,100012.0
2020-01-13 09:30:48.582404094,100012.0
2020-01-13 09:30:48.675484545,100012.0
2020-01-13 09:30:48.698241425,100012.0
2020-01-13 09:30:49.510141176,100010.0
2020-01-13 09:30:49.806298993,100011.0
2020-01-13 09:30:50.257520330,100015.0
2020-01-13 09:30:50.328179617,100015.0
2020-01-13 09:30:50.338211634,100015.0
2020-01-13 09:30:50.416979537,100015.0
2020-01-13 09:30:50.608192687,100020.0
2020-01-13 09:30:50.856632472,100017.0
2020-01-13 09:30:50.872535822,100017.0
2020-01-13 09:30:50.908092676,100017.0
2020-01-13 09:30:51.100527989,100020.0
2020-01-13 09:30:51.316528800,100022.0
2020-01-13 09:30:51.699528833,100020.0
2020-01-13 09:30:51.886727246,100023.0
2020-01-13 09:30:51.958267002,100023.0
2020-01-13 09:30:51.972286105,100023.0
2020-01-13 09:30:52.009928931,100023.0
2020-01-13 09:30:52.016128244,100023.0
2020-01-13 09:30:52.086091596,100024.0
2020-01-13 09:30:52.111434387,100024.0
2020-01-13 09:30:52.117835716,100024.0
2020-01-13 09:30:52.148640428,100024.0
2020-01-13 09:30:52.154180067,100024.0
2020-01-13 09:30:52.228186634,100025.0
2020-01-13 09:30:52.280957332,100025.0
2020-01-13 09:30:52.537286960,100025.0
2020-01-13 09:30:52.605122110,100024.0
2020-01-13 09:30:52.698636324,100023.0
2020-01-13 09:30:52.969338121,100026.0
2020-01-13 09:30:53.063321029,100027.0
2020-01-13 09:30:53.182429762,100026.0
2020-01-13 09:30:53.535224385,100030.0
2020-01-13 09:30:53.819487413,100030.0
2020-01-13 09:30:54.110764809,100024.0
2020-01-13 09:30:54.227086560,100023.0
2020-01-13 09:30:54.620658523,100023.0
2020-01-13 09:30:54.939195846,100020.0
2020-01-13 09:30:55.696176769,100028.0
2020-01-13 09:30:55.697157560,100028.0
2020-01-13 09:30:55.873548646,100026.0
2020-01-13 09:30:56.026150104,100024.0
2020-01-13 09:30:56.027325973,100024.0
2020-01-13 09:30:56.125448744,100027.0
2020-01-13 09:30:56.249225245,100027.0
2020-01-13 09:30:56.266432673,100027.0
2020-01-13 09:30:56.432910839,100027.0
2020-01-13 09:30:56.554356302,100026.0
2020-01-13 09:30:56.561229001,100026.0
2020-01-13 09:30:56.601460316,100027.0
2020-01-13 09:30:57.062128822,100027.0
2020-01-13 09:30:57.256251557,100029.0
2020-01-13 09:30:57.308706416,100028.0
2020-01-13 09:30:57.692991058,100031.0
2020-01-13 09:30:57.726522741,100031.0
2020-01-13 09:30:57.853510809,100030.0
2020-01-13 09:30:58.139292701,100032.0
2020-01-13 09:30:58.153479641,100032.0
2020-01-13 09:30:58.182162733,100032.0
2020-01-13 09:30:58.274981354,100029.0
2020-01-13 09:30:58.467142761,100028.0
2020-01-13 09:30:58.574478078,100029.0
2020-01-13 09:30:58.665032800,100031.0
2020-01-13 09:30:58.823392313,100033.0
2020-01-13 09:30:58.968859331,100033.0
2020-01-13 09:30:59.499230782,100036.0
2020-01-13 09:30:59.719722694,100031.0
2020-01-13 09:30:59.817097135,100032.0
2020-01-13 09:30:59.900713743,100033.0
2020-01-13 09:31:00.210921891,100031.0
2020-01-13 09:31:00.596308996,100030.0
2020-01-13 09:31:00.637617252,100030.0
2020-01-13 09:31:00.793071077,100029.0
2020-01-13 09:31:00.958190040,100027.0
2020-01-13 09:31:01.308332503,100027.0
2020-01-13 09:31:01.540503261,100025.0
2020-01-13 09:31:01.559767148,100025.0
2020-01-13 09:31:01.699155022,100024.0
2020-01-13 09:31:01.763914576,100025.0
2020-01-13 09:31:01.861743891,100026.0
2020-01-13 09:31:01.983090725,100026.0
2020-01-13 09:31:02.140227759,100027.0
2020-01-13 09:31:02.340662676,100027.0
2020-01-13 09:31:02.399736602,100027.0
2020-01-13 09:31:02.485530412,100026.0
2020-01-13 09:31:03.026923053,100026.0
2020-01-13 09:31:03.039847063,100026.0
2020-01-13 09:31:03.129492453,100024.0
2020-01-13 09:31:03.489594251,100024.0
2020-01-13 09:31:03.562618755,100024.0
2020-01-13 09:31:03.855570525,100020.0
2020-01-13 09:31:03.895105423,100020.0
2020-01-13 09:31:03.932413321,100020.0
2020-01-13 09:31:04.004745193,100020.0
2020-01-13 09:31:04.036175219,100019.0
2020-01-13 09:31:04.174017742,100019.0
2020-01-13 09:31:04.212870187,100019.0
2020-01-13 09:31:04.342040906,100018.0
2020-01-13 09:31:04.360134253,100018.0
2020-01-13 09:31:04.568166707,100019.0
2020-01-13 09:31:04.704420368,100019.0
2020-01-13 09:31:04.800957991,100019.0
2020-01-13 09:31:05.142410283,100017.0
2020-01-13 09:31:05.320446111,100017.0
2020-01-13 09:31:05.448303520,100016.0
2020-01-13 09:31:05.582672506,100015.0
2020-01-13 09:31:05.802879698,100012.0
2020-01-13 09:31:05.809215107,100012.0
2020-01-13 09:31:05.985826141,100015.0
2020-01-13 09:31:06.100234676,100016.0
2020-01-13 09:31:06.217582961,100016.0
2020-01-13 09:31:06.264082854,100017.0
2020-01-13 09:31:06.428921420,100017.0
2020-01-13 09:31:06.502607513,100017.0
2020-01-13 09:31:06.780014744,100017.0
2020-01-13 09:31:06.839122303,100017.0
2020-01-13 09:31:07.015471870,100017.0
2020-01-13 09:31:07.082752143,100016.0
2020-01-13 09:31:07.244347209,100017.0
2020-01-13 09:31:07.254851540,100017.0
2020-01-13 09:31:07.377926215,100016.0
2020-01-13 09:31:07.653166553,100016.0
2020-01-13 09:31:07.946386043,100017.0
2020-01-13 09:31:07.949522201,100017.0
2020-01-13 09:31:08.141827050,100015.0
2020-01-13 09:31:08.173752841,100015.0
2020-01-13 09:31:08.223142216,100015.0
2020-01-13 09:31:08.287394316,100015.0
2020-01-13 09:31:08.523850465,100015.0
2020-01-13 09:31:08.798396955,100019.0
2020-01-13 09:31:09.111440353,100021.0
2020-01-13 09:31:09.191384177,100021.0
2020-01-13 09:31:09.244629930,100022.0
2020-01-13 09:31:09.559764604,100018.0
2020-01-13 09:31:09.647925538,100016.0
2020-01-13 09:31:09.796073949,100017.0
2020-01-13 09:31:09.945509715,100019.0
2020-01-13 09:31:10.036348597,100019.0
2020-01-13 09:31:10.205715731,100017.0
2020-01-13 09:31:10.350198767,100016.0
2020-01-13 09:31:10.429432275,100016.0
2020-01-13 09:31:10.468166469,100016.0
2020-01-13 09:31:10.975377286,100027.0
2020-01-13 09:31:11.191279526,100024.0
2020-01-13 09:31:11.251891179,100022.0
2020-01-13 09:31:11.342492612,100022.0
2020-01-13 09:31:11.374716301,100022.0
2020-01-13 09:31:11.584262099,100022.0
2020-01-13 09:31:11.788911841,100023.0
2020-01-13 09:31:11.995510433,100023.0
2020-01-13 09:31:12.092088458,100023.0
2020-01-13 09:31:12.367284061,100022.0
2020-01-13 09:31:12.413176378,100022.0
2020-01-13 09:31:12.501927224,100022.0
2020-01-13 09:31:12.543599395,100022.0
2020-01-13 09:31:12.716325910,100021.0
2020-01-13 09:31:12.785999874,100023.0
2020-01-13 09:31:12.797490571,100023.0
2020-01-13 09:31:12.811965818,100023.0
2020-01-13 09:31:12.888310807,100024.0
2020-01-13 09:31:12.966784215,100023.0
2020-01-13 09:31:13.175444549,100024.0
2020-01-13 09:31:13.495646212,100024.0
2020-01-13 09:31:13.499488393,100024.0
2020-01-13 09:31:13.624411753,100025.0
2020-01-13 09:31:13.707303237,100025.0
2020-01-13 09:31:13.756924868,100025.0
2020-01-13 09:31:14.107303762,100028.0
2020-01-13 09:31:14.257593366,100025.0
2020-01-13 09:31:14.281814085,100025.0
2020-01-13 09:31:14.601155018,100025.0
2020-01-13 09:31:14.874386896,100025.0
2020-01-13 09:31:14.978937317,100024.0
2020-01-13 09:31:15.198975541,100025.0
2020-01-13 09:31:15.221375849,100025.0
2020-01-13 09:31:15.304083540,100026.0
2020-01-13 09:31:15.445326001,100028.0
2020-01-13 09:31:15.468058432,100028.0
2020-01-13 09:31:15.519392985,100027.0
2020-01-13 09:31:15.843106462,100026.0
2020-01-13 09:31:15.871177139,100026.0
2020-01-13 09:31:16.151815362,100026.0
2020-01-13 09:31:16.193464313,100026.0
2020-01-13 09:31:16.197024982,100026.0
2020-01-13 09:31:16.241381108,100025.0
2020-01-13 09:31:16.293632578,100025.0
2020-01-13 09:31:16.690118539,100023.0
2020-01-13 09:31:16.820817285,100024.0
2020-01-13 09:31:16.887342407,100023.0
2020-01-13 09:31:16.900290397,100023.0
2020-01-13 09:31:16.917916596,100023.0
2020-01-13 09:31:16.933574131,100023.0
2020-01-13 09:31:17.053177094,100023.0
2020-01-13 09:31:17.079282893,100023.0
2020-01-13 09:31:17.222597240,100023.0
2020-01-13 09:31:17.298322592,100024.0
2020-01-13 09:31:17.342518329,100023.0
2020-01-13 09:31:17.708082332,100017.0
2020-01-13 09:31:17.820393541,100014.0
2020-01-13 09:31:17.877492007,100014.0
2020-01-13 09:31:17.898625530,100014.0
2020-01-13 09:31:18.215685606,100014.0
2020-01-13 09:31:18.328410267,100012.0
2020-01-13 09:31:18.625586202,100008.0
2020-01-13 09:31:18.911899898,100006.0
2020-01-13 09:31:19.013227481,100004.0
2020-01-13 09:31:19.228085676,100001.0
2020-01-13 09:31:19.345720611,100002.0
2020-01-13 09:31:19.481955200,100002.0
2020-01-13 09:31:19.495192732,100002.0
2020-01-13 09:31:19.614493885,100002.0
2020-01-13 09:31:19.756605867,100003.0
2020-01-13 09:31:19.777595759,100003.0
2020-01-13 09:31:19.913169161,100004.0
2020-01-13 09:31:20.085247736,100006.0
2020-01-13 09:31:20.504011650,100002.0
2020-01-13 09:31:20.568122485,100002.0
2020-01-13 09:31:20.664042372,100004.0
2020-01-13 09:31:20.969603287,100003.0
2020-01-13 09:31:21.631847771,100000.0
2020-01-13 09:31:21.646928619,100000.0
2020-01-13 09:31:21.789393387,100000.0
2020-01-13 09:31:21.837092481,99999.0
2020-01-13 09:31:21.997156700,99998.0
2020-01-13 09:31:22.008866986,99998.0
2020-01-13 09:31:22.208043286,100000.0
2020-01-13 09:31:22.232491354,100000.0
2020-01-13 09:31:22.272304685,100000.0
2020-01-13 09:31:22.565546271,100003.0
2020-01-13 09:31:22.842237867,100000.0
2020-01-13 09:31:23.062870807,99998.0
2020-01-13 09:31:23.399030548,99994.0
2020-01-13 09:31:23.524116927,99993.0
2020-01-13 09:31:23.709679660,99996.0
2020-01-13 09:31:23.933027291,99998.0
2020-01-13 09:31:23.934079024,99998.0
2020-01-13 09:31:24.088886104,99999.0
2020-01-13 09:31:24.115253120,99999.0
2020-01-13 09:31:24.115821639,99999.0
2020-01-13 09:31:24.191595208,100000.0
2020-01-13 09:31:24.381553718,100000.0
2020-01-13 09:31:24.594266375,100004.0
2020-01-13 09:31:24.647497113,100003.0
2020-01-13 09:31:24.923364907,100006.0
2020-01-13 09:31:24.931593643,100006.0
2020-01-13 09:31:24.950107323,100006.0
2020-01-13 09:31:24.974618858,100006.0
2020-01-13 09:31:25.051579315,100005.0
2020-01-13 09:31:25.139905127,100005.0
2020-01-13 09:31:25.419183336,100005.0
2020-01-13 09:31:25.481192995,100005.0
2020-01-13 09:31:25.527203632,100005.0
2020-01-13 09:31:25.640650526,100006.0
2020-01-13 09:31:25.832186866,100005.0
2020-01-13 09:31:26.263602463,100005.0
2020-01-13 09:31:26.523243770,100006.0
2020-01-13 09:31:26.746880009,100006.0
2020-01-13 09:31:26.799303777,100006.0
2020-01-13 09:31:26.857478768,100005.0
2020-01-13 09:31:26.897141351,100005.0
2020-01-13 09:31:27.057857898,100006.0
2020-01-13 09:31:27.476287446,100009.0
2020-01-13 09:31:27.579780049,100010.0
2020-01-13 09:31:27.710990912,100010.0
2020-01-13 09:31:28.090010762,100014.0
2020-01-13 09:31:28.401384056,100018.0
2020-01-13 09:31:28.488714412,100018.0
2020-01-13 09:31:28.687549299,100016.0
2020-01-13 09:31:28.801154343,100016.0
2020-01-13 09:31:28.976359144,100017.0
2020-01-13 09:31:29.473633166,100020.0
2020-01-13 09:31:29.621040668,100020.0
2020-01-13 09:31:29.635508284,100020.0
2020-01-13 09:31:29.849662136,100019.0
2020-01-13 09:31:29.932563807,100018.0
2020-01-13 09:31:30.063931684,100016.0
2020-01-13 09:31:30.268229054,100019.0
2020-01-13 09:31:30.284704815,100019.0
2020-01-13 09:31:30.366107794,100020.0
2020-01-13 09:31:31.054236628,100030.0
2020-01-13 09:31:31.237216541,100027.0
2020-01-13 09:31:31.750058592,100028.0
2020-01-13 09:31:31.857636615,100027.0
2020-01-13 09:31:32.189257384,100032.0
2020-01-13 09:31:32.298940718,100033.0
2020-01-13 09:31:32.322160876,100033.0
2020-01-13 09:31:32.389991586,100032.0
2020-01-13 09:31:32.489736537,100034.0
2020-01-13 09:31:32.801388681,100041.0
2020-01-13 09:31:32.813613288,100041.0
2020-01-13 09:31:33.102921304,100040.0
2020-01-13 09:31:33.269411905,100040.0
2020-01-13 09:31:33.361751989,100039.0
2020-01-13 09:31:33.470136317,100039.0
2020-01-13 09:31:33.482702332,100039.0
2020-01-13 09:31:33.697647122,100038.0
2020-01-13 09:31:33.935406659,100039.0
2020-01-13 09:31:33.957089876,100039.0
2020-01-13 09:31:34.153864236,100038.0
2020-01-13 09:31:34.319513153,100037.0
2020-01-13 09:31:34.376904929,100036.0
2020-01-13 09:31:34.840996000,100035.0
2020-01-13 09:31:34.890992814,100035.0
2020-01-13 09:31:35.166232249,100034.0
2020-01-13 09:31:35.256873009,100033.0
2020-01-13 09:31:35.301522173,100033.0
2020-01-13 09:31:35.875220385,100031.0
2020-01-13 09:31:36.329955091,100025.0
2020-01-13 09:31:36.739060683,100030.0
2020-01-13 09:31:36.851374522,100030.0
2020-01-13 09:31:36.954399949,100029.0
2020-01-13 09:31:37.023485399,100030.0
2020-01-13 09:31:37.098981395,100030.0
2020-01-13 09:31:37.371659289,100031.0
2020-01-13 09:31:38.047169135,100036.0
2020-01-13 09:31:38.190047028,100035.0
2020-01-13 09:31:38.275348526,100035.0
2020-01-13 09:31:38.381986089,100035.0
2020-01-13 09:31:38.386390809,100035.0
2020-01-13 09:31:38.458731853,100035.0
2020-01-13 09:31:38.667580425,100033.0
2020-01-13 09:31:38.791299318,100033.0
2020-01-13 09:31:39.141383136,100035.0
2020-01-13 09:31:39.231006798,100035.0
2020-01-13 09:31:39.386572425,100035.0
2020-01-13 09:31:39.439810811,100035.0
2020-01-13 09:31:39.548425829,100036.0
2020-01-13 09:31:39.619358098,100036.0
2020-01-13 09:31:39.741608191,100038.0
2020-01-13 09:31:39.975397816,100042.0
2020-01-13 09:31:40.297058253,100041.0
2020-01-13 09:31:40.320702333,100041.0
2020-01-13 09:31:40.372058496,100040.0
2020-01-13 09:31:40.681653090,100038.0
2020-01-13 09:31:40.851048050,100042.0
2020-01-13 09:31:40.954708639,100041.0
2020-01-13 09:31:40.961729667,100041.0
2020-01-13 09:31:41.067477685,100042.0
2020-01-13 09:31:41.074365915,100042.0
2020-01-13 09:31:41.182720304,100040.0
2020-01-13 09:31:41.186916127,100040.0
2020-01-13 09:31:41.226353987,100041.0
2020-01-13 09:31:41.522039318,100039.0
2020-01-13 09:31:41.946312434,100044.0
2020-01-13 09:31:42.082135818,100045.0
2020-01-13 09:31:42.253784688,100046.0
2020-01-13 09:31:42.320801430,100046.0
2020-01-13 09:31:42.401756055,100046.0
2020-01-13 09:31:42.622187135,100048.0
2020-01-13 09:31:42.888330184,100047.0
2020-01-13 09:31:42.930580803,100048.0
2020-01-13 09:31:42.935789385,100048.0
2020-01-13 09:31:43.039069409,100048.0
2020-01-13 09:31:43.340395558,100050.0
2020-01-13 09:31:43.378109261,100050.0
2020-01-13 09:31:43.431625176,100050.0
2020-01-13 09:31:43.466627176,100050.0
2020-01-13 09:31:43.568183166,100050.0
2020-01-13 09:31:43.794335470,100049.0
2020-01-13 09:31:43.880718846,100048.0
2020-01-13 09:31:44.018249753,100047.0
2020-01-13 09:31:44.486558513,100040.0
2020-01-13 09:31:44.543736903,100040.0
2020-01-13 09:31:44.576015097,100040.0
2020-01-13 09:31:44.829707765,100045.0
2020-01-13 09:31:44.910896624,100045.0
2020-01-13 09:31:45.313469719,100042.0
2020-01-13 09:31:45.421490150,100042.0
2020-01-13 09:31:45.802915703,100053.0
2020-01-13 09:31:45.915283446,100054.0
2020-01-13 09:31:45.989572036,100054.0
2020-01-13 09:31:46.120119255,100054.0
2020-01-13 09:31:46.602335388,100057.0
2020-01-13 09:31:46.757486049,100059.0
2020-01-13 09:31:46.944377867,100060.0
2020-01-13 09:31:47.064617231,100061.0
2020-01-13 09:31:47.117353157,100061.0
2020-01-13 09:31:47.395107738,100059.0
2020-01-13 09:31:47.452227106,100060.0
2020-01-13 09:31:47.814097177,100055.0
2020-01-13 09:31:48.185093335,100059.0
2020-01-13 09:31:48.209516944,100059.0
2020-01-13 09:31:48.317787971,100058.0
2020-01-13 09:31:48.354861468,100059.0
2020-01-13 09:31:48.661099593,100061.0
2020-01-13 09:31:48.909486970,100061.0
2020-01-13 09:31:48.960399733,100061.0
2020-01-13 09:31:49.014134964,100061.0
2020-01-13 09:31:49.470807945,100052.0
2020-01-13 09:31:49.510763009,100052.0
2020-01-13 09:31:49.548223337,100052.0
2020-01-13 09:31:49.583811153,100052.0
2020-01-13 09:31:49.671137111,100054.0
2020-01-13 09:31:49.755391732,100054.0
2020-01-13 09:31:49.766359271,100054.0
2020-01-13 09:31:49.890041880,100054.0
2020-01-13 09:31:49.941585920,100054.0
2020-01-13 09:31:49.963924010,100054.0
2020-01-13 09:31:49.982750825,100054.0
2020-01-13 09:31:50.153482045,100055.0
2020-01-13 09:31:50.162225254,100055.0
2020-01-13 09:31:50.262633078,100055.0
2020-01-13 09:31:50.308838004,100055.0
2020-01-13 09:31:50.418487390,100055.0
2020-01-13 09:31:50.834469780,100061.0
2020-01-13 09:31:50.850689382,100061.0
2020-01-13 09:31:51.085319718,100061.0
2020-01-13 09:31:51.632791355,100063.0
2020-01-13 09:31:52.360402373,100059.0
2020-01-13 09:31:52.413596402,100059.0
2020-01-13 09:31:52.448039185,100060.0
2020-01-13 09:31:52.521751256,100061.0
2020-01-13 09:31:52.637109095,100062.0
2020-01-13 09:31:52.709132269,100062.0
2020-01-13 09:31:52.753668184,100063.0
2020-01-13 09:31:52.943558467,100062.0
2020-01-13 09:31:52.972822623,100062.0
2020-01-13 09:31:53.398454364,100065.0
2020-01-13 09:31:53.761440072,100058.0
2020-01-13 09:31:53.774969202,100058.0
2020-01-13 09:31:53.995208303,100057.0
2020-01-13 09:31:54.084430671,100056.0
2020-01-13 09:31:54.120760672,100056.0
2020-01-13 09:31:54.151677302,100056.0
2020-01-13 09:31:54.451137182,100061.0
2020-01-13 09:31:54.564185174,100061.0
2020-01-13 09:31:54.665378633,100061.0
2020-01-13 09:31:55.004336964,100064.0
2020-01-13 09:31:55.075328427,100064.0
2020-01-13 09:31:55.319434236,100067.0
2020-01-13 09:31:55.354020157,100067.0
2020-01-13 09:31:55.670072776,100070.0
2020-01-13 09:31:56.022566131,100068.0
2020-01-13 09:31:56.101556538,100068.0
2020-01-13 09:31:56.129057123,100067.0
2020-01-13 09:31:56.183930825,100068.0
2020-01-13 09:31:56.342985377,100069.0
2020-01-13 09:31:56.514769821,100069.0
2020-01-13 09:31:56.784927451,100069.0
2020-01-13 09:31:56.821872550,100069.0
2020-01-13 09:31:56.848246052,100069.0
2020-01-13 09:31:56.920892138,100069.0
2020-01-13 09:31:57.313275681,100063.0
2020-01-13 09:31:57.567692501,100063.0
2020-01-13 09:31:57.622738804,100064.0
2020-01-13 09:31:58.004255966,100065.0
2020-01-13 09:31:58.162240126,100064.0
2020-01-13 09:31:58.247856025,100064.0
2020-01-13 09:31:58.340177649,100063.0
2020-01-13 09:31:58.456442485,100064.0
2020-01-13 09:31:58.509076938,100064.0
2020-01-13 09:31:58.580527507,100063.0
2020-01-13 09:31:58.617154860,100063.0
2020-01-13 09:31:58.631909675,100063.0
2020-01-13 09:31:58.818201499,100062.0
2020-01-13 09:31:59.035268480,100058.0
2020-01-13 09:31:59.694466637,100060.0
2020-01-13 09:31:59.732774849,100060.0
2020-01-13 09:31:59.899634344,100061.0
2020-01-13 09:32:00.079680983,100061.0
2020-01-13 09:32:00.089147956,100061.0
2020-01-13 09:32:00.258037750,100059.0
2020-01-13 09:32:00.327446835,100059.0
2020-01-13 09:32:00.353631173,100059.0
2020-01-13 09:32:00.372105962,100059.0
2020-01-13 09:32:00.451800280,100058.0
2020-01-13 09:32:00.472610327,100058.0
2020-01-13 09:32:00.597644578,100060.0
2020-01-13 09:32:00.664961900,100061.0
2020-01-13 09:32:00.668044695,100061.0
2020-01-13 09:32:00.752210162,100061.0
2020-01-13 09:32:00.776546006,100061.0
2020-01-13 09:32:00.884508828,100061.0
2020-01-13 09:32:00.900392692,100061.0
2020-01-13 09:32:00.952933566,100060.0
2020-01-13 09:32:01.041498002,100060.0
2020-01-13 09:32:01.120583736,100061.0
2020-01-13 09:32:01.523408681,100059.0
2020-01-13 09:32:01.598437497,100059.0
2020-01-13 09:32:01.734985141,100057.0
2020-01-13 09:32:01.758012577,100057.0
2020-01-13 09:32:01.854088179,100056.0
2020-01-13 09:32:02.005348968,100055.0
2020-01-13 09:32:02.010479231,100055.0
2020-01-13 09:32:02.066077878,100055.0
2020-01-13 09:32:02.140633344,100055.0
2020-01-13 09:32:02.202431354,100054.0
2020-01-13 09:32:02.387178236,100058.0
2020-01-13 09:32:02.521057253,100054.0
2020-01-13 09:32:02.835755007,100053.0
2020-01-13 09:32:02.930861990,100052.0
2020-01-13 09:32:03.040829709,100050.0
2020-01-13 09:32:03.251390316,100050.0
2020-01-13 09:32:03.319565791,100050.0
2020-01-13 09:32:03.491202932,100050.0
2020-01-13 09:32:03.691522993,100053.0
2020-01-13 09:32:03.847493972,100054.0
2020-01-13 09:32:03.861508956,100054.0
2020-01-13 09:32:03.885707784,100054.0
2020-01-13 09:32:03.897610441,100054.0
2020-01-13 09:32:04.252329889,100062.0
2020-01-13 09:32:04.270865618,100062.0
2020-01-13 09:32:04.395989570,100061.0
2020-01-13 09:32:04.416872019,100061.0
2020-01-13 09:32:04.602719706,100059.0
2020-01-13 09:32:04.710260511,100059.0
2020-01-13 09:32:04.745931763,100059.0
2020-01-13 09:32:04.754940949,100059.0
2020-01-13 09:32:04.868480814,100060.0
2020-01-13 09:32:05.023072743,100059.0
2020-01-13 09:32:05.297874213,100055.0
2020-01-13 09:32:05.545749745,100050.0
2020-01-13 09:32:05.556671942,100050.0
2020-01-13 09:32:05.683497114,100050.0
2020-01-13 09:32:05.695622532,100050.0
2020-01-13 09:32:06.054424811,100050.0
2020-01-13 09:32:06.165231859,100050.0
2020-01-13 09:32:06.246028403,100050.0
2020-01-13 09:32:06.422041736,100052.0
2020-01-13 09:32:06.452393761,100052.0
2020-01-13 09:32:06.669019808,100053.0
2020-01-13 09:32:06.833731675,100050.0
2020-01-13 09:32:06.921132716,100050.0
2020-01-13 09:32:07.243933475,100049.0
2020-01-13 09:32:07.347181570,100049.0
2020-01-13 09:32:07.462677725,100048.0
2020-01-13 09:32:07.499983432,100048.0
2020-01-13 09:32:07.502906133,100048.0
2020-01-13 09:32:07.579843282,100048.0
2020-01-13 09:32:07.699004125,100047.0
2020-01-13 09:32:07.700616918,100047.0
2020-01-13 09:32:07.902227526,100043.0
2020-01-13 09:32:07.923726538,100043.0
2020-01-13 09:32:08.162119327,100044.0
2020-01-13 09:32:08.221399615,100043.0
2020-01-13 09:32:08.284963577,100044.0
2020-01-13 09:32:08.475230239,100045.0
2020-01-13 09:32:08.507064330,100045.0
2020-01-13 09:32:08.557302054,100045.0
2020-01-13 09:32:08.960753705,100040.0
2020-01-13 09:32:08.972553441,100040.0
2020-01-13 09:32:08.995471520,100040.0
2020-01-13 09:32:09.007254897,100040.0
2020-01-13 09:32:09.126766770,100040.0
2020-01-13 09:32:09.207556968,100040.0
2020-01-13 09:32:09.236656092,100040.0
2020-01-13 09:32:09.386537116,100041.0
2020-01-13 09:32:09.722355393,100042.0
2020-01-13 09:32:09.805227140,100041.0
2020-01-13 09:32:09.872710102,100041.0
2020-01-13 09:32:10.369413132,100044.0
2020-01-13 09:32:10.624023935,100045.0
2020-01-13 09:32:10.961398930,100050.0
2020-01-13 09:32:11.098358533,100051.0
2020-01-13 09:32:11.580155850,100055.0
2020-01-13 09:32:11.665646431,100055.0
2020-01-13 09:32:11.719217923,100055.0
2020-01-13 09:32:11.768299022,100055.0
2020-01-13 09:32:12.057325244,100052.0
2020-01-13 09:32:12.312743807,100051.0
2020-01-13 09:32:12.368418312,100051.0
2020-01-13 09:32:12.462898223,100051.0
2020-01-13 09:32:12.533409968,100050.0
2020-01-13 09:32:13.454931384,100045.0
2020-01-13 09:32:13.576215498,100046.0
2020-01-13 09:32:13.622801515,100046.0
2020-01-13 09:32:13.701196714,100047.0
2020-01-13 09:32:13.796654600,100045.0
2020-01-13 09:32:13.963174906,100044.0
2020-01-13 09:32:14.095802684,100042.0
2020-01-13 09:32:14.189760488,100041.0
2020-01-13 09:32:14.354832967,100043.0
2020-01-13 09:32:14.555647634,100041.0
2020-01-13 09:32:14.559788989,100041.0
2020-01-13 09:32:14.871192579,100049.0
2020-01-13 09:32:14.881992167,100049.0
2020-01-13 09:32:15.034595879,100051.0
2020-01-13 09:32:15.184968930,100050.0
2020-01-13 09:32:15.210517443,100051.0
2020-01-13 09:32:15.271233851,100051.0
2020-01-13 09:32:15.332008704,100050.0
2020-01-13 09:32:15.378850730,100050.0
2020-01-13 09:32:15.411300633,100050.0
2020-01-13 09:32:15.465500374,100050.0
2020-01-13 09:32:15.628809584,100050.0
2020-01-13 09:32:15.763321599,100050.0
2020-01-13 09:32:15.933587970,100052.0
2020-01-13 09:32:16.062146516,100052.0
2020-01-13 09:32:16.082087767,100052.0
2020-01-13 09:32:16.097779109,100052.0
2020-01-13 09:32:16.142456443,100052.0
2020-01-13 09:32:16.169301515,100052.0
2020-01-13 09:32:16.233521715,100053.0
2020-01-13 09:32:16.328387235,100055.0
2020-01-13 09:32:16.331042656,100055.0
2020-01-13 09:32:16.350772175,100055.0
2020-01-13 09:32:16.542518561,100051.0
2020-01-13 09:32:16.651768860,100050.0
2020-01-13 09:32:16.798654105,100050.0
2020-01-13 09:32:16.812106216,100050.0
2020-01-13 09:32:16.946140727,100050.0
2020-01-13 09:32:17.297402864,100051.0
2020-01-13 09:32:17.317075566,100051.0
2020-01-13 09:32:17.392233202,100051.0
2020-01-13 09:32:17.710553020,100047.0
2020-01-13 09:32:17.726295366,100047.0
2020-01-13 09:32:17.958708800,100047.0
2020-01-13 09:32:18.023297811,100047.0
2020-01-13 09:32:18.076390687,100047.0
2020-01-13 09:32:18.124467984,100046.0
2020-01-13 09:32:18.304018026,100047.0
2020-01-13 09:32:18.926754747,100051.0
2020-01-13 09:32:18.946367885,100051.0
2020-01-13 09:32:19.327142598,100053.0
2020-01-13 09:32:19.730143005,100050.0
2020-01-13 09:32:19.792370558,100051.0
2020-01-13 09:32:19.864447175,100050.0
2020-01-13 09:32:20.203671445,100046.0
2020-01-13 09:32:20.475476244,100047.0
2020-01-13 09:32:20.822083467,100044.0
2020-01-13 09:32:20.852539066,100044.0
2020-01-13 09:32:21.325366297,100043.0
2020-01-13 09:32:21.341340086,100043.0
2020-01-13 09:32:21.384278586,100044.0
2020-01-13 09:32:21.518233823,100044.0
2020-01-13 09:32:21.586477790,100044.0
2020-01-13 09:32:21.593116923,100044.0
2020-01-13 09:32:22.215252522,100036.0
2020-01-13 09:32:22.310151937,100036.0
2020-01-13 09:32:22.349339139,100036.0
2020-01-13 09:32:22.382271755,100037.0
2020-01-13 09:32:22.515336425,100037.0
2020-01-13 09:32:22.678949599,100038.0
2020-01-13 09:32:22.903493525,100037.0
2020-01-13 09:32:23.454059910,100043.0
2020-01-13 09:32:23.768355404,100049.0
2020-01-13 09:32:23.959088367,100047.0
2020-01-13 09:32:24.117805497,100047.0
2020-01-13 09:32:24.154883877,100047.0
2020-01-13 09:32:24.210581987,100047.0
2020-01-13 09:32:24.455371665,100047.0
2020-01-13 09:32:24.563657131,100048.0
2020-01-13 09:32:24.831838049,100046.0
2020-01-13 09:32:24.846341373,100046.0
2020-01-13 09:32:24.853546137,100046.0
2020-01-13 09:32:24.904777873,100046.0
2020-01-13 09:32:24.960064226,100046.0
2020-01-13 09:32:25.038948813,100046.0
2020-01-13 09:32:25.227973930,100048.0
2020-01-13 09:32:25.486848895,100052.0
2020-01-13 09:32:25.807414273,100059.0
2020-01-13 09:32:25.835592456,100059.0
2020-01-13 09:32:25.942985808,100059.0
2020-01-13 09:32:26.008629011,100059.0
2020-01-13 09:32:26.019483107,100059.0
2020-01-13 09:32:26.166566050,100059.0
2020-01-13 09:32:26.427962377,100058.0
2020-01-13 09:32:26.493373654,100059.0
2020-01-13 09:32:26.526143397,100059.0
2020-01-13 09:32:26.556775901,100059.0
2020-01-13 09:32:26.581243409,100059.0
2020-01-13 09:32:26.832478467,100057.0
2020-01-13 09:32:27.037978639,100055.0
2020-01-13 09:32:27.181391249,100053.0
2020-01-13 09:32:27.187265082,100053.0
2020-01-13 09:32:27.366647526,100053.0
2020-01-13 09:32:27.440719446,100053.0
2020-01-13 09:32:27.529505267,100052.0
2020-01-13 09:32:28.138548251,100048.0
2020-01-13 09:32:28.156762842,100048.0
2020-01-13 09:32:28.194769734,100048.0
2020-01-13 09:32:28.282550037,100049.0
2020-01-13 09:32:28.309534313,100049.0
2020-01-13 09:32:28.695187462,100049.0
2020-01-13 09:32:28.948348083,100046.0
2020-01-13 09:32:29.125881214,100047.0
2020-01-13 09:32:29.548276667,100039.0
2020-01-13 09:32:29.669510118,100040.0
2020-01-13 09:32:29.688583454,100040.0
2020-01-13 09:32:29.723918426,100040.0
2020-01-13 09:32:29.862740671,100041.0
2020-01-13 09:32:29.964278198,100042.0
2020-01-13 09:32:30.068219700,100043.0
2020-01-13 09:32:30.123843151,100043.0
2020-01-13 09:32:30.197730502,100044.0
2020-01-13 09:32:30.339604408,100043.0
2020-01-13 09:32:30.963469418,100047.0
2020-01-13 09:32:30.998882072,100047.0
2020-01-13 09:32:31.230608512,100047.0
2020-01-13 09:32:31.264725635,100047.0
2020-01-13 09:32:31.293821237,100047.0
2020-01-13 09:32:31.473984696,100047.0
2020-01-13 09:32:31.491893810,100047.0
2020-01-13 09:32:31.669737725,100044.0
2020-01-13 09:32:32.020878834,100044.0
2020-01-13 09:32:32.050865632,100044.0
2020-01-13 09:32:32.053156568,100044.0
2020-01-13 09:32:32.239614075,100047.0
2020-01-13 09:32:32.324798247,100047.0
2020-01-13 09:32:32.381096754,100047.0
2020-01-13 09:32:32.449151632,100048.0
2020-01-13 09:32:32.558958034,100048.0
2020-01-13 09:32:32.835803713,100047.0
2020-01-13 09:32:33.013690710,100045.0
2020-01-13 09:32:33.100169213,100044.0
2020-01-13 09:32:33.145317310,100044.0
2020-01-13 09:32:33.469871473,100045.0
2020-01-13 09:32:33.493122275,100045.0
2020-01-13 09:32:33.530259248,100045.0
2020-01-13 09:32:33.690623308,100047.0
2020-01-13 09:32:33.713322208,100047.0
2020-01-13 09:32:33.770295767,100047.0
2020-01-13 09:32:33.884632896,100047.0
2020-01-13 09:32:33.915736053,100047.0
2020-01-13 09:32:34.243288695,100048.0
2020-01-13 09:32:34.304919490,100048.0
2020-01-13 09:32:34.312971071,100048.0
2020-01-13 09:32:34.419209595,100047.0
2020-01-13 09:32:34.762899023,100043.0
2020-01-13 09:32:34.863800355,100042.0
2020-01-13 09:32:34.888840024,100042.0
2020-01-13 09:32:34.894066457,100042.0
2020-01-13 09:32:35.023903849,100041.0
2020-01-13 09:32:35.100350463,100042.0
2020-01-13 09:32:35.351497161,100040.0
2020-01-13 09:32:35.573769814,100042.0
2020-01-13 09:32:35.593715157,100042.0
2020-01-13 09:32:35.793644706,100041.0
2020-01-13 09:32:35.817659394,100041.0
2020-01-13 09:32:36.027322638,100040.0
2020-01-13 09:32:36.506977785,100037.0
2020-01-13 09:32:36.529418975,100037.0
2020-01-13 09:32:36.720144554,100035.0
2020-01-13 09:32:36.747914006,100035.0
2020-01-13 09:32:36.903586327,100034.0
2020-01-13 09:32:37.042897465,100032.0
2020-01-13 09:32:37.061147764,100032.0
2020-01-13 09:32:37.266590962,100034.0
2020-01-13 09:32:37.438218679,100034.0
2020-01-13 09:32:37.642426141,100033.0
2020-01-13 09:32:37.673149714,100033.0
2020-01-13 09:32:37.804014900,100033.0
2020-01-13 09:32:37.819643124,100033.0
2020-01-13 09:32:38.197531062,100031.0
2020-01-13 09:32:38.272569495,100031.0
2020-01-13 09:32:38.343172690,100031.0
2020-01-13 09:32:38.577197595,100036.0
2020-01-13 09:32:38.610172131,100036.0
2020-01-13 09:32:38.666912954,100037.0
2020-01-13 09:32:39.074432236,100036.0
2020-01-13 09:32:39.130064348,100036.0
2020-01-13 09:32:39.151802240,100036.0
2020-01-13 09:32:39.206100407,100036.0
2020-01-13 09:32:39.346841193,100036.0
2020-01-13 09:32:39.664885234,100041.0
2020-01-13 09:32:39.826904006,100039.0
2020-01-13 09:32:39.909828917,100040.0
2020-01-13 09:32:40.302955003,100034.0
2020-01-13 09:32:40.308745277,100034.0
2020-01-13 09:32:40.367713780,100033.0
2020-01-13 09:32:40.535362902,100032.0
2020-01-13 09:32:41.399446953,100027.0
2020-01-13 09:32:41.687598906,100029.0
2020-01-13 09:32:41.732994730,100029.0
2020-01-13 09:32:41.964127780,100027.0
2020-01-13 09:32:42.200331053,100021.0
2020-01-13 09:32:42.202314636,100021.0
2020-01-13 09:32:42.360288287,100020.0
2020-01-13 09:32:42.719707237,100019.0
2020-01-13 09:32:43.232282314,100028.0
2020-01-13 09:32:43.262514729,100028.0
2020-01-13 09:32:43.365225260,100029.0
2020-01-13 09:32:43.435050549,100030.0
2020-01-13 09:32:43.557651919,100033.0
2020-01-13 09:32:43.739169716,100033.0
2020-01-13 09:32:44.140440949,100036.0
2020-01-13 09:32:44.456493299,100038.0
2020-01-13 09:32:44.615230208,100041.0
2020-01-13 09:32:44.804867556,100042.0
2020-01-13 09:32:44.842483119,100042.0
2020-01-13 09:32:44.955633687,100042.0
2020-01-13 09:32:45.023047470,100043.0
2020-01-13 09:32:45.659860587,100043.0
2020-01-13 09:32:45.759747971,100042.0
2020-01-13 09:32:45.774349814,100042.0
2020-01-13 09:32:45.832133098,100042.0
2020-01-13 09:32:45.904215117,100041.0
2020-01-13 09:32:45.915538269,100041.0
2020-01-13 09:32:46.137007497,100039.0
2020-01-13 09:32:46.191656120,100039.0
2020-01-13 09:32:46.325181436,100037.0
2020-01-13 09:32:46.671318982,100040.0
2020-01-13 09:32:46.865414650,100038.0
2020-01-13 09:32:46.967607241,100037.0
2020-01-13 09:32:47.111789863,100037.0
2020-01-13 09:32:47.455985809,100037.0
2020-01-13 09:32:47.596835664,100036.0
2020-01-13 09:32:47.631167475,100036.0
2020-01-13 09:32:47.682728008,100036.0
2020-01-13 09:32:47.777760226,100036.0
2020-01-13 09:32:47.831370695,100036.0
2020-01-13 09:32:47.970500310,100035.0
2020-01-13 09:32:48.171803500,100036.0
2020-01-13 09:32:48.194622924,100036.0
2020-01-13 09:32:48.324726165,100036.0
2020-01-13 09:32:48.577903727,100038.0
2020-01-13 09:32:48.730557615,100037.0
2020-01-13 09:32:48.903116245,100038.0
2020-01-13 09:32:48.979443025,100038.0
2020-01-13 09:32:49.276715968,100035.0
2020-01-13 09:32:49.711812389,100040.0
2020-01-13 09:32:49.777309764,100040.0
2020-01-13 09:32:49.812374390,100040.0
2020-01-13 09:32:49.966713062,100040.0
2020-01-13 09:32:50.081345571,100037.0
2020-01-13 09:32:50.212582489,100038.0
2020-01-13 09:32:50.284331158,100038.0
2020-01-13 09:32:50.358517770,100039.0
2020-01-13 09:32:50.488848320,100037.0
2020-01-13 09:32:50.728671634,100036.0
2020-01-13 09:32:50.904946639,100032.0
2020-01-13 09:32:50.997625719,100031.0
2020-01-13 09:32:51.514506579,100031.0
2020-01-13 09:32:51.590989194,100031.0
2020-01-13 09:32:51.724991926,100031.0
2020-01-13 09:32:52.005930848,100032.0
2020-01-13 09:32:52.059081854,100032.0
2020-01-13 09:32:52.096317856,100032.0
2020-01-13 09:32:52.415286994,100034.0
2020-01-13 09:32:52.646500983,100032.0
2020-01-13 09:32:52.712404169,100032.0
2020-01-13 09:32:52.840175104,100031.0
2020-01-13 09:32:53.076144435,100030.0
2020-01-13 09:32:53.085081864,100030.0
2020-01-13 09:32:53.129430160,100029.0
2020-01-13 09:32:53.409175112,100030.0
2020-01-13 09:32:53.463143972,100030.0
2020-01-13 09:32:53.526846266,100029.0
2020-01-13 09:32:53.788309158,100030.0
2020-01-13 09:32:53.842756399,100030.0
2020-01-13 09:32:54.168426244,100032.0
2020-01-13 09:32:54.216456561,100032.0
2020-01-13 09:32:54.240743695,100032.0
2020-01-13 09:32:54.350403147,100032.0
2020-01-13 09:32:54.499011936,100033.0
2020-01-13 09:32:54.524693870,100032.0
2020-01-13 09:32:54.645842979,100030.0
2020-01-13 09:32:54.743981867,100030.0
2020-01-13 09:32:55.098785645,100033.0
2020-01-13 09:32:55.272735766,100035.0
2020-01-13 09:32:55.288101174,100035.0
2020-01-13 09:32:55.503490597,100034.0
2020-01-13 09:32:55.771319491,100037.0
2020-01-13 09:32:55.791774837,100037.0
2020-01-13 09:32:55.820162868,100037.0
2020-01-13 09:32:55.849519884,100037.0
2020-01-13 09:32:56.230599475,100043.0
2020-01-13 09:32:56.376544363,100043.0
2020-01-13 09:32:56.479593815,100042.0
2020-01-13 09:32:56.759223704,100042.0
2020-01-13 09:32:56.882572353,100044.0
2020-01-13 09:32:57.265065698,100051.0
2020-01-13 09:32:57.372191472,100050.0
2020-01-13 09:32:57.441531370,100052.0
2020-01-13 09:32:57.657932588,100053.0
2020-01-13 09:32:57.817624551,100054.0
2020-01-13 09:32:57.836139483,100054.0
2020-01-13 09:32:57.974271976,100053.0
2020-01-13 09:32:58.201495855,100054.0
2020-01-13 09:32:58.306433706,100053.0
2020-01-13 09:32:58.445415771,100051.0
2020-01-13 09:32:58.619898134,100053.0
2020-01-13 09:32:59.091462170,100053.0
2020-01-13 09:32:59.283402291,100053.0
2020-01-13 09:32:59.378164039,100054.0
2020-01-13 09:32:59.429179160,100054.0
2020-01-13 09:32:59.465253893,100054.0
2020-01-13 09:32:59.501188999,100054.0
2020-01-13 09:32:59.700485454,100057.0
2020-01-13 09:32:59.705283463,100057.0
2020-01-13 09:32:59.881543822,100056.0
2020-01-13 09:32:59.888193655,100056.0
2020-01-13 09:32:59.990811960,100055.0
2020-01-13 09:33:00.135521366,100053.0
2020-01-13 09:33:00.149380439,100053.0
2020-01-13 09:33:00.307957792,100052.0
2020-01-13 09:33:00.353492163,100052.0
2020-01-13 09:33:00.558968435,100050.0
2020-01-13 09:33:00.809314466,100052.0
2020-01-13 09:33:01.006585764,100050.0
2020-01-13 09:33:01.114819144,100049.0
2020-01-13 09:33:01.161869874,100048.0
2020-01-13 09:33:01.210848114,100047.0
2020-01-13 09:33:01.302700952,100046.0
2020-01-13 09:33:01.354791901,100046.0
2020-01-13 09:33:01.421310979,100046.0
2020-01-13 09:33:01.709041674,100048.0
2020-01-13 09:33:01.746836411,100048.0
2020-01-13 09:33:01.889843423,100047.0
2020-01-13 09:33:02.264591513,100047.0
2020-01-13 09:33:02.341493335,100047.0
2020-01-13 09:33:02.408753381,100046.0
2020-01-13 09:33:02.498891179,100045.0
2020-01-13 09:33:02.555277295,100044.0
2020-01-13 09:33:03.191624554,100051.0
2020-01-13 09:33:03.679829158,100042.0
2020-01-13 09:33:03.893083779,100045.0
2020-01-13 09:33:04.076837910,100046.0
2020-01-13 09:33:04.108134112,100046.0
2020-01-13 09:33:04.308997630,100046.0
2020-01-13 09:33:04.339958173,100046.0
2020-01-13 09:33:04.554264300,100046.0
2020-01-13 09:33:04.738647754,100044.0
2020-01-13 09:33:04.906378701,100046.0
2020-01-13 09:33:04.920201824,100046.0
2020-01-13 09:33:05.169295366,100041.0
2020-01-13 09:33:05.300843894,100043.0
2020-01-13 09:33:05.402219441,100043.0
2020-01-13 09:33:05.480996989,100042.0
2020-01-13 09:33:05.528749825,100041.0
2020-01-13 09:33:05.557374125,100041.0
2020-01-13 09:33:05.780738912,100038.0
2020-01-13 09:33:05.964857529,100038.0
2020-01-13 09:33:06.239715941,100034.0
2020-01-13 09:33:06.247053389,100034.0
2020-01-13 09:33:06.352237126,100037.0
2020-01-13 09:33:06.359633516,100037.0
2020-01-13 09:33:06.631713453,100036.0
2020-01-13 09:33:06.656664015,100036.0
2020-01-13 09:33:06.821095088,100034.0
2020-01-13 09:33:06.878899182,100033.0
2020-01-13 09:33:06.910208733,100033.0
2020-01-13 09:33:07.253434381,100027.0
2020-01-13 09:33:07.281908478,100027.0
2020-01-13 09:33:07.617094380,100019.0
2020-01-13 09:33:07.780316422,100018.0
2020-01-13 09:33:07.790435893,100018.0
2020-01-13 09:33:07.880764089,100017.0
2020-01-13 09:33:08.039621942,100017.0
2020-01-13 09:33:08.104565898,100017.0
2020-01-13 09:33:08.197661508,100016.0
2020-01-13 09:33:08.280642443,100015.0
2020-01-13 09:33:08.289960815,100015.0
2020-01-13 09:33:08.508709301,100016.0
2020-01-13 09:33:08.755707781,100012.0
2020-01-13 09:33:08.756182700,100012.0
2020-01-13 09:33:08.841374445,100012.0
2020-01-13 09:33:09.119943199,100013.0
2020-01-13 09:33:09.187559006,100013.0
2020-01-13 09:33:09.309423436,100016.0
2020-01-13 09:33:09.505043098,100017.0
2020-01-13 09:33:09.640433565,100016.0
2020-01-13 09:33:09.720016409,100015.0
2020-01-13 09:33:09.831852060,100016.0
2020-01-13 09:33:09.847310839,100016.0
2020-01-13 09:33:10.169768874,100015.0
2020-01-13 09:33:10.968836756,100014.0
2020-01-13 09:33:11.293019065,100017.0
2020-01-13 09:33:11.496995296,100015.0
2020-01-13 09:33:11.519852301,100015.0
2020-01-13 09:33:11.588550553,100014.0
2020-01-13 09:33:11.807137707,100014.0
2020-01-13 09:33:11.816586988,100014.0
2020-01-13 09:33:12.380704856,100011.0
2020-01-13 09:33:12.469141958,100010.0
2020-01-13 09:33:12.794679946,100012.0
2020-01-13 09:33:12.908935892,100013.0
2020-01-13 09:33:12.928754646,100013.0
2020-01-13 09:33:13.040196719,100013.0
2020-01-13 09:33:13.131525729,100012.0
2020-01-13 09:33:13.216869732,100012.0
2020-01-13 09:33:13.404616266,100010.0
2020-01-13 09:33:13.675448995,100009.0
2020-01-13 09:33:14.030456879,100013.0
2020-01-13 09:33:14.083553723,100013.0
2020-01-13 09:33:14.299808554,100015.0
2020-01-13 09:33:14.460272363,100016.0
2020-01-13 09:33:14.869114212,100013.0
2020-01-13 09:33:15.084025463,100011.0
2020-01-13 09:33:15.102216034,100011.0
2020-01-13 09:33:15.303241341,100015.0
2020-01-13 09:33:15.352811321,100016.0
2020-01-13 09:33:15.642896501,100019.0
2020-01-13 09:33:15.668945525,100019.0
2020-01-13 09:33:15.780384684,100019.0
2020-01-13 09:33:15.809917959,100019.0
2020-01-13 09:33:15.999822877,100018.0
2020-01-13 09:33:16.191436736,100019.0
2020-01-13 09:33:16.615374255,100021.0
2020-01-13 09:33:16.824568713,100023.0
2020-01-13 09:33:16.852768682,100023.0
2020-01-13 09:33:17.191681910,100020.0
2020-01-13 09:33:17.193441493,100020.0
2020-01-13 09:33:17.656606817,100014.0
2020-01-13 09:33:17.991424913,100014.0
2020-01-13 09:33:18.419835503,100013.0
2020-01-13 09:33:18.466162102,100013.0
2020-01-13 09:33:18.527699533,100013.0
2020-01-13 09:33:18.743543130,100013.0
2020-01-13 09:33:19.039267054,100013.0
2020-01-13 09:33:19.251330872,100014.0
2020-01-13 09:33:19.860625913,100006.0
2020-01-13 09:33:20.602943150,100002.0
2020-01-13 09:33:20.654506926,100002.0
2020-01-13 09:33:21.117495263,99999.0
2020-01-13 09:33:21.210111587,99999.0
2020-01-13 09:33:21.234110742,99999.0
2020-01-13 09:33:21.406696389,99997.0
2020-01-13 09:33:21.553134954,99995.0
2020-01-13 09:33:21.863502534,99993.0
2020-01-13 09:33:21.882972232,99993.0
2020-01-13 09:33:22.289055124,99993.0
2020-01-13 09:33:22.371364899,99993.0
2020-01-13 09:33:22.464106760,99993.0
2020-01-13 09:33:23.065779153,99987.0
2020-01-13 09:33:23.268300839,99985.0
2020-01-13 09:33:23.551223144,99984.0
2020-01-13 09:33:23.672129090,99985.0
2020-01-13 09:33:23.682832567,99985.0
2020-01-13 09:33:23.770837893,99986.0
2020-01-13 09:33:23.857683319,99988.0
2020-01-13 09:33:23.941097420,99989.0
2020-01-13 09:33:24.092010418,99989.0
2020-01-13 09:33:24.347977514,99990.0
2020-01-13 09:33:24.428999119,99990.0
2020-01-13 09:33:24.801915763,99988.0
2020-01-13 09:33:24.863590987,99988.0
2020-01-13 09:33:25.128932706,99989.0
2020-01-13 09:33:25.395224817,99994.0
2020-01-13 09:33:25.458934569,99994.0
2020-01-13 09:33:25.520790366,99994.0
2020-01-13 09:33:25.524466452,99994.0
2020-01-13 09:33:25.789148881,99991.0
2020-01-13 09:33:26.199547666,99985.0
2020-01-13 09:33:26.270217821,99984.0
2020-01-13 09:33:26.319968669,99984.0
2020-01-13 09:33:26.391908352,99983.0
2020-01-13 09:33:26.576027013,99982.0
2020-01-13 09:33:26.822202209,99984.0
2020-01-13 09:33:26.941454226,99985.0
2020-01-13 09:33:27.223134406,99983.0
2020-01-13 09:33:27.248268959,99983.0
2020-01-13 09:33:27.412290119,99983.0
2020-01-13 09:33:27.642188489,99985.0
2020-01-13 09:33:27.887804419,99982.0
2020-01-13 09:33:27.989663995,99982.0
2020-01-13 09:33:27.995780092,99982.0
2020-01-13 09:33:28.131272902,99982.0
2020-01-13 09:33:28.141231920,99982.0
2020-01-13 09:33:28.156328108,99982.0
2020-01-13 09:33:28.381122032,99981.0
2020-01-13 09:33:28.508269293,99981.0
2020-01-13 09:33:28.610881871,99982.0
2020-01-13 09:33:28.831577207,99981.0
2020-01-13 09:33:29.005036482,99980.0
2020-01-13 09:33:29.007278601,99980.0
2020-01-13 09:33:29.145071840,99980.0
2020-01-13 09:33:29.260673345,99981.0
2020-01-13 09:33:29.405139932,99983.0
2020-01-13 09:33:29.465168273,99982.0
2020-01-13 09:33:29.737408118,99985.0
2020-01-13 09:33:29.927033454,99985.0
2020-01-13 09:33:30.052266873,99983.0
2020-01-13 09:33:30.095150816,99982.0
2020-01-13 09:33:30.106443316,99982.0
2020-01-13 09:33:30.281544594,99982.0
2020-01-13 09:33:30.395531517,99983.0
2020-01-13 09:33:30.444750500,99984.0
2020-01-13 09:33:30.592408414,99987.0
2020-01-13 09:33:30.601539539,99987.0
2020-01-13 09:33:30.677999035,99988.0
2020-01-13 09:33:30.696407582,99988.0
2020-01-13 09:33:30.984433342,99988.0
2020-01-13 09:33:31.002800372,99988.0
2020-01-13 09:33:31.339162070,99991.0
2020-01-13 09:33:31.365925773,99990.0
2020-01-13 09:33:31.562851149,99990.0
2020-01-13 09:33:31.626387524,99990.0
2020-01-13 09:33:31.745957364,99989.0
2020-01-13 09:33:31.858985161,99988.0
2020-01-13 09:33:31.920221836,99988.0
2020-01-13 09:33:32.055848142,99987.0
2020-01-13 09:33:32.388915304,99990.0
2020-01-13 09:33:32.461648922,99991.0
2020-01-13 09:33:32.737902780,99989.0
2020-01-13 09:33:32.761065935,99989.0
2020-01-13 09:33:32.856648687,99989.0
2020-01-13 09:33:32.916301437,99989.0
2020-01-13 09:33:32.935460552,99989.0
2020-01-13 09:33:32.972186191,99989.0
2020-01-13 09:33:33.757105214,99994.0
2020-01-13 09:33:34.055949838,99997.0
2020-01-13 09:33:34.247969090,99997.0
2020-01-13 09:33:34.276277793,99997.0
2020-01-13 09:33:34.508143578,99999.0
2020-01-13 09:33:34.623518674,99998.0
2020-01-13 09:33:34.776721356,99998.0
2020-01-13 09:33:34.792587923,99998.0
2020-01-13 09:33:34.951013426,99999.0
2020-01-13 09:33:34.963580946,99999.0
2020-01-13 09:33:34.965768862,99999.0
2020-01-13 09:33:35.279908665,100001.0
2020-01-13 09:33:35.670195642,100007.0
2020-01-13 09:33:35.671581302,100007.0
2020-01-13 09:33:35.729864066,100007.0
2020-01-13 09:33:35.797696452,100006.0
2020-01-13 09:33:36.026359638,100005.0
2020-01-13 09:33:36.095499591,100006.0
2020-01-13 09:33:36.126674307,100006.0
2020-01-13 09:33:36.361520170,100005.0
2020-01-13 09:33:36.422395278,100005.0
2020-01-13 09:33:36.511580343,100006.0
2020-01-13 09:33:36.556124785,100006.0
2020-01-13 09:33:36.678335486,100005.0
2020-01-13 09:33:36.724210851,100005.0
2020-01-13 09:33:36.762620213,100005.0
2020-01-13 09:33:36.798711490,100005.0
2020-01-13 09:33:37.038003512,100005.0
2020-01-13 09:33:37.403089799,100007.0
2020-01-13 09:33:37.572683755,100007.0
2020-01-13 09:33:37.575329321,100007.0
2020-01-13 09:33:37.664701523,100009.0
2020-01-13 09:33:37.779465699,100008.0
2020-01-13 09:33:38.025980543,100005.0
2020-01-13 09:33:38.083106224,100004.0
2020-01-13 09:33:38.086252353,100004.0
2020-01-13 09:33:38.209429732,100003.0
2020-01-13 09:33:38.473172629,100003.0
2020-01-13 09:33:38.498803676,100003.0
2020-01-13 09:33:38.621467324,100004.0
2020-01-13 09:33:38.622443613,100004.0
2020-01-13 09:33:38.770050579,100004.0
2020-01-13 09:33:38.823931343,100004.0
2020-01-13 09:33:38.856406285,100004.0
2020-01-13 09:33:39.248730245,100001.0
2020-01-13 09:33:39.609098685,99996.0
2020-01-13 09:33:39.968161528,99992.0
2020-01-13 09:33:40.203684238,99993.0
2020-01-13 09:33:40.296646531,99993.0
2020-01-13 09:33:40.302207781,99993.0
2020-01-13 09:33:40.757625262,99993.0
2020-01-13 09:33:40.815484467,99993.0
2020-01-13 09:33:40.829379991,99993.0
2020-01-13 09:33:40.962341275,99993.0
2020-01-13 09:33:41.017800923,99993.0
2020-01-13 09:33:41.059811725,99993.0
2020-01-13 09:33:41.113926760,99993.0
2020-01-13 09:33:41.705763113,100000.0
2020-01-13 09:33:41.910452504,100000.0
2020-01-13 09:33:42.274790469,99999.0
2020-01-13 09:33:42.430974960,99998.0
2020-01-13 09:33:42.714754726,99991.0
2020-01-13 09:33:42.754929847,99990.0
2020-01-13 09:33:42.772845262,99990.0
2020-01-13 09:33:42.781656239,99990.0
2020-01-13 09:33:42.932037885,99989.0
2020-01-13 09:33:43.132453548,99989.0
2020-01-13 09:33:43.164906319,99989.0
2020-01-13 09:33:43.462998542,99996.0
2020-01-13 09:33:43.642448267,99994.0
2020-01-13 09:33:43.671056748,99994.0
2020-01-13 09:33:43.671240627,99994.0
2020-01-13 09:33:43.689273585,99994.0
2020-01-13 09:33:43.915547132,99993.0
2020-01-13 09:33:44.271731733,99990.0
2020-01-13 09:33:44.413285386,99989.0
2020-01-13 09:33:44.452921115,99988.0
2020-01-13 09:33:44.498710905,99989.0
2020-01-13 09:33:44.576217257,99988.0
2020-01-13 09:33:44.774949036,99989.0
2020-01-13 09:33:44.808732994,99989.0
2020-01-13 09:33:44.927173373,99988.0
2020-01-13 09:33:45.034468826,99987.0
2020-01-13 09:33:45.043212885,99987.0
2020-01-13 09:33:45.157965012,99986.0
2020-01-13 09:33:45.313615173,99985.0
2020-01-13 09:33:45.438677086,99986.0
2020-01-13 09:33:45.454713393,99986.0
2020-01-13 09:33:45.562911985,99986.0
2020-01-13 09:33:45.885183535,99986.0
2020-01-13 09:33:46.052986966,99987.0
2020-01-13 09:33:46.088588281,99987.0
2020-01-13 09:33:46.106810407,99987.0
2020-01-13 09:33:46.205730860,99986.0
2020-01-13 09:33:46.471989113,99985.0
2020-01-13 09:33:46.662351318,99984.0
2020-01-13 09:33:46.868389934,99985.0
2020-01-13 09:33:46.906533993,99985.0
2020-01-13 09:33:46.992176377,99985.0
2020-01-13 09:33:47.176708617,99985.0
2020-01-13 09:33:47.295845022,99984.0
2020-01-13 09:33:47.482019886,99985.0
2020-01-13 09:33:47.543571243,99985.0
2020-01-13 09:33:47.557001626,99985.0
2020-01-13 09:33:47.633782581,99985.0
2020-01-13 09:33:47.855968195,99985.0
2020-01-13 09:33:47.856462746,99985.0
2020-01-13 09:33:48.054888223,99984.0
2020-01-13 09:33:48.241378657,99984.0
2020-01-13 09:33:48.420571629,99986.0
2020-01-13 09:33:48.553018076,99986.0
2020-01-13 09:33:48.640072607,99987.0
2020-01-13 09:33:48.640235859,99987.0
2020-01-13 09:33:48.670378464,99987.0
2020-01-13 09:33:49.134905900,99989.0
2020-01-13 09:33:49.181510258,99988.0
2020-01-13 09:33:49.599554390,99988.0
2020-01-13 09:33:49.807207930,99987.0
2020-01-13 09:33:49.813510690,99987.0
2020-01-13 09:33:50.607411367,99991.0
2020-01-13 09:33:50.665846428,99991.0
2020-01-13 09:33:50.668725054,99991.0
2020-01-13 09:33:51.038756815,99994.0
2020-01-13 09:33:51.466508760,100004.0
2020-01-13 09:33:51.469669404,100004.0
2020-01-13 09:33:51.550691476,100003.0
2020-01-13 09:33:51.651544879,100003.0
2020-01-13 09:33:51.742287598,100004.0
2020-01-13 09:33:51.772629468,100004.0
2020-01-13 09:33:51.853663941,100004.0
2020-01-13 09:33:51.870373405,100004.0
2020-01-13 09:33:52.505170945,99995.0
2020-01-13 09:33:52.638581830,99992.0
2020-01-13 09:33:52.760959447,99991.0
2020-01-13 09:33:52.783721321,99991.0
2020-01-13 09:33:52.823736870,99991.0
2020-01-13 09:33:53.084351192,99991.0
2020-01-13 09:33:53.269274307,99990.0
2020-01-13 09:33:53.520240889,99989.0
2020-01-13 09:33:53.663903306,99990.0
2020-01-13 09:33:53.980599735,99986.0
2020-01-13 09:33:54.096962852,99986.0
2020-01-13 09:33:54.175459086,99986.0
2020-01-13 09:33:54.233743061,99986.0
2020-01-13 09:33:54.292080146,99986.0
2020-01-13 09:33:54.325630103,99986.0
2020-01-13 09:33:54.439591499,99985.0
2020-01-13 09:33:54.459229515,99985.0
2020-01-13 09:33:54.711244038,99983.0
2020-01-13 09:33:54.870474425,99983.0
2020-01-13 09:33:54.897842891,99983.0
2020-01-13 09:33:54.934754959,99983.0
2020-01-13 09:33:54.950421379,99983.0
2020-01-13 09:33:55.064288700,99984.0
2020-01-13 09:33:55.124399164,99984.0
2020-01-13 09:33:55.179437238,99983.0
2020-01-13 09:33:55.256953136,99981.0
2020-01-13 09:33:55.380018496,99982.0
2020-01-13 09:33:55.384232794,99982.0
2020-01-13 09:33:55.400702096,99982.0
2020-01-13 09:33:55.958022829,99980.0
2020-01-13 09:33:56.043507856,99979.0
2020-01-13 09:33:56.193285831,99982.0
2020-01-13 09:33:56.283583887,99982.0
2020-01-13 09:33:56.817097503,99979.0
2020-01-13 09:33:56.974301576,99981.0
2020-01-13 09:33:56.978585263,99981.0
2020-01-13 09:33:57.212247293,99979.0
2020-01-13 09:33:57.297673213,99979.0
2020-01-13 09:33:57.322416222,99979.0
2020-01-13 09:33:57.547045521,99983.0
2020-01-13 09:33:57.577924025,99984.0
2020-01-13 09:33:57.621292933,99983.0
2020-01-13 09:33:57.643314945,99983.0
2020-01-13 09:33:57.758526495,99983.0
2020-01-13 09:33:57.768857134,99983.0
2020-01-13 09:33:57.775583357,99983.0
2020-01-13 09:33:57.825001633,99983.0
2020-01-13 09:33:58.204041622,99985.0
2020-01-13 09:33:58.246827616,99985.0
2020-01-13 09:33:58.313527203,99987.0
2020-01-13 09:33:58.319691971,99987.0
2020-01-13 09:33:58.578419445,99988.0
2020-01-13 09:33:58.672666911,99988.0
2020-01-13 09:33:58.764775096,99988.0
2020-01-13 09:33:58.886781135,99987.0
2020-01-13 09:33:58.914496851,99987.0
2020-01-13 09:33:59.064378888,99987.0
2020-01-13 09:33:59.307373426,99987.0
2020-01-13 09:33:59.331175278,99987.0
2020-01-13 09:33:59.432310625,99989.0
2020-01-13 09:33:59.508445574,99990.0
2020-01-13 09:33:59.558666682,99989.0
2020-01-13 09:33:59.882043840,99988.0
2020-01-13 09:33:59.927726103,99989.0
2020-01-13 09:33:59.939578971,99989.0
2020-01-13 09:34:00.066635771,99989.0
2020-01-13 09:34:00.250061427,99989.0
2020-01-13 09:34:00.620063053,99984.0
2020-01-13 09:34:00.668028874,99984.0
2020-01-13 09:34:00.898210869,99983.0
2020-01-13 09:34:01.332301873,99988.0
2020-01-13 09:34:01.471619784,99984.0
2020-01-13 09:34:01.522204176,99984.0
2020-01-13 09:34:01.531235481,99984.0
2020-01-13 09:34:01.546628809,99984.0
2020-01-13 09:34:01.826844629,99980.0
2020-01-13 09:34:01.843584197,99980.0
2020-01-13 09:34:01.904363774,99979.0
2020-01-13 09:34:02.050476630,99976.0
2020-01-13 09:34:02.075224937,99976.0
2020-01-13 09:34:02.168509393,99976.0
2020-01-13 09:34:02.217331372,99975.0
2020-01-13 09:34:02.327100360,99974.0
2020-01-13 09:34:02.633471333,99970.0
2020-01-13 09:34:02.741571290,99969.0
2020-01-13 09:34:02.785579162,99969.0
2020-01-13 09:34:02.789802456,99969.0
2020-01-13 09:34:02.918997937,99970.0
2020-01-13 09:34:02.973551908,99969.0
2020-01-13 09:34:03.089706587,99970.0
2020-01-13 09:34:03.124708336,99970.0
2020-01-13 09:34:03.295630186,99973.0
2020-01-13 09:34:03.489826140,99975.0
2020-01-13 09:34:03.499709262,99975.0
2020-01-13 09:34:03.909345875,99975.0
2020-01-13 09:34:03.950517142,99975.0
2020-01-13 09:34:04.069648945,99973.0
2020-01-13 09:34:04.117298902,99973.0
2020-01-13 09:34:04.362304279,99974.0
2020-01-13 09:34:04.390477626,99974.0
2020-01-13 09:34:04.524749632,99976.0
2020-01-13 09:34:04.592333981,99977.0
2020-01-13 09:34:05.362970299,99972.0
2020-01-13 09:34:05.424323705,99972.0
2020-01-13 09:34:05.575733739,99971.0
2020-01-13 09:34:05.667681403,99969.0
2020-01-13 09:34:05.852262642,99967.0
2020-01-13 09:34:05.953563298,99968.0
2020-01-13 09:34:06.219145613,99967.0
2020-01-13 09:34:06.344796226,99969.0
2020-01-13 09:34:06.846475675,99969.0
2020-01-13 09:34:06.846747012,99969.0
2020-01-13 09:34:07.178360719,99974.0
2020-01-13 09:34:07.315700462,99974.0
2020-01-13 09:34:07.337641900,99974.0
2020-01-13 09:34:07.394662291,99975.0
2020-01-13 09:34:07.813496926,99978.0
2020-01-13 09:34:07.846173994,99977.0
2020-01-13 09:34:07.986717893,99976.0
2020-01-13 09:34:08.005118257,99976.0
2020-01-13 09:34:08.308464163,99974.0
2020-01-13 09:34:08.511130329,99975.0
2020-01-13 09:34:08.523827238,99975.0
2020-01-13 09:34:08.540881870,99975.0
2020-01-13 09:34:08.797891092,99978.0
2020-01-13 09:34:08.862558948,99977.0
2020-01-13 09:34:08.922075350,99977.0
2020-01-13 09:34:09.114343805,99976.0
2020-01-13 09:34:09.212641944,99977.0
2020-01-13 09:34:09.371457417,99977.0
2020-01-13 09:34:09.409677367,99977.0
2020-01-13 09:34:09.505471468,99975.0
2020-01-13 09:34:09.590456575,99975.0
2020-01-13 09:34:09.697250668,99974.0
2020-01-13 09:34:09.828683410,99973.0
2020-01-13 09:34:09.864070181,99973.0
2020-01-13 09:34:09.866782699,99973.0
2020-01-13 09:34:09.965711618,99975.0
2020-01-13 09:34:09.978547846,99975.0
2020-01-13 09:34:10.134261757,99975.0
2020-01-13 09:34:10.153212227,99975.0
2020-01-13 09:34:10.523541629,99985.0
2020-01-13 09:34:10.571126165,99985.0
2020-01-13 09:34:10.661420306,99985.0
2020-01-13 09:34:10.680371127,99985.0
2020-01-13 09:34:10.682116701,99985.0
2020-01-13 09:34:10.696020133,99985.0
2020-01-13 09:34:11.099848879,99987.0
2020-01-13 09:34:11.202313741,99989.0
2020-01-13 09:34:11.219979954,99989.0
2020-01-13 09:34:11.293240138,99989.0
2020-01-13 09:34:11.389338315,99988.0
2020-01-13 09:34:11.424121758,99988.0
2020-01-13 09:34:11.440107610,99988.0
2020-01-13 09:34:11.617971978,99987.0
2020-01-13 09:34:11.892960100,99988.0
2020-01-13 09:34:11.898633045,99988.0
2020-01-13 09:34:12.178749565,99988.0
2020-01-13 09:34:12.433569361,99986.0
2020-01-13 09:34:12.931291073,99987.0
2020-01-13 09:34:13.085715088,99987.0
2020-01-13 09:34:13.087863630,99987.0
2020-01-13 09:34:13.188954732,99988.0
2020-01-13 09:34:13.478303923,99988.0
2020-01-13 09:34:13.520354816,99988.0
2020-01-13 09:34:13.641426288,99987.0
2020-01-13 09:34:13.659086406,99987.0
2020-01-13 09:34:13.704255574,99987.0
2020-01-13 09:34:14.168623014,99995.0
2020-01-13 09:34:14.488942551,99998.0
2020-01-13 09:34:14.673860467,99997.0
2020-01-13 09:34:14.870200474,99994.0
2020-01-13 09:34:15.202072943,99996.0
2020-01-13 09:34:15.311383942,99996.0
2020-01-13 09:34:15.516164964,99998.0
2020-01-13 09:34:16.321910053,99998.0
2020-01-13 09:34:16.465959417,99995.0
2020-01-13 09:34:16.963378940,99997.0
2020-01-13 09:34:17.109756415,99998.0
2020-01-13 09:34:17.144757901,99998.0
2020-01-13 09:34:17.187506170,99998.0
2020-01-13 09:34:17.583430962,100002.0
2020-01-13 09:34:17.704468125,100001.0
2020-01-13 09:34:17.734516852,100001.0
2020-01-13 09:34:17.826906647,100001.0
2020-01-13 09:34:17.849812463,100001.0
2020-01-13 09:34:18.102387646,100001.0
2020-01-13 09:34:18.153537226,100001.0
2020-01-13 09:34:18.244473708,100001.0
2020-01-13 09:34:18.329602507,100000.0
2020-01-13 09:34:18.398698148,100000.0
2020-01-13 09:34:18.428797166,100000.0
2020-01-13 09:34:18.458717853,100000.0
2020-01-13 09:34:18.793497060,99999.0
2020-01-13 09:34:18.936512275,99999.0
2020-01-13 09:34:19.107951522,100001.0
2020-01-13 09:34:19.109442951,100001.0
2020-01-13 09:34:19.196308542,100002.0
2020-01-13 09:34:19.260192906,100003.0
2020-01-13 09:34:19.288848706,100003.0
2020-01-13 09:34:19.374675390,100005.0
2020-01-13 09:34:19.500238969,100004.0
2020-01-13 09:34:19.681513499,100004.0
2020-01-13 09:34:19.683329600,100004.0
2020-01-13 09:34:19.742329169,100004.0
2020-01-13 09:34:19.919442316,100004.0
2020-01-13 09:34:20.057135807,100003.0
2020-01-13 09:34:20.154094726,100003.0
2020-01-13 09:34:20.277736198,100004.0
2020-01-13 09:34:20.383989077,100003.0
2020-01-13 09:34:20.450198712,100003.0
2020-01-13 09:34:20.478964608,100002.0
2020-01-13 09:34:20.547759217,100002.0
2020-01-13 09:34:20.687452493,100002.0
2020-01-13 09:34:20.874126205,100004.0
2020-01-13 09:34:20.969147287,100005.0
2020-01-13 09:34:21.024561386,100005.0
2020-01-13 09:34:21.279662160,100005.0
2020-01-13 09:34:21.486535022,100007.0
2020-01-13 09:34:21.569056957,100008.0
2020-01-13 09:34:21.766958962,100007.0
2020-01-13 09:34:21.919475275,100005.0
2020-01-13 09:34:21.984116647,100004.0
2020-01-13 09:34:22.014813265,100004.0
2020-01-13 09:34:22.289566054,99998.0
2020-01-13 09:34:22.752141430,99996.0
2020-01-13 09:34:22.757953714,99996.0
2020-01-13 09:34:22.830415769,99996.0
2020-01-13 09:34:23.349926638,99987.0
2020-01-13 09:34:23.655634138,99989.0
2020-01-13 09:34:24.107810899,99985.0
2020-01-13 09:34:24.182854730,99984.0
2020-01-13 09:34:24.190129595,99984.0
2020-01-13 09:34:24.441192234,99988.0
2020-01-13 09:34:24.460485625,99988.0
2020-01-13 09:34:24.610467162,99988.0
2020-01-13 09:34:24.900127875,99985.0
2020-01-13 09:34:24.982720031,99984.0
2020-01-13 09:34:25.165655703,99985.0
2020-01-13 09:34:25.229197116,99985.0
2020-01-13 09:34:25.870440908,99988.0
2020-01-13 09:34:25.947718529,99987.0
2020-01-13 09:34:26.016298422,99987.0
2020-01-13 09:34:26.034760282,99987.0
2020-01-13 09:34:26.161292435,99985.0
2020-01-13 09:34:26.434560883,99989.0
2020-01-13 09:34:26.517198430,99989.0
2020-01-13 09:34:26.830150410,99987.0
2020-01-13 09:34:27.021455702,99987.0
2020-01-13 09:34:27.161053555,99985.0
2020-01-13 09:34:27.190260174,99985.0
2020-01-13 09:34:27.410264531,99985.0
2020-01-13 09:34:28.073952619,99985.0
2020-01-13 09:34:28.118162055,99984.0
2020-01-13 09:34:28.160852961,99984.0
2020-01-13 09:34:28.180278559,99984.0
2020-01-13 09:34:28.296360031,99983.0
2020-01-13 09:34:28.425311831,99983.0
2020-01-13 09:34:28.463172738,99982.0
2020-01-13 09:34:28.580177092,99983.0
2020-01-13 09:34:28.825460651,99985.0
2020-01-13 09:34:29.160470861,99978.0
2020-01-13 09:34:29.225954690,99978.0
2020-01-13 09:34:29.293064969,99977.0
2020-01-13 09:34:29.590709790,99981.0
2020-01-13 09:34:29.731474678,99981.0
2020-01-13 09:34:29.764509843,99981.0
2020-01-13 09:34:29.781881955,99981.0
2020-01-13 09:34:29.808406248,99981.0
2020-01-13 09:34:29.892179921,99982.0
2020-01-13 09:34:29.924080717,99982.0
2020-01-13 09:34:30.148469638,99982.0
2020-01-13 09:34:30.307854239,99981.0
2020-01-13 09:34:30.352068567,99981.0
2020-01-13 09:34:30.465353972,99980.0
2020-01-13 09:34:30.523140066,99979.0
2020-01-13 09:34:30.529102968,99979.0
2020-01-13 09:34:30.667178428,99982.0
2020-01-13 09:34:30.775275281,99980.0
2020-01-13 09:34:31.031503109,99981.0
2020-01-13 09:34:31.148797107,99982.0
2020-01-13 09:34:31.231815324,99981.0
2020-01-13 09:34:31.428092915,99983.0
2020-01-13 09:34:31.447075530,99983.0
2020-01-13 09:34:31.648128636,99985.0
2020-01-13 09:34:31.908504080,99986.0
2020-01-13 09:34:31.992894826,99986.0
2020-01-13 09:34:32.004280878,99986.0
2020-01-13 09:34:32.301703770,99986.0
2020-01-13 09:34:32.689606375,99983.0
2020-01-13 09:34:32.995330518,99982.0
2020-01-13 09:34:33.219958657,99984.0
2020-01-13 09:34:33.471933246,99984.0
2020-01-13 09:34:33.735040091,99983.0
2020-01-13 09:34:33.890821258,99983.0
2020-01-13 09:34:34.083579017,99982.0
2020-01-13 09:34:34.094103940,99982.0
2020-01-13 09:34:34.415780016,99983.0
2020-01-13 09:34:34.810695242,99980.0
2020-01-13 09:34:35.228527025,99973.0
2020-01-13 09:34:35.244629277,99973.0
2020-01-13 09:34:35.401554502,99975.0
2020-01-13 09:34:35.893131256,99971.0
2020-01-13 09:34:35.994129264,99971.0
2020-01-13 09:34:36.292845011,99971.0
2020-01-13 09:34:36.296111682,99971.0
2020-01-13 09:34:36.394157726,99971.0
2020-01-13 09:34:36.428831920,99971.0
2020-01-13 09:34:36.511907385,99970.0
2020-01-13 09:34:36.827996280,99971.0
2020-01-13 09:34:36.859039451,99971.0
2020-01-13 09:34:36.939291464,99970.0
2020-01-13 09:34:37.089262678,99970.0
2020-01-13 09:34:37.113744900,99970.0
2020-01-13 09:34:37.169141212,99969.0
2020-01-13 09:34:37.364001527,99969.0
2020-01-13 09:34:37.508993232,99970.0
2020-01-13 09:34:37.549199740,99970.0
2020-01-13 09:34:37.833913612,99972.0
2020-01-13 09:34:38.005749994,99970.0
2020-01-13 09:34:38.318725151,99969.0
2020-01-13 09:34:38.561423444,99971.0
2020-01-13 09:34:38.694150027,99971.0
2020-01-13 09:34:38.934957787,99967.0
2020-01-13 09:34:39.104511071,99967.0
2020-01-13 09:34:39.111714004,99967.0
2020-01-13 09:34:39.152530287,99967.0
2020-01-13 09:34:39.200831533,99967.0
2020-01-13 09:34:39.359642510,99966.0
2020-01-13 09:34:39.538812446,99963.0
2020-01-13 09:34:39.570881751,99963.0
2020-01-13 09:34:39.619058281,99963.0
2020-01-13 09:34:39.709182836,99963.0
2020-01-13 09:34:39.960723200,99968.0
2020-01-13 09:34:39.981556838,99968.0
2020-01-13 09:34:40.287541339,99971.0
2020-01-13 09:34:40.342568853,99971.0
2020-01-13 09:34:40.573175481,99970.0
2020-01-13 09:34:41.161284215,99976.0
2020-01-13 09:34:41.337584178,99978.0
2020-01-13 09:34:41.532405478,99977.0
2020-01-13 09:34:41.748897021,99977.0
2020-01-13 09:34:41.770991787,99977.0
2020-01-13 09:34:41.944067270,99979.0
2020-01-13 09:34:42.125932122,99980.0
2020-01-13 09:34:42.648557485,99973.0
2020-01-13 09:34:42.656410485,99973.0
2020-01-13 09:34:42.788291832,99972.0
2020-01-13 09:34:42.977551976,99972.0
2020-01-13 09:34:43.172226528,99967.0
2020-01-13 09:34:43.190819033,99967.0
2020-01-13 09:34:43.607320299,99965.0
2020-01-13 09:34:43.634804549,99965.0
2020-01-13 09:34:43.849683394,99964.0
2020-01-13 09:34:43.945330102,99964.0
2020-01-13 09:34:44.156788682,99964.0
2020-01-13 09:34:44.315279893,99966.0
2020-01-13 09:34:44.334561857,99966.0
2020-01-13 09:34:44.427514614,99965.0
2020-01-13 09:34:44.523407503,99966.0
2020-01-13 09:34:44.634921310,99965.0
2020-01-13 09:34:44.921179482,99963.0
2020-01-13 09:34:44.927936111,99963.0
2020-01-13 09:34:45.312550397,99964.0
2020-01-13 09:34:46.155956110,99964.0
2020-01-13 09:34:46.162731922,99964.0
2020-01-13 09:34:46.180851015,99964.0
2020-01-13 09:34:46.388870858,99961.0
2020-01-13 09:34:46.629460208,99959.0
2020-01-13 09:34:46.651031590,99959.0
2020-01-13 09:34:46.683538729,99959.0
2020-01-13 09:34:46.815798308,99960.0
2020-01-13 09:34:46.853302975,99960.0
2020-01-13 09:34:46.954074732,99961.0
2020-01-13 09:34:47.479407049,99961.0
2020-01-13 09:34:47.928295578,99963.0
2020-01-13 09:34:47.940059739,99963.0
2020-01-13 09:34:48.056985217,99963.0
2020-01-13 09:34:48.298904336,99964.0
2020-01-13 09:34:48.349672526,99965.0
2020-01-13 09:34:48.397971177,99965.0
2020-01-13 09:34:48.441615581,99965.0
2020-01-13 09:34:48.475675973,99965.0
2020-01-13 09:34:48.510970086,99964.0
2020-01-13 09:34:48.546167084,99964.0
2020-01-13 09:34:48.570546544,99964.0
2020-01-13 09:34:48.578996476,99964.0
2020-01-13 09:34:48.592103554,99964.0
2020-01-13 09:34:48.659827499,99965.0
2020-01-13 09:34:48.747101996,99966.0
2020-01-13 09:34:48.858019113,99965.0
2020-01-13 09:34:48.970957811,99963.0
2020-01-13 09:34:48.999528248,99963.0
2020-01-13 09:34:49.110742324,99962.0
2020-01-13 09:34:49.361990875,99964.0
2020-01-13 09:34:49.386843474,99964.0
2020-01-13 09:34:49.405001688,99964.0
2020-01-13 09:34:49.502072977,99963.0
2020-01-13 09:34:49.726513328,99963.0
2020-01-13 09:34:49.755350991,99963.0
2020-01-13 09:34:49.800412388,99963.0
2020-01-13 09:34:49.810879334,99963.0
2020-01-13 09:34:50.053168857,99965.0
2020-01-13 09:34:50.402937746,99963.0
2020-01-13 09:34:50.452497262,99963.0
2020-01-13 09:34:50.542528861,99964.0
2020-01-13 09:34:50.653950731,99962.0
2020-01-13 09:34:50.782934591,99963.0
2020-01-13 09:34:50.923467170,99962.0
2020-01-13 09:34:51.175339736,99959.0
2020-01-13 09:34:51.505508070,99955.0
2020-01-13 09:34:51.556931576,99956.0
2020-01-13 09:34:51.694717695,99959.0
2020-01-13 09:34:51.757312952,99959.0
2020-01-13 09:34:51.761959392,99959.0
2020-01-13 09:34:51.810261852,99959.0
2020-01-13 09:34:51.985472639,99961.0
2020-01-13 09:34:52.024593350,99961.0
2020-01-13 09:34:52.503343334,99957.0
2020-01-13 09:34:52.641967947,99957.0
2020-01-13 09:34:52.642808691,99957.0
2020-01-13 09:34:52.665100339,99957.0
2020-01-13 09:34:52.671719165,99957.0
2020-01-13 09:34:52.696714556,99957.0
2020-01-13 09:34:52.803686592,99959.0
2020-01-13 09:34:53.028723403,99957.0
2020-01-13 09:34:53.214395421,99959.0
2020-01-13 09:34:53.959261415,99958.0
2020-01-13 09:34:54.336572387,99962.0
2020-01-13 09:34:54.359010088,99962.0
2020-01-13 09:34:54.440526296,99964.0
2020-01-13 09:34:55.172916019,99963.0
2020-01-13 09:34:55.359477483,99960.0
2020-01-13 09:34:55.403545376,99960.0
2020-01-13 09:34:55.578424661,99962.0
2020-01-13 09:34:55.680437546,99963.0
2020-01-13 09:34:55.688628316,99963.0
2020-01-13 09:34:55.914285504,99963.0
2020-01-13 09:34:56.314954275,99965.0
2020-01-13 09:34:56.456858250,99966.0
2020-01-13 09:34:56.618435624,99967.0
2020-01-13 09:34:56.745218668,99968.0
2020-01-13 09:34:56.883246748,99967.0
2020-01-13 09:34:57.004481495,99966.0
2020-01-13 09:34:57.100630421,99968.0
2020-01-13 09:34:57.404398515,99973.0
2020-01-13 09:34:57.723781158,99977.0
2020-01-13 09:34:57.728383231,99977.0
2020-01-13 09:34:57.877244415,99977.0
2020-01-13 09:34:57.921962417,99978.0
2020-01-13 09:34:57.994860693,99978.0
2020-01-13 09:34:58.123647018,99977.0
2020-01-13 09:34:58.186270484,99977.0
2020-01-13 09:34:58.262320788,99977.0
2020-01-13 09:34:58.287264924,99977.0
2020-01-13 09:34:58.350492105,99976.0
2020-01-13 09:34:58.438522346,99976.0
2020-01-13 09:34:58.473979160,99976.0
2020-01-13 09:34:58.659263040,99974.0
2020-01-13 09:34:58.710830193,99973.0
2020-01-13 09:34:59.277032205,99970.0
2020-01-13 09:34:59.348326098,99969.0
2020-01-13 09:34:59.469146849,99969.0
2020-01-13 09:34:59.813992078,99966.0
2020-01-13 09:34:59.999999999,99965.0
