ticker,strategy,is_bps,fold,test_date
AAPL,twap,-71.42217477213511,1,20200114
AAPL,ac_ra,-49.88323028874364,1,20200114
AAPL,vwap_following,-68.52594174262477,1,20200114
AAPL,rl_v3,-51.861367837335685,1,20200114
ADP,twap,19.20673510338692,1,20200114
ADP,ac_ra,7.0339372437222485,1,20200114
ADP,vwap_following,18.79646377991607,1,20200114
ADP,rl_v3,2.94332160409055,1,20200114
BIDU,twap,-5.587538583014902,1,20200114
BIDU,ac_ra,22.07680712081081,1,20200114
BIDU,vwap_following,5.349723637931056,1,20200114
BIDU,rl_v3,7.342473619985335,1,20200114
BMRN,twap,-99.7302416346201,1,20200114
BMRN,ac_ra,-54.42059346840573,1,20200114
BMRN,vwap_following,-98.54651896917636,1,20200114
BMRN,rl_v3,-38.96562015726523,1,20200114
CHKP,twap,-24.088735997176165,1,20200114
CHKP,ac_ra,-20.121989944425675,1,20200114
CHKP,vwap_following,-24.157801887624487,1,20200114
CHKP,rl_v3,-16.278380523956237,1,20200114
CPRT,twap,-47.91885714285712,1,20200114
CPRT,ac_ra,-36.85464935065077,1,20200114
CPRT,vwap_following,-50.244051948051755,1,20200114
CPRT,rl_v3,-34.45651948051476,1,20200114
CTAS,twap,9.818795146675948,1,20200114
CTAS,ac_ra,3.0997686370805844,1,20200114
CTAS,vwap_following,12.230197276629356,1,20200114
CTAS,rl_v3,-0.2215785662631194,1,20200114
CTXS,twap,4.480171022207754,1,20200114
CTXS,ac_ra,0.7876619693708656,1,20200114
CTXS,vwap_following,5.522010383489303,1,20200114
CTXS,rl_v3,-0.10453296104525077,1,20200114
FOXA,twap,-2.455491017156021,1,20200114
FOXA,ac_ra,4.789950020258283,1,20200114
FOXA,vwap_following,-3.254356342022964,1,20200114
FOXA,rl_v3,4.768877482101371,1,20200114
GILD,twap,-9.985800109228974,1,20200114
GILD,ac_ra,-10.058047905128912,1,20200114
GILD,vwap_following,-11.781228056486075,1,20200114
GILD,rl_v3,-10.118904579854929,1,20200114
INTU,twap,-10.960899780543022,1,20200114
INTU,ac_ra,-20.599012435986918,1,20200114
INTU,vwap_following,-13.025676664229248,1,20200114
INTU,rl_v3,-19.538807607901287,1,20200114
LRCX,twap,-53.129952403298496,1,20200114
LRCX,ac_ra,-27.08359589729522,1,20200114
LRCX,vwap_following,-49.563987396926656,1,20200114
LRCX,rl_v3,-19.37554468056071,1,20200114
PYPL,twap,-2.4830896792487294,1,20200114
PYPL,ac_ra,-7.394545057822105,1,20200114
PYPL,vwap_following,0.4778529347592507,1,20200114
PYPL,rl_v3,-12.308095134192598,1,20200114
QQQ,twap,-26.45018987198152,1,20200114
QQQ,ac_ra,-21.44334538508907,1,20200114
QQQ,vwap_following,-26.94035518566637,1,20200114
QQQ,rl_v3,-20.793278304570695,1,20200114
REGN,twap,-65.22197761391983,1,20200114
REGN,ac_ra,-33.847382101748465,1,20200114
REGN,vwap_following,-56.28913585486149,1,20200114
REGN,rl_v3,-22.447138082861308,1,20200114
SGEN,twap,-96.34430043203753,1,20200114
SGEN,ac_ra,-44.0083558847286,1,20200114
SGEN,vwap_following,-84.1859184351712,1,20200114
SGEN,rl_v3,-30.774058776057693,1,20200114
TCOM,twap,-89.67205604958315,1,20200114
TCOM,ac_ra,-34.78927512800185,1,20200114
TCOM,vwap_following,-72.58555645378618,1,20200114
TCOM,rl_v3,-21.498787388842484,1,20200114
TSLA,twap,-177.40440150702932,1,20200114
TSLA,ac_ra,-138.863769656361,1,20200114
TSLA,vwap_following,-162.00182209863758,1,20200114
TSLA,rl_v3,-133.5487269034778,1,20200114
TXN,twap,-5.643895516089675,1,20200114
TXN,ac_ra,-4.588930228994772,1,20200114
TXN,vwap_following,-6.421924743967537,1,20200114
TXN,rl_v3,-5.014997506810044,1,20200114
UAL,twap,71.36425617525944,1,20200114
UAL,ac_ra,41.54006929697514,1,20200114
UAL,vwap_following,67.44428299988708,1,20200114
UAL,rl_v3,45.948027271709385,1,20200114
AAPL,twap,26.012176753185162,2,20200115
AAPL,ac_ra,16.340790537647628,2,20200115
AAPL,vwap_following,25.056999254808332,2,20200115
AAPL,rl_v3,15.429468376910798,2,20200115
ADP,twap,-17.680909379416455,2,20200115
ADP,ac_ra,-5.183289576186151,2,20200115
ADP,vwap_following,-17.71143359972335,2,20200115
ADP,rl_v3,-1.914082109579318,2,20200115
BIDU,twap,-46.19817226739673,2,20200115
BIDU,ac_ra,-12.040944088649109,2,20200115
BIDU,vwap_following,-34.35137079945372,2,20200115
BIDU,rl_v3,-10.718932143631182,2,20200115
BMRN,twap,40.836939549407916,2,20200115
BMRN,ac_ra,36.239125585544464,2,20200115
BMRN,vwap_following,39.43285746151973,2,20200115
BMRN,rl_v3,32.00936872630117,2,20200115
CHKP,twap,2.445603119653458,2,20200115
CHKP,ac_ra,-4.0737852166633575,2,20200115
CHKP,vwap_following,2.728563291416648,2,20200115
CHKP,rl_v3,-6.0129693729987155,2,20200115
CPRT,twap,30.7977753746301,2,20200115
CPRT,ac_ra,22.107832535149438,2,20200115
CPRT,vwap_following,31.74262320407858,2,20200115
CPRT,rl_v3,19.80462433699314,2,20200115
CTAS,twap,-20.020321701675396,2,20200115
CTAS,ac_ra,-6.5363804166272,2,20200115
CTAS,vwap_following,-19.6891975037348,2,20200115
CTAS,rl_v3,-4.736749582493098,2,20200115
CTXS,twap,-0.08984493110231427,2,20200115
CTXS,ac_ra,8.497689084703635,2,20200115
CTXS,vwap_following,-1.2495356572061334,2,20200115
CTXS,rl_v3,8.987862295364003,2,20200115
FOXA,twap,32.010129281617054,2,20200115
FOXA,ac_ra,21.427162468342804,2,20200115
FOXA,vwap_following,32.102092496335736,2,20200115
FOXA,rl_v3,17.628415300542837,2,20200115
GILD,twap,5.290138234614534,2,20200115
GILD,ac_ra,4.75666074600022,2,20200115
GILD,vwap_following,4.064406517881717,2,20200115
GILD,rl_v3,3.6012047262349722,2,20200115
INTU,twap,5.129167803550948,2,20200115
INTU,ac_ra,11.845457025925135,2,20200115
INTU,vwap_following,8.855079581625878,2,20200115
INTU,rl_v3,9.46222828557962,2,20200115
LRCX,twap,4.656822623487049,2,20200115
LRCX,ac_ra,-1.1381896537319596,2,20200115
LRCX,vwap_following,2.9253511951505167,2,20200115
LRCX,rl_v3,-3.5147911203147886,2,20200115
PYPL,twap,7.100468099860521,2,20200115
PYPL,ac_ra,11.491678224689705,2,20200115
PYPL,vwap_following,7.712552011098015,2,20200115
PYPL,rl_v3,9.222347434118669,2,20200115
QQQ,twap,-1.0274539981462585,2,20200115
QQQ,ac_ra,1.1829436661179256,2,20200115
QQQ,vwap_following,-1.340198718965531,2,20200115
QQQ,rl_v3,1.30747119932514,2,20200115
REGN,twap,73.88622026297763,2,20200115
REGN,ac_ra,58.396341617893526,2,20200115
REGN,vwap_following,75.7388462415443,2,20200115
REGN,rl_v3,67.62078488004144,2,20200115
SGEN,twap,10.965472673555134,2,20200115
SGEN,ac_ra,3.889032496302943,2,20200115
SGEN,vwap_following,7.944608567208203,2,20200115
SGEN,rl_v3,2.7105797636705766,2,20200115
TCOM,twap,-4.709260966938023,2,20200115
TCOM,ac_ra,-5.044394677907844,2,20200115
TCOM,vwap_following,-2.205769990778917,2,20200115
TCOM,rl_v3,-9.095507838232042,2,20200115
TSLA,twap,-63.686287082964384,2,20200115
TSLA,ac_ra,-66.85238481414368,2,20200115
TSLA,vwap_following,-65.61569507572021,2,20200115
TSLA,rl_v3,-70.37651585160985,2,20200115
TXN,twap,5.42121247069072,2,20200115
TXN,ac_ra,2.2793987621560667,2,20200115
TXN,vwap_following,4.826356052742116,2,20200115
TXN,rl_v3,1.124899088913363,2,20200115
UAL,twap,-11.095662035724516,2,20200115
UAL,ac_ra,7.616898213780594,2,20200115
UAL,vwap_following,-5.829203288917714,2,20200115
UAL,rl_v3,5.442812588598263,2,20200115
AAPL,twap,2.880344597393414,3,20200116
AAPL,ac_ra,-10.41094192072059,3,20200116
AAPL,vwap_following,0.009981880026799572,3,20200116
AAPL,rl_v3,-11.036653209147433,3,20200116
ADP,twap,-1.9141153768581756,3,20200116
ADP,ac_ra,2.350796348030922,3,20200116
ADP,vwap_following,-1.3793957547301408,3,20200116
ADP,rl_v3,3.7235102675609624,3,20200116
BIDU,twap,31.92519922082534,3,20200116
BIDU,ac_ra,4.054471400740425,3,20200116
BIDU,vwap_following,21.002372941385254,3,20200116
BIDU,rl_v3,-3.047706746937055,3,20200116
BMRN,twap,0.4192605910746719,3,20200116
BMRN,ac_ra,2.2314866838969842,3,20200116
BMRN,vwap_following,-0.8875154511723884,3,20200116
BMRN,rl_v3,1.5765816383837388,3,20200116
CHKP,twap,5.751203290453805,3,20200116
CHKP,ac_ra,-7.683556489009904,3,20200116
CHKP,vwap_following,2.763279950993363,3,20200116
CHKP,rl_v3,-9.374639012876607,3,20200116
CPRT,twap,14.433025820749565,3,20200116
CPRT,ac_ra,11.228366747412693,3,20200116
CPRT,vwap_following,14.4855950110786,3,20200116
CPRT,rl_v3,8.86100087615627,3,20200116
CTAS,twap,36.058675431848286,3,20200116
CTAS,ac_ra,22.193230295818847,3,20200116
CTAS,vwap_following,34.758584516400425,3,20200116
CTAS,rl_v3,17.680991677740593,3,20200116
CTXS,twap,1.5592973436198216,3,20200116
CTXS,ac_ra,-7.273950299915085,3,20200116
CTXS,vwap_following,4.170951156812588,3,20200116
CTXS,rl_v3,-10.948071979445329,3,20200116
FOXA,twap,-26.836041749241325,3,20200116
FOXA,ac_ra,-11.775135420794445,3,20200116
FOXA,vwap_following,-29.51407055093009,3,20200116
FOXA,rl_v3,-10.847932355661934,3,20200116
GILD,twap,14.091023226616235,3,20200116
GILD,ac_ra,8.666509730068743,3,20200116
GILD,vwap_following,12.411016949153208,3,20200116
GILD,rl_v3,9.478028876330972,3,20200116
INTU,twap,6.21194892008493,3,20200116
INTU,ac_ra,2.8895751212517915,3,20200116
INTU,vwap_following,5.6812410310424335,3,20200116
INTU,rl_v3,2.4424624439257867,3,20200116
LRCX,twap,23.739484130228977,3,20200116
LRCX,ac_ra,5.028145776498506,3,20200116
LRCX,vwap_following,19.991374944867477,3,20200116
LRCX,rl_v3,1.6081807341036158,3,20200116
PYPL,twap,19.460981844966046,3,20200116
PYPL,ac_ra,10.637809263833974,3,20200116
PYPL,vwap_following,17.912474543958538,3,20200116
PYPL,rl_v3,10.143507084363947,3,20200116
QQQ,twap,3.866780991918836,3,20200116
QQQ,ac_ra,-1.7986371226119275,3,20200116
QQQ,vwap_following,3.0256329256751555,3,20200116
QQQ,rl_v3,-2.733516855456675,3,20200116
REGN,twap,57.08618137349157,3,20200116
REGN,ac_ra,36.07726073244437,3,20200116
REGN,vwap_following,50.794542060886634,3,20200116
REGN,rl_v3,29.240908798350493,3,20200116
SGEN,twap,19.263285474548386,3,20200116
SGEN,ac_ra,19.799272795076096,3,20200116
SGEN,vwap_following,16.9715644228984,3,20200116
SGEN,rl_v3,19.96531791908523,3,20200116
TCOM,twap,16.469505783383482,3,20200116
TCOM,ac_ra,9.027865404841357,3,20200116
TCOM,vwap_following,13.428233438486721,3,20200116
TCOM,rl_v3,7.8470031545824614,3,20200116
TSLA,twap,-67.53216715648826,3,20200116
TSLA,ac_ra,-72.4028745118566,3,20200116
TSLA,vwap_following,-61.28096944321506,3,20200116
TSLA,rl_v3,-83.95706348887506,3,20200116
TXN,twap,27.933794162826377,3,20200116
TXN,ac_ra,21.034254992317187,3,20200116
TXN,vwap_following,24.9265745007661,3,20200116
TXN,rl_v3,18.426958525342386,3,20200116
UAL,twap,-7.561276571873385,3,20200116
UAL,ac_ra,-3.3738291547488033,3,20200116
UAL,vwap_following,-6.322396096247174,3,20200116
UAL,rl_v3,-4.224241404456139,3,20200116
AAPL,twap,14.242541846121291,4,20200117
AAPL,ac_ra,6.625554135708243,4,20200117
AAPL,vwap_following,13.310931263510481,4,20200117
AAPL,rl_v3,4.835912726581612,4,20200117
ADP,twap,-0.6914957179852957,4,20200117
ADP,ac_ra,-3.2175719122511466,4,20200117
ADP,vwap_following,-1.2410163029556103,4,20200117
ADP,rl_v3,-4.423592340737696,4,20200117
BIDU,twap,15.648352432971365,4,20200117
BIDU,ac_ra,-1.9677983649256086,4,20200117
BIDU,vwap_following,9.31562600407001,4,20200117
BIDU,rl_v3,-5.693191960303119,4,20200117
BMRN,twap,-5.055137563168799,4,20200117
BMRN,ac_ra,-17.082537900055755,4,20200117
BMRN,vwap_following,-1.1664233576667933,4,20200117
BMRN,rl_v3,-16.45918023583209,4,20200117
CHKP,twap,27.803020411719103,4,20200117
CHKP,ac_ra,23.53048700874552,4,20200117
CHKP,vwap_following,28.053705879793807,4,20200117
CHKP,rl_v3,22.145275710484984,4,20200117
CPRT,twap,10.610210273040792,4,20200117
CPRT,ac_ra,4.7131499110781245,4,20200117
CPRT,vwap_following,13.247201590125094,4,20200117
CPRT,rl_v3,2.8300031384092974,4,20200117
CTAS,twap,4.657277982139941,4,20200117
CTAS,ac_ra,4.646277806971836,4,20200117
CTAS,vwap_following,6.076090383605631,4,20200117
CTAS,rl_v3,2.6260641092981802,4,20200117
CTXS,twap,7.31608385636899,4,20200117
CTXS,ac_ra,6.557448443704373,4,20200117
CTXS,vwap_following,8.279151189103727,4,20200117
CTXS,rl_v3,5.896588531648635,4,20200117
FOXA,twap,-13.757245918239338,4,20200117
FOXA,ac_ra,-8.05695481585017,4,20200117
FOXA,vwap_following,-11.09555752436564,4,20200117
FOXA,rl_v3,-4.637640804965059,4,20200117
GILD,twap,29.795099516291312,4,20200117
GILD,ac_ra,12.305764808504662,4,20200117
GILD,vwap_following,26.727142970422967,4,20200117
GILD,rl_v3,9.544524621363761,4,20200117
INTU,twap,20.29388414907953,4,20200117
INTU,ac_ra,19.57679389313111,4,20200117
INTU,vwap_following,22.030103277950992,4,20200117
INTU,rl_v3,18.951594072736807,4,20200117
LRCX,twap,-26.243763036442225,4,20200117
LRCX,ac_ra,-18.062673477100727,4,20200117
LRCX,vwap_following,-22.504311265130777,4,20200117
LRCX,rl_v3,-15.40295958087495,4,20200117
PYPL,twap,20.529949761688197,4,20200117
PYPL,ac_ra,15.772424749876885,4,20200117
PYPL,vwap_following,21.131864828888222,4,20200117
PYPL,rl_v3,14.832667783069956,4,20200117
QQQ,twap,3.798074549498761,4,20200117
QQQ,ac_ra,2.397298085770344,4,20200117
QQQ,vwap_following,4.714077332196057,4,20200117
QQQ,rl_v3,1.8948407800615668,4,20200117
REGN,twap,2.0333441621771025,4,20200117
REGN,ac_ra,0.06671431355689457,4,20200117
REGN,vwap_following,1.6016633097260657,4,20200117
REGN,rl_v3,-3.0483269443201153,4,20200117
SGEN,twap,-27.773131548313458,4,20200117
SGEN,ac_ra,-8.697834691500987,4,20200117
SGEN,vwap_following,-25.634644935972894,4,20200117
SGEN,rl_v3,-5.3186495925439,4,20200117
TCOM,twap,-27.19734098018952,4,20200117
TCOM,ac_ra,-29.895203336808613,4,20200117
TCOM,vwap_following,-27.062565172053645,4,20200117
TCOM,rl_v3,-30.326120959338823,4,20200117
TSLA,twap,-54.79035345157453,4,20200117
TSLA,ac_ra,-52.52013623737871,4,20200117
TSLA,vwap_following,-51.50897615845845,4,20200117
TSLA,rl_v3,-50.41083224546263,4,20200117
TXN,twap,-11.58667479798548,4,20200117
TXN,ac_ra,-7.915840829391875,4,20200117
TXN,vwap_following,-11.093764293336221,4,20200117
TXN,rl_v3,-8.199725567926,4,20200117
UAL,twap,-26.677802690582972,4,20200117
UAL,ac_ra,-13.264910313903355,4,20200117
UAL,vwap_following,-25.523878923766347,4,20200117
UAL,rl_v3,-12.743273542599196,4,20200117
