ticker,date,strategy,is_bps,vwap_slip_bps,eff_spread_bps,realized_spread_bps,markout_60s_bps,reversion_5m_bps,price_var,pov_pct,schedule_rmse,hit_ratio_nbbo,n_fills,oversize_count,null_nbbo_count
AAPL,20200113,twap,31.39267567826309,0.9966278504428706,0.8975961947647085,-2.6333887188737797,-0.05347742878707662,7.37108611351531,0.3335382562189551,0.0021632323190369637,0.0,1.0,60,16,0
AAPL,20200113,vwap_following,30.58537053014886,0.18686108606717625,0.9043066527280919,-0.569963839370242,0.25091095128160906,-1.9226455602910333,0.3352735201791756,0.0021632323190369637,0.0,1.0,12,11,0
AAPL,20200113,ac_rn,31.39267567826309,0.9966278504428706,0.8975961947647085,-2.6333887188737797,-0.05347742878707662,7.37108611351531,0.3335382562189551,0.0021632323190369637,0.0,1.0,60,16,0
AAPL,20200113,ac_ra,21.21464864346759,-9.212433789937672,0.8814148211787577,-12.034209132273874,-1.376497491224854,7.37108611351531,0.3335382562189551,0.0021632323190369637,0.0,1.0,60,18,0
AAPL,20200113,pov_auto,30.58537053014886,0.18686108606717625,0.9043066527280919,-0.569963839370242,0.25091095128160906,-1.9226455602910333,0.3352735201791756,0.0021632323190369637,0.0,1.0,12,11,0
AAPL,20200113,pov_5pct_cap,30.58537053014886,0.18686108606717625,0.9043066527280919,-0.569963839370242,0.25091095128160906,-1.9226455602910333,0.3352735201791756,0.0021632323190369637,0.0,1.0,12,11,0
AAPL,20200113,toth,30.585178793978315,0.18666876525911705,0.9043386819303942,-0.5709245894792438,0.25062249282628546,-1.9226455602910333,0.3352735201791756,0.0021632323190369637,0.0,1.0,12,11,0
AAPL,20200114,twap,-71.42217477213511,-2.182067920845275,0.9390567155706638,7.832574989284379,1.520952269949331,1.9000570017083234,0.8072327529988611,0.001317837149855611,0.0,1.0,60,13,0
AAPL,20200114,vwap_following,-69.12056217732295,0.10372129776145365,0.787184301683097,8.438018244990579,2.938665319299991,-10.142309277043301,0.8201824445964637,0.001317837149855611,0.0,1.0,12,12,0
AAPL,20200114,ac_rn,-71.42217477213511,-2.182067920845275,0.9390567155706638,7.832574989284379,1.520952269949331,1.9000570017083234,0.8072327529988611,0.001317837149855611,0.0,1.0,60,13,0
AAPL,20200114,ac_ra,-49.88323028874364,19.208798288036984,1.07730195196623,30.47588785755951,5.094948569427865,1.9000570017083234,0.8072327529988611,0.001317837149855611,0.0,1.0,60,15,0
AAPL,20200114,pov_auto,-69.12056217732295,0.10372129776145365,0.787184301683097,8.438018244990579,2.938665319299991,-10.142309277043301,0.8201824445964637,0.001317837149855611,0.0,1.0,12,12,0
AAPL,20200114,pov_5pct_cap,-69.12056217732295,0.10372129776145365,0.787184301683097,8.438018244990579,2.938665319299991,-10.142309277043301,0.8201824445964637,0.001317837149855611,0.0,1.0,12,12,0
AAPL,20200114,toth,-69.12327108165123,0.10103101690281731,0.787184044854036,8.438266535135101,2.938314280119118,-10.142309277043301,0.8201824445964637,0.001317837149855611,0.0,1.0,12,12,0
AAPL,20200115,twap,26.012176753185162,2.131806615426098,0.921951960595856,-2.8007137381576364,0.15069522061877128,11.925963617860322,0.33561664302213573,0.002299264970974079,0.0,1.0,60,16,0
AAPL,20200115,vwap_following,24.779978119896914,0.8966577720546187,0.9569220229729436,-3.2318912278903387,1.1947546193755059,6.998791117896878,0.286180436830065,0.002299264970974079,0.0,1.0,12,12,0
AAPL,20200115,ac_rn,26.012176753185162,2.131806615426098,0.921951960595856,-2.8007137381576364,0.15069522061877128,11.925963617860322,0.33561664302213573,0.002299264970974079,0.0,1.0,60,16,0
AAPL,20200115,ac_ra,16.340790537647628,-7.562735461805385,0.9021778224667509,-3.5234175082713066,-0.5180928399168085,11.925963617860322,0.33561664302213573,0.002299264970974079,0.0,1.0,60,17,0
AAPL,20200115,pov_auto,24.779978119896914,0.8966577720546187,0.9569220229729436,-3.2318912278903387,1.1947546193755059,6.998791117896878,0.286180436830065,0.002299264970974079,0.0,1.0,12,12,0
AAPL,20200115,pov_5pct_cap,24.779978119896914,0.8966577720546187,0.9569220229729436,-3.2318912278903387,1.1947546193755059,6.998791117896878,0.286180436830065,0.002299264970974079,0.0,1.0,12,12,0
AAPL,20200115,toth,24.779978119896914,0.8966577720546187,0.9569220229729436,-3.2318912278903387,1.1947546193755059,6.998791117896878,0.286180436830065,0.002299264970974079,0.0,1.0,12,12,0
AAPL,20200116,twap,2.880344597393414,-0.5294996891349435,0.8266097628459783,-7.584277941003338,-0.3848454954620326,-18.227168073674097,0.6429534606348836,0.0019022360975550368,0.0,1.0,60,21,0
AAPL,20200116,vwap_following,3.0452363543871095,-0.3645516904201457,0.8495415826945087,-6.5196019548314315,-1.4759314423715966,3.034368212596475,0.6362794316583879,0.0019022360975550368,0.0,1.0,12,12,0
AAPL,20200116,ac_rn,2.880344597393414,-0.5294996891349435,0.8266097628459783,-7.584277941003338,-0.3848454954620326,-18.227168073674097,0.6429534606348836,0.0019022360975550368,0.0,1.0,60,21,0
AAPL,20200116,ac_ra,-10.41094192072059,-13.825319634771734,0.8152176975458917,9.476617611191223,0.9939356340673682,-18.227168073674097,0.6429534606348836,0.0019022360975550368,0.0,1.0,60,18,0
AAPL,20200116,pov_auto,3.0452363543871095,-0.3645516904201457,0.8495415826945087,-6.5196019548314315,-1.4759314423715966,3.034368212596475,0.6362794316583879,0.0019022360975550368,0.0,1.0,12,12,0
AAPL,20200116,pov_5pct_cap,3.0452363543871095,-0.3645516904201457,0.8495415826945087,-6.5196019548314315,-1.4759314423715966,3.034368212596475,0.6362794316583879,0.0019022360975550368,0.0,1.0,12,12,0
AAPL,20200116,toth,3.0387831007374957,-0.371007145162759,0.8495092330163989,-6.517250996672892,-1.4746297950130742,3.034368212596475,0.6362794316583879,0.0019022360975550368,0.0,1.0,12,12,0
AAPL,20200117,twap,14.242541846121291,1.7772090795991862,0.73208202071893,-3.5068470013631274,0.11154740852672602,5.692059576890454,0.2826189065290603,0.0022795295962725133,0.0,1.0,60,22,0
AAPL,20200117,vwap_following,13.049426538565303,0.5826043928549031,0.8332498534546944,-4.050630062528495,-0.7427786816473066,-1.4230148942212653,0.25394463724969174,0.0022795295962725133,0.0,1.0,12,11,0
AAPL,20200117,ac_rn,14.242541846121291,1.7772090795991862,0.73208202071893,-3.5068470013631274,0.11154740852672602,5.692059576890454,0.2826189065290603,0.0022795295962725133,0.0,1.0,60,22,0
AAPL,20200117,ac_ra,6.625554135708243,-5.84928700179991,0.8538998618235534,-8.558140654190987,0.17980263314784983,5.692059576890454,0.2826189065290603,0.0022795295962725133,0.0,1.0,60,17,0
AAPL,20200117,pov_auto,13.049426538565303,0.5826043928549031,0.8332498534546944,-4.050630062528495,-0.7427786816473066,-1.4230148942212653,0.25394463724969174,0.0022795295962725133,0.0,1.0,12,11,0
AAPL,20200117,pov_5pct_cap,13.049426538565303,0.5826043928549031,0.8332498534546944,-4.050630062528495,-0.7427786816473066,-1.4230148942212653,0.25394463724969174,0.0022795295962725133,0.0,1.0,12,11,0
AAPL,20200117,toth,13.049426538565303,0.5826043928549031,0.8332498534546944,-4.050630062528495,-0.7427786816473066,-1.4230148942212653,0.25394463724969174,0.0022795295962725133,0.0,1.0,12,11,0
AMZN,20200113,twap,6.694065984157528,0.7666732872899195,3.087089521149534,2.1714597884653917,1.4393792412639899,-1.2194281412204788,2.0267257485626904,0.022781637999772182,0.0,1.0,60,45,0
AMZN,20200113,vwap_following,8.256606233752656,2.3301403362570636,3.0144904698983637,0.687736878611411,3.437833272450679,-7.695165313379215,2.2319964904393204,0.022781637999772182,0.0,1.0,12,12,0
AMZN,20200113,ac_rn,6.694065984157528,0.7666732872899195,3.087089521149534,2.1714597884653917,1.4393792412639899,-1.2194281412204788,2.0267257485626904,0.022781637999772182,0.0,1.0,60,45,0
AMZN,20200113,ac_ra,-0.20208675095657794,-6.133569806473116,3.1365952848598306,2.9144790012761805,1.5187381656522896,-1.2194281412204788,2.0267257485626904,0.022781637999772182,0.0,1.0,60,25,0
AMZN,20200113,pov_auto,8.256606233752656,2.3301403362570636,3.0144904698983637,0.687736878611411,3.437833272450679,-7.695165313379215,2.2319964904393204,0.022781637999772182,0.0,1.0,12,12,0
AMZN,20200113,pov_5pct_cap,8.256606233752656,2.3301403362570636,3.0144904698983637,0.687736878611411,3.437833272450679,-7.695165313379215,2.2319964904393204,0.022781637999772182,0.0,1.0,12,12,0
AMZN,20200113,toth,8.256977258814462,2.330511581387309,3.0145754574879806,0.6919307707700292,3.4381837391227226,-7.695165313379215,2.2319964904393204,0.022781637999772182,0.0,1.0,12,12,0
AMZN,20200113,cvxpy_constrained,-0.589251403934199,-6.520964100867872,3.010820890808178,1.7227306432659948,1.1965240514964504,-11.663538717647175,0.2451821480334124,0.022781637999772182,0.0,1.0,7,6,0
AMZN,20200114,twap,-45.98094265324573,-0.26892467754227056,3.8054899447222166,8.24793447694701,2.6290523099487286,-10.227576974564148,2.4284262649489157,0.017169297861563952,0.0,1.0,60,26,0
AMZN,20200114,vwap_following,-44.29943956885815,1.4049270983609983,4.046949064115783,11.744969083696644,2.702841105167852,-8.837139551823617,1.9880207531993708,0.017169297861563952,0.0,1.0,12,12,0
AMZN,20200114,ac_rn,-45.98094265324573,-0.26892467754227056,3.8054899447222166,8.24793447694701,2.6290523099487286,-10.227576974564148,2.4284262649489157,0.017169297861563952,0.0,1.0,60,26,0
AMZN,20200114,ac_ra,-39.09566573037777,6.585022313060981,4.070984799700161,23.85256021228342,5.442695283871241,-10.227576974564148,2.4284262649489157,0.017169297861563952,0.0,1.0,60,18,0
AMZN,20200114,pov_auto,-44.29943956885815,1.4049270983609983,4.046949064115783,11.744969083696644,2.702841105167852,-8.837139551823617,1.9880207531993708,0.017169297861563952,0.0,1.0,12,12,0
AMZN,20200114,pov_5pct_cap,-44.29943956885815,1.4049270983609983,4.046949064115783,11.744969083696644,2.702841105167852,-8.837139551823617,1.9880207531993708,0.017169297861563952,0.0,1.0,12,12,0
AMZN,20200114,toth,-44.30090179687552,1.4034715238893305,4.046803763489738,11.742186212691324,2.7021811528052235,-8.837139551823617,1.9880207531993708,0.017169297861563952,0.0,1.0,12,12,0
AMZN,20200114,cvxpy_constrained,-7.799771526874028,37.73851146059629,4.685874036278606,64.17764208381743,14.164769184297398,-19.537950257289783,2.6918813123909766,0.017169297861563952,0.0,1.0,4,3,0
AMZN,20200115,twap,25.99778805282106,3.1858546469410065,3.4519676325143425,-3.191280445038029,1.1285181456169535,11.308648576392365,2.1071464089380605,0.024514310228595942,0.0,1.0,60,41,0
AMZN,20200115,vwap_following,25.811462150385587,2.9991025911933673,3.8403514999697657,-4.955506372015864,2.4608047660637684,12.301372940189557,2.40495747458149,0.024514310228595942,0.0,1.0,12,12,0
AMZN,20200115,ac_rn,25.99778805282106,3.1858546469410065,3.4519676325143425,-3.191280445038029,1.1285181456169535,11.308648576392365,2.1071464089380605,0.024514310228595942,0.0,1.0,60,41,0
AMZN,20200115,ac_ra,14.860191613257745,-7.977215028228432,3.381834422133691,-8.9582575581202,0.3656805276779017,11.308648576392365,2.1071464089380605,0.024514310228595942,0.0,1.0,60,22,0
AMZN,20200115,pov_auto,25.811462150385587,2.9991025911933673,3.8403514999697657,-4.955506372015864,2.4608047660637684,12.301372940189557,2.40495747458149,0.024514310228595942,0.0,1.0,12,12,0
AMZN,20200115,pov_5pct_cap,25.811462150385587,2.9991025911933673,3.8403514999697657,-4.955506372015864,2.4608047660637684,12.301372940189557,2.40495747458149,0.024514310228595942,0.0,1.0,12,12,0
AMZN,20200115,toth,25.808082934694138,2.9957156467645762,3.8403823507225296,-4.95500122037152,2.460119644592849,12.301372940189557,2.40495747458149,0.024514310228595942,0.0,1.0,12,12,0
AMZN,20200115,cvxpy_constrained,2.4605433928064935,-20.40522297263507,3.189444749862311,-15.816269522272565,-1.237114067434691,-1.9210758024488377,1.4250988269824216,0.024514310228595942,0.0,1.0,6,5,0
AMZN,20200116,twap,24.448804329597596,0.940389156688699,3.733933309278504,-4.849101281853104,1.016020101740164,-9.961279542424485,3.363777319191523,0.021763875014418566,0.0,1.0,60,49,0
AMZN,20200116,vwap_following,26.639557882801054,3.1363054465730706,4.054459486220444,-2.572693352006389,1.408610054160776,-14.38136047134411,3.4893824885665974,0.021763875014418566,0.0,1.0,12,12,0
AMZN,20200116,ac_rn,24.448804329597596,0.940389156688699,3.733933309278504,-4.849101281853104,1.016020101740164,-9.961279542424485,3.363777319191523,0.021763875014418566,0.0,1.0,60,49,0
AMZN,20200116,ac_ra,8.66223342659539,-14.883384428718202,3.6308694465366353,-6.749868384809329,0.9118924257074529,-9.961279542424485,3.363777319191523,0.021763875014418566,0.0,1.0,60,26,0
AMZN,20200116,pov_auto,26.639557882801054,3.1363054465730706,4.054459486220444,-2.572693352006389,1.408610054160776,-14.38136047134411,3.4893824885665974,0.021763875014418566,0.0,1.0,12,12,0
AMZN,20200116,pov_5pct_cap,26.639557882801054,3.1363054465730706,4.054459486220444,-2.572693352006389,1.408610054160776,-14.38136047134411,3.4893824885665974,0.021763875014418566,0.0,1.0,12,12,0
AMZN,20200116,toth,26.639557882801054,3.1363054465730706,4.054459486220444,-2.572693352006389,1.408610054160776,-14.38136047134411,3.4893824885665974,0.021763875014418566,0.0,1.0,12,12,0
AMZN,20200116,cvxpy_constrained,-2.173487343168152,-25.74464069196544,3.3034599115150782,-8.83013930235008,1.4261188712039221,-1.7304722858210186,0.5418091387722794,0.021763875014418566,0.0,1.0,7,6,0
AMZN,20200117,twap,24.106027050438996,0.19371894680110882,2.9143762852706323,-1.6225578181390692,0.9563500614865464,-6.155295427418849,2.121947957795687,0.021390282822319476,0.0,1.0,60,43,0
AMZN,20200117,vwap_following,26.09149177160482,2.183942844865781,2.8306746368335474,-0.10016702599517524,1.651210471843592,-3.9332366524149394,1.8605611730840794,0.021390282822319476,0.0,1.0,12,12,0
AMZN,20200117,ac_rn,24.106027050438996,0.19371894680110882,2.9143762852706323,-1.6225578181390692,0.9563500614865464,-6.155295427418849,2.121947957795687,0.021390282822319476,0.0,1.0,60,43,0
AMZN,20200117,ac_ra,14.192567126395494,-9.743503630365971,3.3319868725985944,-1.1043730554235995,1.0998363141546392,-6.155295427418849,2.121947957795687,0.021390282822319476,0.0,1.0,60,25,0
AMZN,20200117,pov_auto,26.09149177160482,2.183942844865781,2.8306746368335474,-0.10016702599517524,1.651210471843592,-3.9332366524149394,1.8605611730840794,0.021390282822319476,0.0,1.0,12,12,0
AMZN,20200117,pov_5pct_cap,26.09149177160482,2.183942844865781,2.8306746368335474,-0.10016702599517524,1.651210471843592,-3.9332366524149394,1.8605611730840794,0.021390282822319476,0.0,1.0,12,12,0
AMZN,20200117,toth,26.086758611499498,2.1791983393328693,2.8308657373090944,-0.10036280251102857,1.651692156081321,-3.9332366524149394,1.8605611730840794,0.021390282822319476,0.0,1.0,12,12,0
AMZN,20200117,cvxpy_constrained,9.669153174763924,-14.277760246162279,3.638952744672008,-1.9507605282646283,0.8577873515397516,-2.26908702616221,0.6915407228996268,0.021390282822319476,0.0,1.0,8,6,0
AMD,20200113,twap,-1.3636083427500674,3.158819685262586,2.0543783314647,-6.745933306463192,0.3784344337553834,15.432098765431222,0.07384879191832852,0.0015923843264158567,0.0,1.0,60,1,0
AMD,20200113,vwap_following,-4.185759786294005,0.33794436538411826,2.053799257136317,-3.3659754711959873,0.5015398812697567,15.419407894737425,0.0745237403703537,0.0015923843264158567,0.0,1.0,12,2,0
AMD,20200113,ac_rn,-1.3636083427500674,3.158819685262586,2.0543783314647,-6.745933306463192,0.3784344337553834,15.432098765431222,0.07384879191832852,0.0015923843264158567,0.0,1.0,60,1,0
AMD,20200113,ac_ra,-13.237645124830728,-8.70984788129389,2.051941795504582,-8.981146061594401,0.9794357460167443,15.432098765431222,0.07384879191832852,0.0015923843264158567,0.0,1.0,60,3,0
AMD,20200113,pov_auto,-4.185759786294005,0.33794436538411826,2.053799257136317,-3.3659754711959873,0.5015398812697567,15.419407894737425,0.0745237403703537,0.0015923843264158567,0.0,1.0,12,2,0
AMD,20200113,pov_5pct_cap,-4.185759786294005,0.33794436538411826,2.053799257136317,-3.3659754711959873,0.5015398812697567,15.419407894737425,0.0745237403703537,0.0015923843264158567,0.0,1.0,12,2,0
AMD,20200113,toth,-4.187198191719597,0.3365066103783358,2.0537989617454078,-3.3610408625942814,0.5031832885796681,15.419407894737425,0.0745237403703537,0.0015923843264158567,0.0,1.0,12,2,0
AMD,20200114,twap,-54.33101298701018,-3.840551408674384,2.0320818347960588,4.379760564335974,1.8568515191747974,-9.318699523711267,0.10735599999284352,0.0016703562051311005,0.0,1.0,60,3,0
AMD,20200114,vwap_following,-55.76706493506557,-5.269391845032559,2.066192460347224,0.3047208680462643,-3.8853978396434714,-9.320629660315184,0.10085993888917077,0.0016703562051311005,0.0,1.0,12,4,0
AMD,20200114,ac_rn,-54.33101298701018,-3.840551408674384,2.0320818347960588,4.379760564335974,1.8568515191747974,-9.318699523711267,0.10735599999284352,0.0016703562051311005,0.0,1.0,60,3,0
AMD,20200114,ac_ra,-47.78846753246747,2.6691389370132073,2.0482626823383185,20.187489429092416,5.651701363155555,-9.318699523711267,0.10735599999284352,0.0016703562051311005,0.0,1.0,60,3,0
AMD,20200114,pov_auto,-55.76706493506557,-5.269391845032559,2.066192460347224,0.3047208680462643,-3.8853978396434714,-9.320629660315184,0.10085993888917077,0.0016703562051311005,0.0,1.0,12,4,0
AMD,20200114,pov_5pct_cap,-55.76706493506557,-5.269391845032559,2.066192460347224,0.3047208680462643,-3.8853978396434714,-9.320629660315184,0.10085993888917077,0.0016703562051311005,0.0,1.0,12,4,0
AMD,20200114,toth,-55.76540259740299,-5.267737855234782,2.0661928029150403,0.3084460336490653,-3.8845712237421575,-9.320629660315184,0.10085993888917077,0.0016703562051311005,0.0,1.0,12,4,0
AMD,20200115,twap,-73.75012917226377,4.49961509656866,2.0514374780364037,16.929681902904225,2.885851572048718,5.117707267144028,0.1626068531783486,0.0010680870230310537,0.0,1.0,60,1,0
AMD,20200115,vwap_following,-76.99059625917059,1.2843189457691104,2.0507810610821386,13.791376573273268,5.539018270109625,5.119803399549166,0.1722819218782423,0.0010680870230310537,0.0,1.0,12,5,0
AMD,20200115,ac_rn,-73.75012917226377,4.49961509656866,2.0514374780364037,16.929681902904225,2.885851572048718,5.117707267144028,0.1626068531783486,0.0010680870230310537,0.0,1.0,60,1,0
AMD,20200115,ac_ra,-43.494678102715696,34.520051273095476,2.057614597808996,34.78480662385511,4.906412441871159,5.117707267144028,0.1626068531783486,0.0010680870230310537,0.0,1.0,60,3,0
AMD,20200115,pov_auto,-76.99059625917059,1.2843189457691104,2.0507810610821386,13.791376573273268,5.539018270109625,5.119803399549166,0.1722819218782423,0.0010680870230310537,0.0,1.0,12,5,0
AMD,20200115,pov_5pct_cap,-76.99059625917059,1.2843189457691104,2.0507810610821386,13.791376573273268,5.539018270109625,5.119803399549166,0.1722819218782423,0.0010680870230310537,0.0,1.0,12,5,0
AMD,20200115,toth,-76.98439599049178,1.2904710526975984,2.050782315167072,13.788102988124285,5.534934343633095,5.119803399549166,0.1722819218782423,0.0010680870230310537,0.0,1.0,12,5,0
AMD,20200116,twap,7.380335442402592,15.63742248638159,2.0432836247095616,-10.86337813297741,-0.01129396277224104,-21.242160631194995,0.22851837938667904,0.0005857907205243436,0.0,1.0,60,3,0
AMD,20200116,vwap_following,-14.75183288138998,-6.476457616058003,2.005530483848421,-11.27309292314638,-4.064739017247729,-27.33900364520008,0.2525266262588899,0.0005857907205243436,0.0,1.0,12,4,0
AMD,20200116,ac_rn,7.380335442402592,15.63742248638159,2.0432836247095616,-10.86337813297741,-0.01129396277224104,-21.242160631194995,0.22851837938667904,0.0005857907205243436,0.0,1.0,60,3,0
AMD,20200116,ac_ra,-28.85065782866493,-20.563632442672365,2.0533700141138165,6.664630469679929,2.1755839421881342,-21.242160631194995,0.22851837938667904,0.0005857907205243436,0.0,1.0,60,1,0
AMD,20200116,pov_auto,-14.75183288138998,-6.476457616058003,2.005530483848421,-11.27309292314638,-4.064739017247729,-27.33900364520008,0.2525266262588899,0.0005857907205243436,0.0,1.0,12,4,0
AMD,20200116,pov_5pct_cap,-14.75183288138998,-6.476457616058003,2.005530483848421,-11.27309292314638,-4.064739017247729,-27.33900364520008,0.2525266262588899,0.0005857907205243436,0.0,1.0,12,4,0
AMD,20200116,toth,-14.75183288138998,-6.476457616058003,2.005530483848421,-11.27309292314638,-4.064739017247729,-27.33900364520008,0.2525266262588899,0.0005857907205243436,0.0,1.0,12,4,0
AMD,20200117,twap,-22.38716108452497,3.771630356916626,1.955751491965368,6.030219626407863,1.2128601010758062,-30.864197530864427,0.08799252022654651,0.0010963152406236543,0.0,1.0,60,1,0
AMD,20200117,vwap_following,-24.378787878790813,1.7852017803112101,1.988582201041885,8.032081175702128,1.7071004183394132,-10.949631694206595,0.1030298573965405,0.0010963152406236543,0.0,1.0,12,4,0
AMD,20200117,ac_rn,-22.38716108452497,3.771630356916626,1.955751491965368,6.030219626407863,1.2128601010758062,-30.864197530864427,0.08799252022654651,0.0010963152406236543,0.0,1.0,60,1,0
AMD,20200117,ac_ra,-17.882974481659716,8.264060870532486,1.9789274369002097,14.449596186821744,2.159070774468253,-30.864197530864427,0.08799252022654651,0.0010963152406236543,0.0,1.0,60,2,0
AMD,20200117,pov_auto,-24.378787878790813,1.7852017803112101,1.988582201041885,8.032081175702128,1.7071004183394132,-10.949631694206595,0.1030298573965405,0.0010963152406236543,0.0,1.0,12,4,0
AMD,20200117,pov_5pct_cap,-24.378787878790813,1.7852017803112101,1.988582201041885,8.032081175702128,1.7071004183394132,-10.949631694206595,0.1030298573965405,0.0010963152406236543,0.0,1.0,12,4,0
AMD,20200117,toth,-24.375598086125475,1.7883832475028139,1.9885828330550526,8.034467178542403,1.7065041139097443,-10.949631694206595,0.1030298573965405,0.0010963152406236543,0.0,1.0,12,4,0
TSLA,20200113,twap,-49.18572726456137,3.8814305722552325,4.287924876461547,10.521479833912789,3.3127960434042163,-16.79753503627811,0.8626056145931792,0.0026915190772180673,0.0,1.0,60,32,0
TSLA,20200113,vwap_following,-49.61754340425078,3.451894742221074,4.498779180428241,10.52042647160791,4.7193343455946435,-0.894418826522816,0.7627859622740912,0.0026915190772180673,0.0,1.0,12,12,0
TSLA,20200113,ac_rn,-49.18572726456137,3.8814305722552325,4.287924876461547,10.521479833912789,3.3127960434042163,-16.79753503627811,0.8626056145931792,0.0026915190772180673,0.0,1.0,60,32,0
TSLA,20200113,ac_ra,-44.2959775565784,8.745358773244654,4.520472321954796,26.21215013135253,6.088067300360974,-16.79753503627811,0.8626056145931792,0.0026915190772180673,0.0,1.0,60,22,0
TSLA,20200113,pov_auto,-49.61754340425078,3.451894742221074,4.498779180428241,10.52042647160791,4.7193343455946435,-0.894418826522816,0.7627859622740912,0.0026915190772180673,0.0,1.0,12,12,0
TSLA,20200113,pov_5pct_cap,-49.61754340425078,3.451894742221074,4.498779180428241,10.52042647160791,4.7193343455946435,-0.894418826522816,0.7627859622740912,0.0026915190772180673,0.0,1.0,12,12,0
TSLA,20200113,toth,-49.6160258778193,3.453404254986895,4.498958787637508,10.521578266196949,4.718223764309645,-0.894418826522816,0.7627859622740912,0.0026915190772180673,0.0,1.0,12,12,0
TSLA,20200114,twap,-177.40440150702932,-1.0028383595937336,6.308849949938965,24.62969197563004,5.594466328213692,-36.94627357078762,3.3619534777329547,0.001735625979543912,0.0,1.0,60,32,0
TSLA,20200114,vwap_following,-167.69610811118852,8.537184418026687,6.098273873747136,29.4412485875326,-3.035886557560166,-30.47811372263251,3.222151901879844,0.001735625979543912,0.0,1.0,12,12,0
TSLA,20200114,ac_rn,-177.40440150702932,-1.0028383595937336,6.308849949938965,24.62969197563004,5.594466328213692,-36.94627357078762,3.3619534777329547,0.001735625979543912,0.0,1.0,60,32,0
TSLA,20200114,ac_ra,-138.863769656361,36.869781546679306,6.608253100467529,65.80738288552143,12.055418126456956,-36.94627357078762,3.3619534777329547,0.001735625979543912,0.0,1.0,60,24,0
TSLA,20200114,pov_auto,-167.69610811118852,8.537184418026687,6.098273873747136,29.4412485875326,-3.035886557560166,-30.47811372263251,3.222151901879844,0.001735625979543912,0.0,1.0,12,12,0
TSLA,20200114,pov_5pct_cap,-167.69610811118852,8.537184418026687,6.098273873747136,29.4412485875326,-3.035886557560166,-30.47811372263251,3.222151901879844,0.001735625979543912,0.0,1.0,12,12,0
TSLA,20200114,toth,-167.68244237138586,8.550613294109752,6.097718018264243,29.443911006630614,-3.0427981008288527,-30.47811372263251,3.222151901879844,0.001735625979543912,0.0,1.0,12,12,0
TSLA,20200115,twap,-63.686287082964384,5.800689666044307,6.196622944254425,3.277677556975422,3.50077143372761,23.972023238760922,1.5576943703475477,0.003110471183506291,0.0,1.0,60,23,0
TSLA,20200115,vwap_following,-66.37338513475291,3.132145284801596,5.461851171903724,14.233060818363114,2.8059630468889445,17.38395038526721,1.385039108954437,0.003110471183506291,0.0,1.0,12,12,0
TSLA,20200115,ac_rn,-63.686287082964384,5.800689666044307,6.196622944254425,3.277677556975422,3.50077143372761,23.972023238760922,1.5576943703475477,0.003110471183506291,0.0,1.0,60,23,0
TSLA,20200115,ac_ra,-66.85238481414368,2.6564529660175813,6.014463383430966,35.30431719558495,8.043198958286522,23.972023238760922,1.5576943703475477,0.003110471183506291,0.0,1.0,60,18,0
TSLA,20200115,pov_auto,-66.37338513475291,3.132145284801596,5.461851171903724,14.233060818363114,2.8059630468889445,17.38395038526721,1.385039108954437,0.003110471183506291,0.0,1.0,12,12,0
TSLA,20200115,pov_5pct_cap,-66.37338513475291,3.132145284801596,5.461851171903724,14.233060818363114,2.8059630468889445,17.38395038526721,1.385039108954437,0.003110471183506291,0.0,1.0,12,12,0
TSLA,20200115,toth,-66.37338513475291,3.132145284801596,5.461851171903724,14.233060818363114,2.8059630468889445,17.38395038526721,1.385039108954437,0.003110471183506291,0.0,1.0,12,12,0
TSLA,20200116,twap,-67.53216715648826,5.446045523397608,6.317937146383102,4.720810919750194,3.5284843614525307,-12.436812966380579,1.2874168395061747,0.0032623734484559675,0.0,1.0,60,21,0
TSLA,20200116,vwap_following,-59.051149402153,13.86558549875571,6.648212272491456,19.91244699570253,14.0563623489825,10.316713075181521,1.3649938949802434,0.0032623734484559675,0.0,1.0,12,12,0
TSLA,20200116,ac_rn,-67.53216715648826,5.446045523397608,6.317937146383102,4.720810919750194,3.5284843614525307,-12.436812966380579,1.2874168395061747,0.0032623734484559675,0.0,1.0,60,21,0
TSLA,20200116,ac_ra,-72.4028745118566,0.6106452831573614,6.287708532818765,25.433913466617852,6.26078030239597,-12.436812966380579,1.2874168395061747,0.0032623734484559675,0.0,1.0,60,17,0
TSLA,20200116,pov_auto,-59.051149402153,13.86558549875571,6.648212272491456,19.91244699570253,14.0563623489825,10.316713075181521,1.3649938949802434,0.0032623734484559675,0.0,1.0,12,12,0
TSLA,20200116,pov_5pct_cap,-59.051149402153,13.86558549875571,6.648212272491456,19.91244699570253,14.0563623489825,10.316713075181521,1.3649938949802434,0.0032623734484559675,0.0,1.0,12,12,0
TSLA,20200116,toth,-59.051149402153,13.86558549875571,6.648212272491456,19.91244699570253,14.0563623489825,10.316713075181521,1.3649938949802434,0.0032623734484559675,0.0,1.0,12,12,0
TSLA,20200117,twap,-54.79035345157453,3.658265134769362,4.4763677727439255,7.641121721987527,3.2607021944182426,12.871518839222407,0.7163118619817906,0.004093555760779151,0.0,1.0,60,18,0
TSLA,20200117,vwap_following,-53.0291222112069,5.40925831652097,4.595735581455888,8.573662002700676,8.918949207077123,26.446764906802347,0.745728746687666,0.004093555760779151,0.0,1.0,12,12,0
TSLA,20200117,ac_rn,-54.79035345157453,3.658265134769362,4.4763677727439255,7.641121721987527,3.2607021944182426,12.871518839222407,0.7163118619817906,0.004093555760779151,0.0,1.0,60,18,0
TSLA,20200117,ac_ra,-52.52013623737871,5.915285548694244,4.4518945544736495,16.97932662971958,4.532597949360668,12.871518839222407,0.7163118619817906,0.004093555760779151,0.0,1.0,60,17,0
TSLA,20200117,pov_auto,-53.0291222112069,5.40925831652097,4.595735581455888,8.573662002700676,8.918949207077123,26.446764906802347,0.745728746687666,0.004093555760779151,0.0,1.0,12,12,0
TSLA,20200117,pov_5pct_cap,-53.0291222112069,5.40925831652097,4.595735581455888,8.573662002700676,8.918949207077123,26.446764906802347,0.745728746687666,0.004093555760779151,0.0,1.0,12,12,0
TSLA,20200117,toth,-53.0291222112069,5.40925831652097,4.595735581455888,8.573662002700676,8.918949207077123,26.446764906802347,0.745728746687666,0.004093555760779151,0.0,1.0,12,12,0
NVDA,20200113,twap,-12.181570458237863,1.1629935170737997,2.4808750091395657,4.318494049985963,1.5317122214583003,-2.19929622520707,0.3448036778678342,0.0066697125020426,0.0,1.0,60,26,0
NVDA,20200113,vwap_following,-13.219900218398257,0.12604767687275065,2.1413675809476826,-0.8298908298612132,-1.3288831016138922,-4.595771889862827,0.32606352792427185,0.0066697125020426,0.0,1.0,12,12,0
NVDA,20200113,ac_rn,-12.181570458237863,1.1629935170737997,2.4808750091395657,4.318494049985963,1.5317122214583003,-2.19929622520707,0.3448036778678342,0.0066697125020426,0.0,1.0,60,26,0
NVDA,20200113,ac_ra,-6.958584624015139,6.379017984473872,2.4664861900284736,-1.7523804501672924,1.6979539955538894,-2.19929622520707,0.3448036778678342,0.0066697125020426,0.0,1.0,60,19,0
NVDA,20200113,pov_auto,-13.219900218398257,0.12604767687275065,2.1413675809476826,-0.8298908298612132,-1.3288831016138922,-4.595771889862827,0.32606352792427185,0.0066697125020426,0.0,1.0,12,12,0
NVDA,20200113,pov_5pct_cap,-13.219900218398257,0.12604767687275065,2.1413675809476826,-0.8298908298612132,-1.3288831016138922,-4.595771889862827,0.32606352792427185,0.0066697125020426,0.0,1.0,12,12,0
NVDA,20200113,toth,-13.220861968783806,0.12508720833965617,2.141327469862562,-0.8276111178060466,-1.3287031903292017,-4.595771889862827,0.32606352792427185,0.0066697125020426,0.0,1.0,12,12,0
NVDA,20200113,cvxpy_constrained,-0.20252860205579049,13.126069313382926,3.205015735735502,38.39430704927164,8.415986353620136,-17.418812317302777,0.12727922061356328,0.0066697125020426,0.0,1.0,2,1,0
NVDA,20200114,twap,-35.21036265244933,0.6011436720080242,2.2543113196807254,1.5892483834299325,1.371524598202071,0.6052291801168004,0.5196840359056076,0.007189816918501987,0.0,1.0,60,20,0
NVDA,20200114,vwap_following,-37.179912769567316,-1.3613779370940309,2.166663264986223,1.0126646760020652,-2.61237996578086,-2.0176748315246105,0.5124628589646086,0.007189816918501987,0.0,1.0,12,12,0
NVDA,20200114,ac_rn,-35.21036265244933,0.6011436720080242,2.2543113196807254,1.5892483834299325,1.371524598202071,0.6052291801168004,0.5196840359056076,0.007189816918501987,0.0,1.0,60,20,0
NVDA,20200114,ac_ra,-30.33313141103359,5.460970096669954,2.574230837102828,16.194624782981762,4.043315094675927,0.6052291801168004,0.5196840359056076,0.007189816918501987,0.0,1.0,60,19,0
NVDA,20200114,pov_auto,-37.179912769567316,-1.3613779370940309,2.166663264986223,1.0126646760020652,-2.61237996578086,-2.0176748315246105,0.5124628589646086,0.007189816918501987,0.0,1.0,12,12,0
NVDA,20200114,pov_5pct_cap,-37.179912769567316,-1.3613779370940309,2.166663264986223,1.0126646760020652,-2.61237996578086,-2.0176748315246105,0.5124628589646086,0.007189816918501987,0.0,1.0,12,12,0
NVDA,20200114,toth,-37.18253775947031,-1.3639935594960868,2.1668239076324776,1.0137492877535716,-2.61310289771475,-2.0176748315246105,0.5124628589646086,0.007189816918501987,0.0,1.0,12,12,0
NVDA,20200114,cvxpy_constrained,-4.081415071480818,31.619004941590536,3.228680756976828,41.81143493499637,17.83232200625901,-2.6186447506243544,0.419682419614329,0.007189816918501987,0.0,1.0,3,2,0
NVDA,20200115,twap,21.252038756561134,3.4569559442621967,2.279434741835224,-1.9821956490736816,0.711733533161327,5.670082216192733,0.35325923964629685,0.010944559240710259,0.0,1.0,60,27,0
NVDA,20200115,vwap_following,23.019176423092826,5.227244944131374,2.2177209535313867,-3.317962569068098,4.739290321547843,8.9115728926155,0.2923727384381382,0.010944559240710259,0.0,1.0,12,12,0
NVDA,20200115,ac_rn,21.252038756561134,3.4569559442621967,2.279434741835224,-1.9821956490736816,0.711733533161327,5.670082216192733,0.35325923964629685,0.010944559240710259,0.0,1.0,60,27,0
NVDA,20200115,ac_ra,11.693823173191404,-6.118304787306938,2.5141827125981324,1.3601840522257913,0.7852587373391264,5.670082216192733,0.35325923964629685,0.010944559240710259,0.0,1.0,60,18,0
NVDA,20200115,pov_auto,23.019176423092826,5.227244944131374,2.2177209535313867,-3.317962569068098,4.739290321547843,8.9115728926155,0.2923727384381382,0.010944559240710259,0.0,1.0,12,12,0
NVDA,20200115,pov_5pct_cap,23.019176423092826,5.227244944131374,2.2177209535313867,-3.317962569068098,4.739290321547843,8.9115728926155,0.2923727384381382,0.010944559240710259,0.0,1.0,12,12,0
NVDA,20200115,toth,23.02337505046208,5.23145105890506,2.217883630357841,-3.3165117602519794,4.738886612353075,8.9115728926155,0.2923727384381382,0.010944559240710259,0.0,1.0,12,12,0
NVDA,20200115,cvxpy_constrained,8.73609204682898,-9.081310430125187,2.957548404312075,16.243501691200613,-4.421046423719227,-33.78788491886893,0.2215663933602486,0.010944559240710259,0.0,1.0,4,3,0
NVDA,20200116,twap,6.28624954675185,0.009701496821654677,2.129354039241789,-4.491211583943559,0.4055761006374031,-23.493195074529492,0.4245495785332613,0.012249092648462065,0.0,1.0,60,21,0
NVDA,20200116,vwap_following,6.754844687964977,0.478590939031711,2.0203846629154367,-5.400712690713994,0.1127905242536327,-3.0339805825249617,0.37746663508985906,0.012249092648462065,0.0,1.0,12,12,0
NVDA,20200116,ac_rn,6.28624954675185,0.009701496821654677,2.129354039241789,-4.491211583943559,0.4055761006374031,-23.493195074529492,0.4245495785332613,0.012249092648462065,0.0,1.0,60,21,0
NVDA,20200116,ac_ra,-4.422182829057797,-10.705456305793732,2.3106258826101382,3.697772560511335,1.4399777400556326,-23.493195074529492,0.4245495785332613,0.012249092648462065,0.0,1.0,60,21,0
NVDA,20200116,pov_auto,6.754844687964977,0.478590939031711,2.0203846629154367,-5.400712690713994,0.1127905242536327,-3.0339805825249617,0.37746663508985906,0.012249092648462065,0.0,1.0,12,12,0
NVDA,20200116,pov_5pct_cap,6.754844687964977,0.478590939031711,2.0203846629154367,-5.400712690713994,0.1127905242536327,-3.0339805825249617,0.37746663508985906,0.012249092648462065,0.0,1.0,12,12,0
NVDA,20200116,toth,6.754844687964977,0.478590939031711,2.0203846629154367,-5.400712690713994,0.1127905242536327,-3.0339805825249617,0.37746663508985906,0.012249092648462065,0.0,1.0,12,12,0
NVDA,20200116,cvxpy_constrained,-1.8584263325414032,-8.140089643002767,2.9351503064086084,26.427486568288227,3.5425682361183224,-17.911048500704094,0.1266491215919038,0.012249092648462065,0.0,1.0,6,5,0
NVDA,20200117,twap,-5.7677702240639235,3.631847900152385,2.3983724294390183,2.5113554664753472,1.2810947763191316,-13.89336340206181,0.27131876097405666,0.007971665512103779,0.0,1.0,60,15,0
NVDA,20200117,vwap_following,-6.5832897542140945,2.8170944853401165,1.9219302628984969,2.6922324978730923,0.5880779899540853,-9.2600048313076,0.25090140524021914,0.007971665512103779,0.0,1.0,12,11,0
NVDA,20200117,ac_rn,-5.7677702240639235,3.631847900152385,2.3983724294390183,2.5113554664753472,1.2810947763191316,-13.89336340206181,0.27131876097405666,0.007971665512103779,0.0,1.0,60,15,0
NVDA,20200117,ac_ra,-8.51755903294569,0.8846422978090185,2.557475135327638,10.232041759897719,2.252755086619589,-13.89336340206181,0.27131876097405666,0.007971665512103779,0.0,1.0,60,21,0
NVDA,20200117,pov_auto,-6.5832897542140945,2.8170944853401165,1.9219302628984969,2.6922324978730923,0.5880779899540853,-9.2600048313076,0.25090140524021914,0.007971665512103779,0.0,1.0,12,11,0
NVDA,20200117,pov_5pct_cap,-6.5832897542140945,2.8170944853401165,1.9219302628984969,2.6922324978730923,0.5880779899540853,-9.2600048313076,0.25090140524021914,0.007971665512103779,0.0,1.0,12,11,0
NVDA,20200117,toth,-6.579669335050004,2.820711503410122,1.92201135248231,2.6944065088450215,0.588761114507392,-9.2600048313076,0.25090140524021914,0.007971665512103779,0.0,1.0,12,11,0
NVDA,20200117,cvxpy_constrained,4.6708234442260474,14.060635345023124,2.951445379964396,38.90462090780675,4.118219053181596,-16.487714641894744,0.1304798835069944,0.007971665512103779,0.0,1.0,4,3,0
