Exchange,nbbo_share_bid_pct,nbbo_share_ask_pct,volume_share_pct,n_trades,avg_depth_at_best,adverse_selection_bps,routable,ticker,date
FINRA,0.0,0.0,49.442112610615844,100809,0.0,-0.4035432252220607,false,AAPL,20200113
NASDAQ,29.42468554219364,35.56556356042448,19.32704437868349,55704,303.67979269713373,-3.0725345856316544,true,AAPL,20200113
BATS,31.061040387365047,31.336183772756893,10.386128201607056,29860,273.57832540247625,-0.10882908583942091,true,AAPL,20200113
ARCA,12.902958424568117,10.361047985466904,7.792599686785581,23120,270.9954945207808,0.05332336181782058,true,AAPL,20200113
EDGX,8.755546038741109,5.477080210628593,5.690825635198412,16042,251.85346419714,-0.22960962807912402,true,AAPL,20200113
NYSE,9.78290150787785,10.118829708117765,2.2503374419304594,6011,177.85191737086555,-0.07634998679904545,true,AAPL,20200113
IEX,0.21090488788194853,0.165086031235106,1.9698248290377232,4742,569.1509182858664,-0.29417358226450324,true,AAPL,20200113
NASDAQ PSX,4.760786426566648,5.67693331399271,0.694070200729031,1417,221.7622872118111,-0.2963892483807281,true,AAPL,20200113
EDGA,1.092514948689788,0.22702207363711926,0.6736102266428636,2888,130.6101989264288,-0.48998316727071856,true,AAPL,20200113
NASDAQ BX,0.5834421243371807,0.3861217215917333,0.5700402795733966,2299,115.61693091049494,-0.37643325613738865,true,AAPL,20200113
BATS Y,0.7022488079038679,0.3700045358365625,0.5387828752400516,2290,177.39893545344293,-0.22703024351228343,true,AAPL,20200113
CSE,0.02578749720827318,0.031083143956400713,0.40205218769811596,56,10038.933169834458,-9.812280710492994,true,AAPL,20200113
NSE,0.601861765200233,0.16669774981062305,0.1995336648577265,764,299.1080320415674,-0.5191812049251274,true,AAPL,20200113
AMEX,0.09532164146629551,0.11834619254511086,0.06303778140024349,273,445.7936717786004,-0.4874815160075783,true,AAPL,20200113
FINRA,0.0,0.0,47.082205153975465,121842,0.0,-0.41071369414030373,false,AAPL,20200114
NASDAQ,32.266483169429286,34.40959615250285,22.196650961326544,91994,251.94343328470325,-0.23138656260643936,true,AAPL,20200114
BATS,33.5981261880381,28.676248749726906,10.25530657970668,38106,263.93114030118915,0.20482953640035748,true,AAPL,20200114
ARCA,10.85244473904404,11.122488864581118,7.347077825723557,30350,255.70665035269997,0.19422352703734272,true,AAPL,20200114
EDGX,5.047313454796218,4.9257415809991185,4.585918015238916,19627,241.70987626342745,0.35541969459149614,true,AAPL,20200114
NYSE,12.969846311155631,15.705510713335602,2.393585338578781,8097,225.77252721313667,0.08877833986288086,true,AAPL,20200114
IEX,0.13108360964430565,0.3442059409707618,2.1327960230802687,5984,179.8512665582152,0.18507870462984194,true,AAPL,20200114
CSE,0.05082833843350628,0.05142282192395664,1.0472926457697305,62,13557.921328040418,-6.6791760019173845,true,AAPL,20200114
EDGA,0.7013418978588191,0.5296847899912759,0.7648555884830796,4336,130.2154680995855,0.8472038305335386,true,AAPL,20200114
NASDAQ PSX,2.5824362825163893,3.0388509823096577,0.6911320476312538,2043,201.39011547391405,0.30504252497175477,true,AAPL,20200114
NASDAQ BX,0.40870739968462655,0.4678585069844379,0.6493410713819268,3584,206.67369103582428,1.762671013080836,true,AAPL,20200114
BATS Y,0.4008304934361591,0.3829959887226482,0.5349904690399478,3031,137.75976415026284,0.5967224077490584,true,AAPL,20200114
NSE,0.8966297244717641,0.25622238438410766,0.23590728523211543,1213,101.87911618602351,-0.18695182646342148,true,AAPL,20200114
AMEX,0.0939283914911578,0.08917252356755487,0.08294099483173574,435,633.070051716032,2.914228997321282,true,AAPL,20200114
FINRA,0.0,0.0,48.90375905114769,92873,0.0,-0.3328603164451387,false,AAPL,20200115
NASDAQ,30.826685956226857,35.23137517752147,20.061414096625903,70670,247.2141242532427,1.1612060993664783,true,AAPL,20200115
BATS,29.933769560543116,33.183076065460625,10.770224070701524,33077,256.61443214530914,-0.2097550371270149,true,AAPL,20200115
ARCA,12.710537143463894,10.506948223458052,7.46262348837149,24186,259.9745929765642,0.16997803953975635,true,AAPL,20200115
EDGX,9.380931207942343,6.078865986223007,5.529026088486544,16806,246.4694018436049,0.10347969500411222,true,AAPL,20200115
NYSE,9.512330276203496,9.04894947108557,2.4436751367395173,5679,226.0264410937162,0.015598469097015705,true,AAPL,20200115
IEX,0.21053714346389182,0.093903879590672,1.279762138750522,2896,117.13961407491487,-1.5760017221695322,true,AAPL,20200115
EDGA,1.6826380685664228,0.22596657950970894,0.8813357233392315,3548,152.34834340318446,-0.3932523962517689,true,AAPL,20200115
NASDAQ PSX,3.765777842666206,4.554835883891005,0.7666498765752183,1723,213.71657940884947,0.12973056373150132,true,AAPL,20200115
NASDAQ BX,0.5977662158395604,0.5655800804321569,0.7344120472007073,3012,303.8609301548667,-1.2102516509458165,true,AAPL,20200115
BATS Y,0.6253069296417716,0.21070305137836295,0.5929775534418863,2208,300.8154685201817,-0.4210311681058803,true,AAPL,20200115
CSE,0.04910874268346097,0.09075162921572011,0.3862883141283692,79,14337.08383961118,-21.859086379306156,true,AAPL,20200115
NSE,0.5632573696295609,0.13554676612293112,0.12991895042563933,475,100.41245998522531,-0.4550413331196347,true,AAPL,20200115
AMEX,0.14135354312942144,0.0734972061107203,0.057933464065759485,243,652.1984006617951,-0.21937167069724312,true,AAPL,20200115
FINRA,0.0,0.0,50.291949756330524,78044,0.0,-0.49502156716305706,false,AAPL,20200116
NASDAQ,39.50335518102372,34.92099719101124,20.71642897072359,52654,271.45048536706145,-0.948175496470716,true,AAPL,20200116
BATS,28.22624063670412,32.02968945068665,10.084002881558316,27205,282.79885019674896,0.18633664912091408,true,AAPL,20200116
ARCA,13.184105805243446,12.256749375780275,6.267998855271354,18232,244.1427694404128,-0.056307010547595605,true,AAPL,20200116
EDGX,5.23915418227216,5.0782225343320855,4.009788574324393,10577,244.70209884901828,-0.19622159231610023,true,AAPL,20200116
CSE,0.42602996254681647,0.44202559300873906,3.1234821710006,187,9692.475345167653,-5.7100925200509804,true,AAPL,20200116
NYSE,9.001248439450686,9.937578027465669,1.8653504222202744,3958,220.0609834355244,-0.33396122584856597,true,AAPL,20200116
IEX,0.07666198501872659,0.26509831460674155,1.2651598386665686,2789,189.39808481532148,-1.263321814213856,true,AAPL,20200116
EDGA,0.6425561797752809,0.692103620474407,0.7055497363616288,2734,140.1411151161899,0.054155805762134114,true,AAPL,20200116
NASDAQ PSX,2.7258895131086143,2.8530742821473156,0.5088254150325494,826,215.56283131886187,-0.11648836432353715,true,AAPL,20200116
NASDAQ BX,0.15976123595505617,0.38896691635455677,0.446667246605018,1542,138.30898816504958,-0.33501680748040785,true,AAPL,20200116
BATS Y,0.3288857677902622,0.4496332709113608,0.3961645122012201,1618,126.92957349974193,-0.21540276457439372,true,AAPL,20200116
NSE,0.4174469413233458,0.32244850187265917,0.20515388282685612,624,100.94088902224699,0.13963815227743906,true,AAPL,20200116
AMEX,0.0686641697877653,0.3634129213483146,0.11347773687710495,360,111.02362204724409,0.2294760988015497,true,AAPL,20200116
FINRA,0.0,0.0,41.99170614326651,86058,0.0,-0.15215214708508876,false,AAPL,20200117
NASDAQ,27.26157203688335,33.58885221364918,27.737995562706335,56779,298.3391564989926,-7.063664378239024,true,AAPL,20200117
BATS,30.236865374927095,32.49430883431966,9.668070741004797,29754,277.71097421912236,-0.0827855016370968,true,AAPL,20200117
ARCA,15.035338532902149,10.599469451662197,6.079137374127427,21864,264.81889775529464,-0.21644349450647035,true,AAPL,20200117
EDGX,8.554203519011315,5.2835339787153535,4.629498254380242,14954,254.71390107510686,-0.037656437822629764,true,AAPL,20200117
CSE,0.19754459386294795,0.23726255453380524,3.520547017663704,161,2641.3367235742826,-0.6555071107266323,true,AAPL,20200117
NYSE,13.300708861077027,11.232657361514969,2.3375549152472206,6421,228.82182650182267,-0.07083815816388106,true,AAPL,20200117
IEX,0.0940688542204514,0.22095728646892698,1.076173323597466,3405,117.99936285441224,-0.057758555322564374,true,AAPL,20200117
EDGA,1.4772990950576224,0.8562356153043755,0.9567559425148534,4429,137.62959140592017,0.008182782004786759,true,AAPL,20200117
NASDAQ PSX,2.710646294836874,3.2215446942030592,0.5798491184341089,1299,219.41426586537656,-0.24516304102872735,true,AAPL,20200117
NASDAQ BX,0.21970303507932096,0.5516615695283806,0.5210121114388975,2262,117.44926274552478,0.04061437827865748,true,AAPL,20200117
BATS Y,0.4904122933359533,0.4864404972688676,0.4453617326744407,2128,116.61495063469675,-0.46685212409281923,true,AAPL,20200117
NSE,0.34638242542952885,0.8846653134687785,0.34924801133724026,1461,102.54030638590854,0.22747019270970648,true,AAPL,20200117
AMEX,0.07525508337636112,0.34241062936244315,0.10708975160675437,480,822.2513948145717,1.0761038461311672,true,AAPL,20200117
FINRA,0.0,0.0,40.094480215745854,28533,0.0,-0.590452482058441,false,AMZN,20200113
NASDAQ,38.14966683751922,43.09379805228088,26.314174734748804,22270,138.32971866695178,-1.3115475141982504,true,AMZN,20200113
BATS,25.266017426960534,23.279343926191697,12.274718296033772,10059,128.31281871865824,-0.2682116348198889,true,AMZN,20200113
EDGX,8.065607380830343,5.961045617631983,8.179330396209664,6765,186.94761986009215,-0.2772976740842211,true,AMZN,20200113
ARCA,5.8390568939005645,4.659149154279856,5.03033429321057,4106,110.42478204414765,-0.4247897343767341,true,AMZN,20200113
IEX,0.4787288569964121,0.22655048692977958,2.6836291784664272,1278,161.51012891344382,-0.2527353719490426,true,AMZN,20200113
NASDAQ PSX,15.375704766786264,16.380317785750897,1.3675667469699486,705,103.95085491450855,-0.321520505574488,true,AMZN,20200113
NASDAQ BX,3.425935417734495,4.105586878523834,0.9532272461008134,663,100.25974025974025,0.8421061364672098,true,AMZN,20200113
EDGA,0.34136340338288057,0.19169656586365966,0.9260046719500981,581,131.79347826086956,-0.42740964877562587,true,AMZN,20200113
BATS Y,0.3259866735007689,0.2972834443874936,0.7230872068208246,552,103.77729257641921,0.01429736484372375,true,AMZN,20200113
NYSE,0.619169656586366,0.24910302409021015,0.5077308136489616,325,105.79521829521829,-0.3445876267594863,true,AMZN,20200113
CSE,1.017939518195797,1.1450538185545873,0.4503845735037321,68,100.21881838074398,-4.914139349194105,true,AMZN,20200113
NSE,0.9256791389031266,0.3054843669912865,0.40750405159333525,240,100.09774302470232,0.03223853845814492,true,AMZN,20200113
AMEX,0.16914402870322912,0.10558687852383394,0.08782757499719826,56,143.44444444444446,0.27710870570120516,true,AMZN,20200113
FINRA,0.0,0.0,37.86250352193847,36636,0.0,-0.8187600685045363,false,AMZN,20200114
NASDAQ,41.02637101628463,47.72649628267908,28.62836505212469,29163,141.86983223885358,-0.39570294590966765,true,AMZN,20200114
BATS,23.91205323008346,11.548097414957132,12.444769601188495,9979,122.50864720529086,0.24551780284613123,true,AMZN,20200114
EDGX,7.180041972376319,5.296978965006752,8.265893547808714,9260,193.72297364004345,0.8160956420565741,true,AMZN,20200114
ARCA,4.200491304560022,9.763458003221135,5.907283368766169,5073,112.64128728414443,-0.17812602145493986,true,AMZN,20200114
IEX,0.11957246742260326,0.17244464689518293,2.3405202223303707,1106,150.18288222384786,-1.3571226834204488,true,AMZN,20200114
BATS Y,0.17000439245798696,0.4660885975044331,0.933665889705694,775,100.55362371888727,-0.006456563508431636,true,AMZN,20200114
CSE,16.715742894792495,16.703541622606515,0.9094605670961298,411,100.10009809613422,0.09493449234779545,true,AMZN,20200114
NASDAQ BX,0.33268802160438593,0.49130456002212497,0.8684459926743681,778,100.61369215383216,-0.7939879788052763,true,AMZN,20200114
EDGA,2.4020237843465813,3.748230815533033,0.7729374247585871,762,100.51074402981641,-0.6091006840782793,true,AMZN,20200114
NYSE,0.2594803884885064,0.30421838650376615,0.34697497502625446,367,152.20905172413794,-0.9808021563467556,true,AMZN,20200114
NASDAQ PSX,3.317932616440807,2.9974458670224013,0.3275082605466048,287,191.75800466039527,-1.2135640176090077,true,AMZN,20200114
NSE,0.3066586409409621,0.6434137532740081,0.2951384441996875,172,100.06034274680184,-1.2014735060471944,true,AMZN,20200114
AMEX,0.05693927020123965,0.13828108477443915,0.09653313183576241,48,101.55963302752293,-1.5548810418570558,true,AMZN,20200114
FINRA,0.0,0.0,38.22632185405549,28074,0.0,-0.6977213984548422,false,AMZN,20200115
NASDAQ,36.966791299803,38.686527560004826,24.087748274128504,22202,131.23150136382102,-2.7023585748001238,true,AMZN,20200115
BATS,25.94982511156676,18.31303019338238,13.436848703385888,10914,115.85045005852315,-0.4147182493830895,true,AMZN,20200115
EDGX,9.382663932778515,6.147227917822538,9.00272842946914,7930,205.58281932375849,0.25481758013508743,true,AMZN,20200115
ARCA,6.052747959634946,10.244039721786677,6.3006558818549125,4874,118.46995178172409,-0.008037465687667751,true,AMZN,20200115
IEX,0.3558075021107225,0.2271539420254895,3.01595269570859,1035,216.1290322580645,-0.8293832433443018,true,AMZN,20200115
NASDAQ PSX,16.31688980018494,18.117034535440034,1.4785031521301235,810,104.66035301165952,-0.27399601022089193,true,AMZN,20200115
CSE,0.4010372693281872,1.7257668958308208,1.2708391450595602,63,100.0,-3.331801909890926,true,AMZN,20200115
NASDAQ BX,0.4533027781128131,1.0302335866200298,0.8119208376244679,593,101.99415326790562,0.549349117086704,true,AMZN,20200115
BATS Y,0.31761347646041893,0.2904756161299401,0.7507592633127798,545,100.43501326259947,0.3697619885312662,true,AMZN,20200115
EDGA,2.6444337233144375,4.370200619145257,0.6564450369954311,531,116.05506506548392,-0.16629801817867942,true,AMZN,20200115
NYSE,0.4814457443814578,0.2372050014071483,0.5545466252815441,523,112.16981132075472,-0.9636832238489663,true,AMZN,20200115
NSE,0.582961444136212,0.4573232018654766,0.3349431580322718,157,100.19973368841545,0.13628707336735615,true,AMZN,20200115
AMEX,0.09447995818759297,0.15378120853938004,0.071786942961294,34,107.78947368421052,-1.0041331021604358,true,AMZN,20200115
FINRA,0.0,0.0,36.669093253484064,25305,0.0,-0.6432540096560327,false,AMZN,20200116
NASDAQ,40.037082958901614,33.54415260888853,26.341438078341106,18770,145.16134300084917,-3.7075943887090497,true,AMZN,20200116
BATS,22.572829338763068,24.861507661157304,14.110616083736208,9173,127.82505826682676,-0.060384916839575545,true,AMZN,20200116
EDGX,7.780596284879025,7.382466358021181,8.161864607997678,6852,169.358235692844,-0.3000921464699529,true,AMZN,20200116
ARCA,6.654457348909693,7.917097974087429,6.381002710742058,4584,120.80067021722219,-0.3266256843329963,true,AMZN,20200116
IEX,0.44590551808078627,0.19565242119871235,2.7456156550300426,1193,116.48648648648648,-0.06287265431829324,true,AMZN,20200116
NASDAQ PSX,16.79994539932432,18.47664114843421,1.7264904134706074,764,111.29218876935575,0.007975016779915377,true,AMZN,20200116
NASDAQ BX,0.7871597411017962,0.541456700526669,0.9395672705927357,519,131.64777680906712,-0.1358619022243632,true,AMZN,20200116
EDGA,2.066863077430583,3.9266985928950873,0.8351525864172695,570,100.1967810150376,-0.807381456354308,true,AMZN,20200116
BATS Y,0.4652432573853101,0.16266451297334805,0.6794992711995198,468,100.9303928325293,-0.09715444842745512,true,AMZN,20200116
NYSE,0.783747198871586,0.6665832489677059,0.5611516366682276,273,215.59510141599694,0.5484110587401957,true,AMZN,20200116
NSE,0.9759870778400882,0.6119825732843444,0.4415673497384892,201,100.58715596330275,-0.6146505460624786,true,AMZN,20200116
CSE,0.5778571509822434,1.5891071652011695,0.3117600696482631,70,412.5404530744337,-2.829827336766263,true,AMZN,20200116
AMEX,0.05232564752988818,0.12398903436430025,0.09518101293373522,51,101.81543116490167,0.9007594493953951,true,AMZN,20200116
NASDAQ,30.809779968695466,27.389669503265385,30.926357288799412,25780,149.56668206145235,-7.991461672717996,true,AMZN,20200117
FINRA,0.0,0.0,27.669687550291684,29711,0.0,-0.4656759365041177,false,AMZN,20200117
BATS,26.768076570174333,13.359300505550259,13.330465897813927,11883,128.8657105606258,-0.0056463609157405325,true,AMZN,20200117
ARCA,8.543079718619003,15.103538851807208,8.01667027975058,7589,122.69648959304132,0.3615597159916859,true,AMZN,20200117
EDGX,8.300199701347534,6.75026536890776,7.341009193355265,8609,177.63905165419635,0.056470167735720084,true,AMZN,20200117
CSE,16.31793893816455,15.036072180342911,4.284023518729161,250,100.01785650512481,1.6510420138567523,true,AMZN,20200117
NYSE,0.9535289566953925,7.905294784376518,2.336585684644854,1606,222.7404683568802,0.356939290559913,true,AMZN,20200117
IEX,0.3130453555943364,0.3850098051562528,1.5936435057911547,881,170.4767726161369,-0.040321517564253326,true,AMZN,20200117
NASDAQ PSX,3.9571451702858784,5.767051076768077,1.373374939937878,865,121.59890204151655,-0.26985936279838335,true,AMZN,20200117
EDGA,2.9820268787219115,5.760754187431409,1.1083674704986661,1560,103.54079316844252,0.5829740382246676,true,AMZN,20200117
NASDAQ BX,0.4839609233038879,1.2791680909630643,0.8075746360933552,733,105.68479685452162,-0.0916977290170995,true,AMZN,20200117
BATS Y,0.26716801899861464,0.3031502437795729,0.7528745609239361,750,101.61622665808113,0.2999623743541514,true,AMZN,20200117
NSE,0.18081067952431498,0.742133386107263,0.2928181392358745,177,100.55619930475086,0.6458213329477106,true,AMZN,20200117
AMEX,0.12323911987478185,0.2185920155443211,0.1665473341342576,152,152.61768639844703,-0.4685643031034298,true,AMZN,20200117
FINRA,0.0,0.0,34.6596132143141,50131,0.0,-0.13614338878150603,false,MSFT,20200113
NASDAQ,56.268487760771244,53.56386632830201,28.722774415134438,36018,683.5009049915778,-6.86117790359138,true,MSFT,20200113
BATS,22.006417626043483,26.172753168636635,10.108154151765932,14478,592.598076283234,0.20422100874515778,true,MSFT,20200113
EDGX,3.3366710639943626,3.3363178649826137,6.409024076840968,12394,330.4371679585036,0.11293074324501536,true,MSFT,20200113
ARCA,7.472454892071212,8.306357758810991,6.378877744199614,12281,325.20001559341955,-0.04438532916951614,true,MSFT,20200113
NYSE,7.0318391249141285,7.199785255000856,3.4540784918080685,4674,366.5749803439308,0.04903473124513926,true,MSFT,20200113
IEX,0.46092471033266047,0.47699526536724746,3.4120255162575552,5409,121.11079828784936,0.22598715630437394,true,MSFT,20200113
NASDAQ BX,0.18313368759194212,0.14728398789940186,1.8006705692565974,4648,122.87435796128013,0.028089076093426493,true,MSFT,20200113
NASDAQ PSX,2.1587523598108973,0.3745675519599896,1.599609204671652,2939,198.69448558777228,0.19924383774753815,true,MSFT,20200113
BATS Y,0.09501053416052542,0.09359773811352876,1.189937020295034,3375,137.81601105289226,0.11174516673710622,true,MSFT,20200113
EDGA,0.12679844521795028,0.10242771340725788,0.9868804885199046,3316,151.5662811205447,0.11773632910172659,true,MSFT,20200113
NSE,0.21403860111999404,0.15417136862851058,0.912724629277019,1833,107.75141289324958,0.14272509729285984,true,MSFT,20200113
AMEX,0.6454711939715992,0.07187599889095511,0.3625926747114811,622,198.23784528245096,0.400167944762777,true,MSFT,20200113
CSE,0.0,0.0,0.0030378029476342628,109,248.38709677419354,-0.5601683671386917,true,MSFT,20200113
FINRA,0.0,0.0,32.97812742500042,50195,0.0,-0.3292501094478769,false,MSFT,20200114
NASDAQ,53.87599524255937,58.10588751100544,29.106291688876702,47963,492.9093562318645,0.6461122820188571,true,MSFT,20200114
BATS,21.205780694343947,19.222602833314916,10.432967415783656,17284,427.8816658945161,0.347292912709792,true,MSFT,20200114
ARCA,10.991779038032197,9.196094716317997,7.714320801560022,15075,274.8607744756554,0.1666890865362348,true,MSFT,20200114
EDGX,3.729671862542759,2.644039119374451,5.580952967055598,12700,257.6352471138362,0.4463515711524426,true,MSFT,20200114
IEX,0.49938868551345067,0.6089381425782618,3.228004771458928,5529,112.27176453403447,-0.19903874220891288,true,MSFT,20200114
NYSE,6.259290019711774,7.282662550838909,2.8502523036243743,4115,299.4485305696523,0.14233633115618471,true,MSFT,20200114
BATS Y,0.19212741005835113,0.5245779316064442,1.9130803614513274,5275,139.658134238945,0.341089301349038,true,MSFT,20200114
NASDAQ PSX,1.9846036674116507,1.280492948793352,1.619512887143108,3652,174.59824528424937,0.255012499977879,true,MSFT,20200114
NASDAQ BX,0.12273816610406724,0.821739745184636,1.6122539409200225,4000,142.51617783006975,0.17077822587568023,true,MSFT,20200114
EDGA,0.1260650476635192,0.09731128561397005,1.5310299787297408,5525,138.62901610083054,0.2529503963160948,true,MSFT,20200114
CSE,0.015446235811741277,0.0,0.492260410994464,200,3548.176583493282,-10.270986661173017,true,MSFT,20200114
AMEX,0.9135854396652207,0.11216343543295204,0.48381373764964053,1074,135.00571520159266,1.090920844986426,true,MSFT,20200114
NSE,0.08352849058195476,0.10348977993866657,0.45713130975199645,1172,109.22489162111611,-0.5376554717552801,true,MSFT,20200114
FINRA,0.0,0.0,30.73256599653235,41872,0.0,-0.5648462814771246,false,MSFT,20200115
NASDAQ,62.32915748814675,65.63257037204279,30.54811553435659,49835,608.9025839757628,0.17414704873278708,true,MSFT,20200115
BATS,17.557832303101677,16.936032072443695,11.370427261965716,20563,433.39205072376114,0.1681279333590266,true,MSFT,20200115
ARCA,8.9888271224501,7.685060318893817,8.19824926002897,16862,301.2704775009223,0.024245462367394822,true,MSFT,20200115
EDGX,2.2015023279370753,2.011484082768384,5.382328253552759,12459,231.84584400217523,0.08596041809111568,true,MSFT,20200115
NYSE,6.932309813948096,5.772063534681076,3.0904183905276406,4351,328.4470526571947,0.19113207988388267,true,MSFT,20200115
IEX,0.5002471335558552,0.36587970392789804,2.6731139751617987,4289,111.74753553450252,-0.13065752936268038,true,MSFT,20200115
CSE,0.0012204126215073316,0.0007322475729043989,2.591202247187593,257,172.31182795698925,-0.5994734590570564,true,MSFT,20200115
BATS Y,0.2640972912941865,0.137662543706027,1.4518370052750982,3979,156.70205074012569,0.38473968770880945,true,MSFT,20200115
EDGA,0.10776243447909739,0.08347622331110148,1.4192840603440329,4680,139.21018478747823,-0.18682006330439463,true,MSFT,20200115
NASDAQ PSX,0.8700321578725767,1.2501906894721104,1.4081430431162234,2915,190.07887742562374,0.22926844937218438,true,MSFT,20200115
NASDAQ BX,0.09153094661304986,0.06443778641558712,0.6768213600863778,1981,146.27284053156146,0.16113895285163993,true,MSFT,20200115
NSE,0.07529945874700236,0.030388274275532555,0.35089640770646857,853,107.12141928168873,-0.07274938653424218,true,MSFT,20200115
AMEX,0.08018110923303169,0.030022150489080357,0.10659720415838012,234,146.7549440783303,-0.20529947354801065,true,MSFT,20200115
FINRA,0.0,0.0,38.894241751690686,52037,0.0,-0.4083667930629163,false,MSFT,20200116
NASDAQ,57.135569178190146,63.480048554830184,26.68987339846367,42311,648.8837842509234,0.2763947848505916,true,MSFT,20200116
BATS,16.864369990018055,15.875991627333383,9.174660127339257,17330,458.4255009655657,-0.0578841155370027,true,MSFT,20200116
ARCA,10.777319695951643,9.859727418271106,9.033344932106417,17122,337.23358049852055,-0.01712247074211431,true,MSFT,20200116
EDGX,2.7310709436946463,3.21150384484575,5.5273789507471625,12133,305.8040574848242,-0.039470582854772514,true,MSFT,20200116
IEX,0.47835909006699795,0.2994583205448317,2.6215848899581475,4979,139.2782694039112,0.11520024484579319,true,MSFT,20200116
NYSE,10.22430340685685,5.73975606451488,2.282307859989624,3024,361.73692038067577,-0.05590461144694226,true,MSFT,20200116
BATS Y,0.5249507124232344,0.04451781127213102,1.3782235896310069,3965,141.03876055181615,-0.2714790522627704,true,MSFT,20200116
EDGA,0.07285989608823927,0.09567181801339959,1.3267323856479334,4949,153.4773239529598,-0.25235613781893906,true,MSFT,20200116
NASDAQ PSX,0.9715113658672817,1.0454772945337105,1.2879747629375167,2868,189.54243096983302,0.18219977779045152,true,MSFT,20200116
NASDAQ BX,0.05543988298175323,0.07299815016051298,0.7543010713488738,2646,151.214362597632,-0.02718504533022217,true,MSFT,20200116
NSE,0.08696181146015657,0.09719261280841027,0.518368133575612,1373,123.70439109950847,-0.04101803423238024,true,MSFT,20200116
AMEX,0.07313640423278668,0.1755826717875975,0.2656771598533491,572,192.60204230915528,0.35637950078037317,true,MSFT,20200116
CSE,0.004147622168210964,0.002073811084105482,0.24533098671074544,202,242.50764525993884,-12.797582325862244,true,MSFT,20200116
NASDAQ,56.506184056960684,59.13254795679384,44.65335549063875,51747,549.4850130031786,9.937635161409109,true,MSFT,20200117
FINRA,0.0,0.0,28.21875736353713,61172,0.0,-0.7385865762954131,false,MSFT,20200117
BATS,22.15411970203733,18.932457095412282,7.944132111521441,21740,403.12679411487477,0.29711341061612645,true,MSFT,20200117
ARCA,10.112049315798131,10.566160401669968,6.013634513308314,19239,275.36907838361213,0.15808879271421009,true,MSFT,20200117
EDGX,3.2357617865227506,3.1247307448283426,4.22991341568053,14108,245.36515897988994,0.6837456969683423,true,MSFT,20200117
IEX,0.492688008647497,0.42571690413340957,2.5959190041639215,6208,115.26490241450144,-0.6499564325548185,true,MSFT,20200117
NYSE,4.621789499244127,5.490455638497027,1.6025919192701004,4098,258.09217614365116,0.3063648042718315,true,MSFT,20200117
BATS Y,0.904305732883204,0.10789789060602975,1.2771059267738762,5208,168.45628079276702,-0.18587774894553347,true,MSFT,20200117
EDGA,0.21971222007253244,0.24066516797606272,0.9496353334064582,5142,181.71297285744816,-0.1057521049504909,true,MSFT,20200117
NASDAQ PSX,1.3123986621444852,1.3840694932911402,0.6848170629265795,2892,161.5648559829886,0.4322515356804348,true,MSFT,20200117
CSE,0.00039164388604729495,0.0,0.6501628784834229,99,2525.878003696858,-8.506362405406538,true,MSFT,20200117
NASDAQ BX,0.062271377881519895,0.1390335795467897,0.5095539067593292,2997,148.4218124548855,0.35588473893363676,true,MSFT,20200117
NSE,0.10535220534672234,0.16527371991195847,0.401572536665692,1783,108.88581348881391,-0.2328825222402393,true,MSFT,20200117
AMEX,0.2729757885749646,0.2909914073331401,0.2688485368644573,936,176.29989808972442,0.07276863707706079,true,MSFT,20200117
FINRA,0.0,0.0,43.55714224495123,27943,0.0,-0.7070001155413635,false,NVDA,20200113
NASDAQ,25.34750727017212,24.891817056032504,23.65025659177337,27954,226.42875825541097,-1.9829206621092794,true,NVDA,20200113
BATS,54.158955878055906,51.03799969388749,12.750727255828759,11428,274.06425110596166,-0.22890739583767344,true,NVDA,20200113
EDGX,4.670998622493704,7.001627961986393,8.054772228538926,9245,251.5498652291105,-0.240213186546209,true,NVDA,20200113
ARCA,5.811267723218634,6.215475378814231,5.2972106879753875,6199,135.93546605656582,-0.07718111417566949,true,NVDA,20200113
EDGA,5.693692690868107,6.375488736451043,2.047850567362506,3850,119.40995640594151,-0.3572602555165372,true,NVDA,20200113
IEX,0.19271173941476852,0.2330629339492688,1.6607367559297717,1346,134.9522983521249,0.08018466805567247,true,NVDA,20200113
NASDAQ BX,0.20732165467726,0.32559239727838146,0.7494616887695672,1585,135.86672035433864,-0.3823574819943667,true,NVDA,20200113
BATS Y,0.4584730551419945,0.23515006470105332,0.5995443068126354,1167,133.6948391922214,-1.5509084068851526,true,NVDA,20200113
NYSE,0.9106847180286355,0.9837342943410928,0.58119247137865,913,122.80932125023118,-2.1122633034778446,true,NVDA,20200113
NASDAQ PSX,1.198708761774896,1.4039432857003715,0.3279955788633605,582,161.3506451086069,-1.3568191504447091,true,NVDA,20200113
CSE,1.1027007471928092,0.759019883398962,0.31558478492316716,64,116.84177997527811,-8.077981789472304,true,NVDA,20200113
NSE,0.05356968929580209,0.1273149758588543,0.24059131032939807,273,103.89067524115755,0.6791032552109166,true,NVDA,20200113
AMEX,0.19340744966536336,0.40977333760035617,0.16693352656327307,212,253.06254029658285,-2.496633154620364,true,NVDA,20200113
FINRA,0.0,0.0,42.539613485204455,26710,0.0,-0.8797471246493442,false,NVDA,20200114
NASDAQ,24.93295408370581,25.39509684410131,25.999421093944903,33807,172.5155259782319,2.8547342938446136,true,NVDA,20200114
BATS,54.26791277258567,51.463632669646486,10.635436996341245,11370,220.72931276297336,0.21910241879756426,true,NVDA,20200114
EDGX,6.209941758092916,5.332249762968982,9.25187373333455,9557,275.38622357817457,0.18115016090529013,true,NVDA,20200114
ARCA,3.623459298388189,6.968441013138291,5.356188853664838,6817,125.60405702239323,-0.10111271558739894,true,NVDA,20200114
EDGA,6.862792902614114,6.42123797914127,2.2865555361161127,4049,105.77420892286413,0.1887990463923572,true,NVDA,20200114
IEX,0.12948665853988892,0.3581200054178518,1.1998728676898613,1264,106.50107329040172,-0.2709261626914399,true,NVDA,20200114
NASDAQ BX,0.28552079100636596,0.411214953271028,0.852998084378642,1757,119.04072772379574,0.06641974998467669,true,NVDA,20200114
BATS Y,0.16632805092780711,0.09535419206284708,0.5349575604612593,1333,112.23366137970571,-0.8731397653189088,true,NVDA,20200114
NYSE,0.7368278477583639,0.8375998916429637,0.4854445596279406,954,110.57283497578251,-0.9141830318871761,true,NVDA,20200114
NSE,0.08289313287281593,0.3229039685764594,0.2956714557611887,364,103.28877005347593,-0.5423693188200723,true,NVDA,20200114
NASDAQ PSX,1.146417445482866,0.9838818908302858,0.28570222957795377,564,174.41499859035804,1.0063923966159356,true,NVDA,20200114
CSE,1.4779899769741298,1.3170797778680754,0.1772745566840577,116,111.80427106103917,-10.817915362929352,true,NVDA,20200114
AMEX,0.07747528105106326,0.09318705133414601,0.09898898721298684,274,116.61577891687097,-0.7945622452438775,true,NVDA,20200114
FINRA,0.0,0.0,40.362635008506125,20763,0.0,-0.4596721400602787,false,NVDA,20200115
NASDAQ,21.06093111098887,19.460182995030898,23.084879717280582,25049,169.08477618854596,-5.616937393105916,true,NVDA,20200115
BATS,55.98767809010396,54.34292315308873,12.282924656360182,11667,286.0503143514576,-0.04696196587309001,true,NVDA,20200115
EDGX,6.107168833391398,4.531480157202144,9.33579009583302,8132,309.44954258162124,0.4417100089285803,true,NVDA,20200115
ARCA,5.771616822829761,9.158919632543045,7.781875831637038,8689,134.1768582284493,0.05155003524965272,true,NVDA,20200115
EDGA,5.211141060197664,5.585810245032424,1.916268213494535,2713,122.17438296843558,-0.1452801081791772,true,NVDA,20200115
IEX,0.11979634621144056,0.34288648073784767,1.7331712122818952,1307,108.95953757225433,-0.33729508615004355,true,NVDA,20200115
BATS Y,1.5041775919712,1.878235570957943,0.9384926435203516,1238,136.89626928767703,-0.30098427672291844,true,NVDA,20200115
NYSE,1.174126434041721,1.4228872141848652,0.7733049964647,1657,152.99851466765688,0.33957822342184996,true,NVDA,20200115
NASDAQ BX,0.13018684562773897,0.29887965968058383,0.7076482583234786,1129,136.15265600825168,-0.46193311264729187,true,NVDA,20200115
CSE,0.054397320473562286,0.11551790527531768,0.4125197497200438,13,147.3134328358209,-7.8651253681804345,true,NVDA,20200115
NASDAQ PSX,2.6080153534909023,2.665468703204552,0.3655403763611558,473,178.34418226200162,-0.8373115094351576,true,NVDA,20200115
NSE,0.19252984212552945,0.11307308188324747,0.23808329385704252,368,106.35838150289017,-0.026280975789788913,true,NVDA,20200115
AMEX,0.07823434854624689,0.08373520117840487,0.06686594635985023,84,124.74674384949348,-1.1045530463639919,true,NVDA,20200115
FINRA,0.0,0.0,33.831541770449306,16837,0.0,-0.3205806724034992,false,NVDA,20200116
NASDAQ,20.5018493001668,26.292367433857027,21.67651012571053,21875,177.95687084970862,0.22407327966330523,true,NVDA,20200116
CSE,0.10548592751798205,0.0863666031553478,17.110731806819118,15,123.46805736636244,-11.442110081369425,true,NVDA,20200116
BATS,55.612180987480144,51.66305157602569,9.841242666730466,10576,303.6669967071208,0.021398168281984667,true,NVDA,20200116
EDGX,5.569656972949452,4.79565397978626,6.870634468506809,6763,250.6075519964409,-0.2529891061663341,true,NVDA,20200116
ARCA,4.4277718075672965,6.217076853091067,4.533604601323208,5467,130.703802916867,-0.19796379974988668,true,NVDA,20200116
EDGA,5.0191522887149835,5.069258104286025,1.7333726274213597,2189,118.27367005420993,-0.4266795625459878,true,NVDA,20200116
IEX,0.5109474614152256,0.31579849550695877,1.434394744949107,1155,123.19932998324958,0.20226068480678364,true,NVDA,20200116
BATS Y,3.2720416141984057,2.360906915261836,1.1303834078693713,1589,115.44132371155429,-0.28949834758453374,true,NVDA,20200116
NYSE,2.1670765234475438,0.6098405184633338,0.767586292287427,1168,155.63066776586973,-0.9337809589944548,true,NVDA,20200116
NASDAQ BX,0.3375549680575426,0.2439362073853335,0.5607951988300015,915,127.19104665825978,-0.4898618083513437,true,NVDA,20200116
NASDAQ PSX,2.1723508198234427,2.247509543180005,0.27741481149945524,391,177.14492109357636,-0.20225044595465516,true,NVDA,20200116
NSE,0.28283414315758937,0.04417223214815499,0.1864242447215917,218,131.41361256544502,0.023732399985210047,true,NVDA,20200116
AMEX,0.021097185503596412,0.05406153785296581,0.04536323288225398,52,101.87207488299532,-0.022134473027113563,true,NVDA,20200116
FINRA,0.0,0.0,32.17390104786482,15322,0.0,-0.7130862559988005,false,NVDA,20200117
NASDAQ,22.964186524805466,20.117246014202316,30.992390702567885,19301,200.24465904684527,-4.082397870709729,true,NVDA,20200117
BATS,53.47163180864932,52.99876114363447,12.14616399075186,10330,263.3670770831527,0.08340771527241904,true,NVDA,20200117
EDGX,5.996712577226095,5.997522287268929,8.552853992352077,6452,267.7669246256449,-0.8109779721497056,true,NVDA,20200117
ARCA,4.876883587987142,3.9513850090282667,5.15109154884242,5258,143.64396588407246,-0.7210439716029122,true,NVDA,20200117
EDGA,6.329503404830731,7.409656601970835,3.702878731305536,3113,121.3829063153289,-1.3864114409630355,true,NVDA,20200117
IEX,0.1416992574958907,0.22914794212192613,2.0303967245257755,939,101.41474311243485,4.501733286052286,true,NVDA,20200117
NASDAQ BX,0.5684164500692303,1.8461388976607478,1.365185578937494,1693,115.13856132075472,-0.26724707721748453,true,NVDA,20200117
CSE,0.17894591946623914,0.12793418676771848,1.0092021549559758,16,139.47078280044101,-7.932130392066298,true,NVDA,20200117
BATS Y,2.1862171156508854,1.9611177237431276,0.9993249668461237,1358,109.44825654670214,-0.480101900301569,true,NVDA,20200117
NYSE,0.8364304742471721,0.8048517825766593,0.8015420920877654,762,176.04337152209493,0.5296283526821923,true,NVDA,20200117
NSE,0.1651808487380669,1.9060574408304387,0.6467994783667509,609,105.02806361085126,0.46192984788391095,true,NVDA,20200117
NASDAQ PSX,2.2461356588205765,2.5708293859968747,0.37605048585833134,452,167.32477260567148,0.509409314883592,true,NVDA,20200117
AMEX,0.03805637201318208,0.0793515841976988,0.052218504737187706,47,120.51379157987755,0.5074191719908924,true,NVDA,20200117
FINRA,0.0,0.0,56.71792567663333,48556,0.0,-0.8132140493672143,false,AMD,20200113
NASDAQ,68.42535884898872,65.78767142512308,17.486700032315397,28151,1941.320965607616,-0.03903717919464814,true,AMD,20200113
ARCA,11.848472260425847,10.828903272163872,7.513107595133335,14771,1032.1579739871713,0.05035333742465701,true,AMD,20200113
BATS,11.84734954165006,16.118031424898536,5.790432950630626,13319,1255.971656333038,0.22702122274784126,true,AMD,20200113
EDGX,2.9914841780856523,3.197783753136595,4.998190101565363,10859,648.6582390211486,-0.06983367926520284,true,AMD,20200113
BATS Y,0.017542480871678857,0.08420390818405851,1.7813378956971673,6757,242.8083186491877,-0.6025918011553865,true,AMD,20200113
EDGA,0.01852485980049287,0.03662870006006545,1.5440794801004885,4992,400.86643941021725,-0.7329835878054075,true,AMD,20200113
NYSE,0.5285198637019406,0.5302039418656218,1.1278172082084361,2795,330.90307283243334,0.08306524114004073,true,AMD,20200113
NASDAQ PSX,4.185495596135603,3.25195493406834,0.9841620077653376,1807,736.403910430138,-0.7966283046846471,true,AMD,20200113
IEX,0.09486973655403927,0.12883197952160952,0.7729034209650704,2210,288.89214013648626,-0.6727732901399205,true,AMD,20200113
NSE,0.008701070512352714,0.007016992348671543,0.6486706641629605,2359,218.6077819988085,-0.6762854267133664,true,AMD,20200113
NASDAQ BX,0.0022454375515748937,0.005052234491043511,0.5860418244427573,7531,137.53743253178402,-0.37055685039451675,true,AMD,20200113
AMEX,0.031436125722048514,0.023717434138509817,0.04763495589017133,161,340.1307596513076,0.24387451621455292,true,AMD,20200113
CSE,0.0,0.0,0.0009961864895591834,9,2030.3370786516855,1.5560476071271092,true,AMD,20200113
FINRA,0.0,0.0,54.61861340643823,51012,0.0,-0.6672505568985924,false,AMD,20200114
NASDAQ,67.49334540764524,69.78209068540015,18.59853733135464,37623,1838.3530371792954,3.997298965867696,true,AMD,20200114
ARCA,12.203173165756521,10.373388948345728,6.929317325879188,17170,826.4284692606213,-0.1167851223545886,true,AMD,20200114
BATS,9.87029261911949,10.86470824986508,5.5847127696947645,14531,941.3313072679163,0.753574725361961,true,AMD,20200114
EDGX,3.756528818272459,3.6442468647951483,5.4887287862364955,13505,592.1300044396855,2.1812976224375564,true,AMD,20200114
BATS Y,0.022524994740356557,0.028127658406739663,1.6263760398764693,6924,242.86685080450698,-0.3815747971137649,true,AMD,20200114
EDGA,0.03750354454231955,0.010862307108293771,1.4440318256684186,4972,359.3966480446927,-0.8256003442120653,true,AMD,20200114
NASDAQ PSX,5.62187279895356,4.578405276108413,1.3113685308957086,2491,766.8189088272188,0.2634378597054219,true,AMD,20200114
IEX,0.12726050327927335,0.044592629181416536,1.2982851345081654,3010,112.70606273420789,-0.1642101016363474,true,AMD,20200114
NYSE,0.7612762181791571,0.6358451560970702,1.293317860447298,3639,351.9467623171572,-0.008019335674385706,true,AMD,20200114
NASDAQ BX,0.058656458384786364,0.011777027706886932,0.7885806567805008,10566,137.38897840799225,-3.3195913199834104,true,AMD,20200114
NSE,0.013606468904073252,0.004802283142614089,0.4946826994206501,2056,126.73808384665989,-1.3474440757279558,true,AMD,20200114
CSE,0.0,0.0,0.4654079525130781,12,1706.3063063063064,-11.246628259087371,true,AMD,20200114
AMEX,0.033959002222771054,0.021152913842466817,0.058039680286394155,204,212.11848681139787,2.7800598678978172,true,AMD,20200114
FINRA,0.0,0.0,56.56583911259909,50551,0.0,-1.0510315590533394,false,AMD,20200115
NASDAQ,66.20535101760805,64.5488223187743,16.673651643916198,35338,1758.896553213976,1.942037336494451,true,AMD,20200115
ARCA,11.284815915847245,10.121884289961125,7.641068760256878,19089,782.2796420581656,-0.514691680789523,true,AMD,20200115
BATS,14.076263434713013,15.875028584495771,6.327093551996955,16992,1102.4693515211075,-0.21977962355714525,true,AMD,20200115
EDGX,2.8384404299108166,2.918934369997713,4.49316862526837,11820,518.2474361875722,-0.4737346766871266,true,AMD,20200115
BATS Y,0.014520923850903271,0.0894123027669792,1.571710048665214,7313,240.09239678363292,-0.1621187116641631,true,AMD,20200115
EDGA,0.060827806997484565,0.030756917447976217,1.523470425233633,4846,381.32852677220933,-0.40255936432890566,true,AMD,20200115
NYSE,1.0355591127372512,1.424879945117768,1.4916206808018768,4158,372.8851343958569,-0.38036556399879534,true,AMD,20200115
NASDAQ PSX,4.333638234621541,4.796821404070433,1.2613148001122612,2452,735.6293783147565,-0.4316861509341653,true,AMD,20200115
IEX,0.08380974159615824,0.1415504230505374,0.7930645616449317,2680,115.95260360960695,-0.5452325672750277,true,AMD,20200115
NASDAQ BX,0.04927967070660873,0.006517265035444775,0.6967141255252451,8674,141.83179299940414,-1.575504985578744,true,AMD,20200115
CSE,0.0,0.0,0.46121459565869666,32,1707.0588235294117,-2.751270276372641,true,AMD,20200115
NSE,0.0122341641893437,0.018065401326320604,0.452342111648103,2068,135.46061710416967,-0.424307894764535,true,AMD,20200115
AMEX,0.005259547221587012,0.02732677795563686,0.047726956672548504,178,142.89167734418388,-0.1322015732890039,true,AMD,20200115
FINRA,0.0,0.0,54.220837477452335,70492,0.0,-0.7752201078327084,false,AMD,20200116
NASDAQ,66.85690815495792,68.8875011656526,18.795146710927156,50596,2207.802108071383,1.8026615697028454,true,AMD,20200116
ARCA,11.176329446427655,9.08119333487706,7.085238948954438,25890,782.9722450862452,0.18769501386890008,true,AMD,20200116
BATS,12.317673598414084,12.908620171185905,6.669565911740613,25383,1035.596231737125,0.3059729633798575,true,AMD,20200116
EDGX,3.752196403817683,3.6547530859670094,5.504688105734493,20170,804.6725626360528,0.7232758101094269,true,AMD,20200116
EDGA,0.034471883411689636,0.05343665817617542,1.656126134388909,7323,377.0643983335519,-0.6447885105953142,true,AMD,20200116
NYSE,1.0224213931041564,1.320723679040571,1.2989270839268183,5646,317.35221413696115,-0.02994595607818889,true,AMD,20200116
BATS Y,0.011839887007662397,0.035519661022987196,1.1614428904360585,8192,205.8596677656696,-0.8977533411965831,true,AMD,20200116
NASDAQ PSX,4.612317044931848,3.851525721368691,1.1424740070538368,3269,794.9024026953897,0.01962726967581129,true,AMD,20200116
IEX,0.14249775513646779,0.14763186543182583,1.0970766473708526,4611,206.2768131333075,-0.4702621323257888,true,AMD,20200116
NASDAQ BX,0.0010477776112975572,0.023155885209676017,0.4630559282174847,10666,152.9504300277526,-0.979091448539994,true,AMD,20200116
NSE,0.02263199640402724,0.013411553424608733,0.42233019668233623,2606,144.57261519899765,-0.625454040036117,true,AMD,20200116
CSE,0.001152555372427313,0.0,0.41392698491832586,11,3344.3037974683543,-35.81575059057494,true,AMD,20200116
AMEX,0.0485121034030769,0.022527218642897483,0.0691629721963422,406,225.30669429923117,-1.0653760454521766,true,AMD,20200116
FINRA,0.0,0.0,52.72075156686756,74532,0.0,-0.9910238677195682,false,AMD,20200117
NASDAQ,69.63524749287399,72.13799373100123,18.990089625254228,45118,2943.1995776135163,-7.846607262568668,true,AMD,20200117
ARCA,11.884463868029053,11.051832877205277,6.2894704638844,22699,1191.8087190269011,-0.5670947734370425,true,AMD,20200117
BATS,9.289268837773085,9.250442712525688,6.131583241136589,22411,1388.141307966286,0.6003737836974669,true,AMD,20200117
EDGX,4.192392920387503,3.448896296366443,5.733660065236651,18280,1208.5606028966138,-1.3925507855009664,true,AMD,20200117
BATS Y,0.041785433574181574,0.044034507902536955,3.5155083749948113,11172,250.83514733822025,-4.93053951092354,true,AMD,20200117
EDGA,0.02805424293790661,0.04190380590725291,1.4696137183030455,6569,375.6469599508679,-0.6840470918929928,true,AMD,20200117
NYSE,0.8012623225598727,0.8455335751285523,1.4166858693520847,5222,402.8521725058662,0.11149035713816545,true,AMD,20200117
IEX,0.1431121506832451,0.21744997585204404,1.249295106392419,5065,165.7667457190342,0.019646425190276984,true,AMD,20200117
NASDAQ PSX,3.9399047339463444,2.8045956874591615,0.9715956501265947,2565,926.3944269239029,0.5706256249089544,true,AMD,20200117
NASDAQ BX,0.01669049896305836,0.017519105294557715,0.6103716685726226,10002,183.37608881545574,-0.7424379027618858,true,AMD,20200117
NSE,0.014796541633916988,0.005918616653566795,0.5423440682308387,3209,147.57675639382288,-0.5923848819760472,true,AMD,20200117
CSE,0.0,0.0,0.21531100478468898,61,2825.20325203252,-19.701492617517484,true,AMD,20200117
AMEX,0.013020956637846949,0.13387910870368092,0.14371957686345962,712,378.7988938305394,1.0514798088953317,true,AMD,20200117
