ticker,date,base_strategy,routing,median_is_bps,vwap_slip_bps,eff_spread_bps,markout_60s_bps,reversion_5m_bps,price_var,pov_pct,oversize_count,null_nbbo_count,n_fills,arrival_mid,market_vwap
AAPL,20200113,twap,nbbo,31.39267567826309,0.9966278504428706,0.8975961947647085,-0.05347742878707662,7.37108611351531,0.3335382562189551,0.0021632323190369637,16,0,60,312.93,311.97872166827614
AAPL,20200113,twap,naive,31.771354616047738,1.3764614473217929,1.657206075751839,0.3263454224871258,7.37108611351531,0.3336722570745786,0.0021632323190369637,29,0,60,312.93,311.97872166827614
AAPL,20200113,twap,top1,31.584507717383392,1.1890448193980334,1.2823842981224254,0.13890754977698833,7.37108611351531,0.33262230663329806,0.0021632323190369637,31,0,60,312.93,311.97872166827614
AAPL,20200113,twap,weighted,31.653756431150974,1.258504684748502,1.4212822411473742,0.20837419242519367,7.37108611351531,0.332232816060961,0.0021632323190369637,28,0,60,312.93,311.97872166827614
AAPL,20200113,vwap_following,nbbo,29.67318569648336,-0.7281051605810867,0.930157250494513,-0.03904443294980413,-1.9226455602910333,0.3352735201791756,0.0021632323190369637,11,0,12,312.93,311.97872166827614
AAPL,20200113,vwap_following,naive,29.89703767615908,-0.5035706166053368,1.3788194227598902,0.18528218399639018,-1.9226455602910333,0.33111382278057133,0.0021632323190369637,11,0,12,312.93,311.97872166827614
AAPL,20200113,vwap_following,top1,29.896686159844602,-0.5039232047552673,1.3781930794713395,0.18500917982440368,-2.24315836698049,0.33185429442342945,0.0021632323190369637,10,0,12,312.93,311.97872166827614
AAPL,20200113,vwap_following,weighted,29.93327581248283,-0.4672219837910493,1.4514380664767725,0.2216002288821804,-1.9226455602910333,0.3295577845133297,0.0021632323190369637,10,0,12,312.93,311.97872166827614
AAPL,20200113,ac_rn,nbbo,31.39267567826309,0.9966278504428706,0.8975961947647085,-0.05347742878707662,7.37108611351531,0.3335382562189551,0.0021632323190369637,16,0,60,312.93,311.97872166827614
AAPL,20200113,ac_rn,naive,31.771354616047738,1.3764614473217929,1.657206075751839,0.3263454224871258,7.37108611351531,0.3336722570745786,0.0021632323190369637,29,0,60,312.93,311.97872166827614
AAPL,20200113,ac_rn,top1,31.584507717383392,1.1890448193980334,1.2823842981224254,0.13890754977698833,7.37108611351531,0.33262230663329806,0.0021632323190369637,31,0,60,312.93,311.97872166827614
AAPL,20200113,ac_rn,weighted,31.653756431150974,1.258504684748502,1.4212822411473742,0.20837419242519367,7.37108611351531,0.332232816060961,0.0021632323190369637,28,0,60,312.93,311.97872166827614
AAPL,20200113,ac_ra,nbbo,21.21464864346759,-9.212433789937672,0.8814148211787577,-1.376497491224854,7.37108611351531,0.3335382562189551,0.0021632323190369637,18,0,60,312.93,311.97872166827614
AAPL,20200113,ac_ra,naive,21.777170613239264,-8.648196591133383,2.0087344393593827,-0.8128341946029901,7.37108611351531,0.3336722570745786,0.0021632323190369637,21,0,60,312.93,311.97872166827614
AAPL,20200113,ac_ra,top1,21.495765826230063,-8.930459431137017,1.444851858162514,-1.0947968001544044,7.37108611351531,0.33262230663329806,0.0021632323190369637,21,0,60,312.93,311.97872166827614
AAPL,20200113,ac_ra,weighted,21.641293580038507,-8.784487937453868,1.7363919440688231,-0.9489845553842802,7.37108611351531,0.332232816060961,0.0021632323190369637,22,0,60,312.93,311.97872166827614
AAPL,20200114,twap,nbbo,-71.42217477213511,-2.182067920845275,0.9390567155706638,1.520952269949331,1.9000570017083234,0.8072327529988611,0.001317837149855611,13,0,60,313.78,315.9521420966209
AAPL,20200114,twap,naive,-71.17247753202876,-1.9340873264405418,1.4346664201069714,1.7687961419690241,1.9000570017083234,0.8058794543325022,0.001317837149855611,24,0,60,313.78,315.9521420966209
AAPL,20200114,twap,top1,-71.26799031168127,-2.0289434644634996,1.2449871862132789,1.67397791681301,1.9000570017083234,0.8057530428746107,0.001317837149855611,26,0,60,313.78,315.9521420966209
AAPL,20200114,twap,weighted,-71.19367072471056,-1.9551348178598635,1.392514966615594,1.747741120037641,1.9000570017083234,0.8054453798284541,0.001317837149855611,20,0,60,313.78,315.9521420966209
AAPL,20200114,vwap_following,nbbo,-68.33966473325263,0.8792501432834166,0.7718992883573934,3.054326345489695,-10.142309277043301,0.8201824445964637,0.001317837149855611,12,0,12,313.78,315.9521420966209
AAPL,20200114,vwap_following,naive,-67.88125438205275,1.3345089652207984,1.6820045639345824,3.5096217505714296,-10.459587955625485,0.8165058592452477,0.001317837149855611,12,0,12,313.78,315.9521420966209
AAPL,20200114,vwap_following,top1,-68.22369175855633,0.9944258143794588,1.00177647001086,3.1693358558220135,-10.142309277043301,0.8169510945638541,0.001317837149855611,12,0,12,313.78,315.9521420966209
AAPL,20200114,vwap_following,weighted,-67.87080119829264,1.3448902842980475,1.7030865825458836,3.5201464150316037,-10.459587955625485,0.8185519364873994,0.001317837149855611,12,0,12,313.78,315.9521420966209
AAPL,20200114,ac_rn,nbbo,-71.42217477213511,-2.182067920845275,0.9390567155706638,1.520952269949331,1.9000570017083234,0.8072327529988611,0.001317837149855611,13,0,60,313.78,315.9521420966209
AAPL,20200114,ac_rn,naive,-71.17247753202876,-1.9340873264405418,1.4346664201069714,1.7687961419690241,1.9000570017083234,0.8058794543325022,0.001317837149855611,24,0,60,313.78,315.9521420966209
AAPL,20200114,ac_rn,top1,-71.26799031168127,-2.0289434644634996,1.2449871862132789,1.67397791681301,1.9000570017083234,0.8057530428746107,0.001317837149855611,26,0,60,313.78,315.9521420966209
AAPL,20200114,ac_rn,weighted,-71.19367072471056,-1.9551348178598635,1.392514966615594,1.747741120037641,1.9000570017083234,0.8054453798284541,0.001317837149855611,20,0,60,313.78,315.9521420966209
AAPL,20200114,ac_ra,nbbo,-49.88323028874364,19.208798288036984,1.07730195196623,5.094948569427865,1.9000570017083234,0.8072327529988611,0.001317837149855611,15,0,60,313.78,315.9521420966209
AAPL,20200114,ac_ra,naive,-49.62307986487719,19.46716020151897,1.595014174719399,5.353977010458709,1.9000570017083234,0.8058794543325022,0.001317837149855611,19,0,60,313.78,315.9521420966209
AAPL,20200114,ac_ra,top1,-49.72350054178466,19.367429907586065,1.3949405114446567,5.253870632759233,1.9000570017083234,0.8057530428746107,0.001317837149855611,17,0,60,313.78,315.9521420966209
AAPL,20200114,ac_ra,weighted,-49.626617375234886,19.46364701122162,1.5879861507237607,5.350470510542166,1.9000570017083234,0.8054453798284541,0.001317837149855611,18,0,60,313.78,315.9521420966209
AAPL,20200115,twap,nbbo,26.012176753185162,2.131806615426098,0.921951960595856,0.15069522061877128,11.925963617860322,0.33561664302213573,0.002299264970974079,16,0,60,315.355,314.60176001132163
AAPL,20200115,twap,naive,26.339902649393693,2.4603171742834977,1.5789492885832797,0.479249387729641,11.925963617860322,0.33400598797027464,0.002299264970974079,23,0,60,315.355,314.60176001132163
AAPL,20200115,twap,top1,26.249940543194125,2.37013967496009,1.3988435849038325,0.3891905616910506,11.925963617860322,0.3379022607990463,0.002299264970974079,36,0,60,315.355,314.60176001132163
AAPL,20200115,twap,weighted,26.355916348238445,2.476369214167208,1.611129701679348,0.4953743257171839,11.925963617860322,0.3351135653698804,0.002299264970974079,22,0,60,315.355,314.60176001132163
AAPL,20200115,vwap_following,nbbo,24.84257424172845,0.959403765590933,0.9436007957554505,1.6275839709128708,6.998791117896878,0.286180436830065,0.002299264970974079,12,0,12,315.355,314.60176001132163
AAPL,20200115,vwap_following,naive,25.069017456517813,1.1863891454480922,1.3975535832724262,1.8546356711113354,6.998791117896878,0.2857154761880042,0.002299264970974079,12,0,12,315.355,314.60176001132163
AAPL,20200115,vwap_following,top1,25.042571070698735,1.1598794399725876,1.344700717703667,1.828229794704474,6.680876785543204,0.2885845813727126,0.002299264970974079,12,0,12,315.355,314.60176001132163
AAPL,20200115,vwap_following,weighted,25.046503147248277,1.1638209309554581,1.352398242540442,1.832059437029556,6.998791117896878,0.28544887564337224,0.002299264970974079,12,0,12,315.355,314.60176001132163
AAPL,20200115,ac_rn,nbbo,26.012176753185162,2.131806615426098,0.921951960595856,0.15069522061877128,11.925963617860322,0.33561664302213573,0.002299264970974079,16,0,60,315.355,314.60176001132163
AAPL,20200115,ac_rn,naive,26.339902649393693,2.4603171742834977,1.5789492885832797,0.479249387729641,11.925963617860322,0.33400598797027464,0.002299264970974079,23,0,60,315.355,314.60176001132163
AAPL,20200115,ac_rn,top1,26.249940543194125,2.37013967496009,1.3988435849038325,0.3891905616910506,11.925963617860322,0.3379022607990463,0.002299264970974079,36,0,60,315.355,314.60176001132163
AAPL,20200115,ac_rn,weighted,26.355916348238445,2.476369214167208,1.611129701679348,0.4953743257171839,11.925963617860322,0.3351135653698804,0.002299264970974079,22,0,60,315.355,314.60176001132163
AAPL,20200115,ac_ra,nbbo,16.340790537647628,-7.562735461805385,0.9021778224667509,-0.5180928399168085,11.925963617860322,0.33561664302213573,0.002299264970974079,17,0,60,315.355,314.60176001132163
AAPL,20200115,ac_ra,naive,16.71043744351786,-7.192203523279321,1.6425400140893274,-0.1478820110949818,11.925963617860322,0.33400598797027464,0.002299264970974079,19,0,60,315.355,314.60176001132163
AAPL,20200115,ac_ra,top1,16.506984192418038,-7.396143895381102,1.235216890200261,-0.35154149751734937,11.925963617860322,0.3379022607990463,0.002299264970974079,21,0,60,315.355,314.60176001132163
AAPL,20200115,ac_ra,weighted,16.728512311526792,-7.174085379246207,1.6788191847948024,-0.1297080592854253,11.925963617860322,0.3351135653698804,0.002299264970974079,18,0,60,315.355,314.60176001132163
AAPL,20200116,twap,nbbo,2.880344597393414,-0.5294996891349435,0.8266097628459783,-0.3848454954620326,-18.227168073674097,0.6429534606348836,0.0019022360975550368,21,0,60,314.57,314.46274220757545
AAPL,20200116,twap,naive,5.794513144929697,2.385662830796821,6.650948889826417,2.542807043649148,-18.547536055770014,0.7072741299632391,0.0019022360975550368,22,0,60,314.57,314.46274220757545
AAPL,20200116,twap,top1,63.194646660518565,59.80537453731075,121.47847439326293,60.34007038079069,-66.51243493348551,0.831352770716807,0.0019022360975550368,1,0,60,314.57,314.46274220757545
AAPL,20200116,twap,weighted,24.61785929999876,21.2154293030725,44.3218269344301,21.51218803387886,-66.51243493348551,1.2275124241377025,0.0019022360975550368,20,0,60,314.57,314.46274220757545
AAPL,20200116,vwap_following,nbbo,-0.31093238389014327,-3.7218651596990577,0.8797616148651969,-1.3047003294385626,3.034368212596475,0.6362794316583879,0.0019022360975550368,12,0,12,314.57,314.46274220757545
AAPL,20200116,vwap_following,naive,2.9500270210132444,-0.45979349804785813,7.404814293136716,1.9724476502547839,2.715047752898059,0.7560478379926416,0.0019022360975550368,11,0,12,314.57,314.46274220757545
AAPL,20200116,vwap_following,top1,59.85847347172347,56.46806343764944,121.20702744958412,59.24624004828915,-56.71229355439837,0.8321713110346163,0.0019022360975550368,0,0,12,314.57,314.46274220757545
AAPL,20200116,vwap_following,weighted,13.045140986106947,9.638763735493384,27.606204333492087,12.139606085199237,3.034368212596475,1.1965404677273084,0.0019022360975550368,9,0,12,314.57,314.46274220757545
AAPL,20200116,ac_rn,nbbo,2.880344597393414,-0.5294996891349435,0.8266097628459783,-0.3848454954620326,-18.227168073674097,0.6429534606348836,0.0019022360975550368,21,0,60,314.57,314.46274220757545
AAPL,20200116,ac_rn,naive,5.794513144929697,2.385662830796821,6.650948889826417,2.542807043649148,-18.547536055770014,0.7072741299632391,0.0019022360975550368,22,0,60,314.57,314.46274220757545
AAPL,20200116,ac_rn,top1,63.194646660518565,59.80537453731075,121.47847439326293,60.34007038079069,-66.51243493348551,0.831352770716807,0.0019022360975550368,1,0,60,314.57,314.46274220757545
AAPL,20200116,ac_rn,weighted,24.61785929999876,21.2154293030725,44.3218269344301,21.51218803387886,-66.51243493348551,1.2275124241377025,0.0019022360975550368,20,0,60,314.57,314.46274220757545
AAPL,20200116,ac_ra,nbbo,-10.41094192072059,-13.825319634771734,0.8152176975458917,0.9939356340673682,-18.227168073674097,0.6429534606348836,0.0019022360975550368,18,0,60,314.57,314.46274220757545
AAPL,20200116,ac_ra,naive,-6.186095304708567,-9.599031996786218,9.257296452411536,5.240170252987687,-18.547536055770014,0.7072741299632391,0.0019022360975550368,20,0,60,314.57,314.46274220757545
AAPL,20200116,ac_ra,top1,49.18113615411046,45.78708426529198,119.84863313155275,60.88832043939114,-66.51243493348551,0.831352770716807,0.0019022360975550368,0,0,60,314.57,314.46274220757545
AAPL,20200116,ac_ra,weighted,4.891947738176859,1.4827895746231983,31.376547304801434,16.375296257780732,-66.51243493348551,1.2275124241377025,0.0019022360975550368,14,0,60,314.57,314.46274220757545
AAPL,20200117,twap,nbbo,14.242541846121291,1.7772090795991862,0.73208202071893,0.11154740852672602,5.692059576890454,0.2826189065290603,0.0022795295962725133,22,0,60,316.935,316.53985975128046
AAPL,20200117,twap,naive,14.500070992475285,2.035059702468088,1.2478958070801365,0.36950734014143793,5.692059576890454,0.2836235967488711,0.0022795295962725133,29,0,60,316.935,316.53985975128046
AAPL,20200117,twap,top1,14.41077823528299,1.945655480127884,1.0690306542588575,0.28002690705577704,5.692059576890454,0.28282952882059537,0.0022795295962725133,34,0,60,316.935,316.53985975128046
AAPL,20200117,twap,weighted,14.384526795711485,1.9193712705906334,1.0164436611223497,0.2537422414946632,5.692059576890454,0.28262745237530695,0.0022795295962725133,28,0,60,316.935,316.53985975128046
AAPL,20200117,vwap_following,nbbo,13.310931263510481,0.8444355570742303,0.7834220677399467,-0.5854304818802607,-1.4230148942212653,0.25394463724969174,0.0022795295962725133,11,0,12,316.935,316.53985975128046
AAPL,20200117,vwap_following,naive,13.577547446637155,1.1113845601654928,1.3173729521886444,-0.3184125395815876,-1.7392954272326222,0.2550341628927829,0.0022795295962725133,12,0,12,316.935,316.53985975128046
AAPL,20200117,vwap_following,top1,13.437708047390988,0.9713705978325705,1.037326788675723,-0.4584399878430823,-1.4230148942212653,0.2548127654858442,0.0022795295962725133,11,0,12,316.935,316.53985975128046
AAPL,20200117,vwap_following,weighted,13.453168630791794,0.9868504808526251,1.0684149629202375,-0.4429125353767697,-1.4230148942212653,0.2569518289957098,0.0022795295962725133,12,0,12,316.935,316.53985975128046
AAPL,20200117,ac_rn,nbbo,14.242541846121291,1.7772090795991862,0.73208202071893,0.11154740852672602,5.692059576890454,0.2826189065290603,0.0022795295962725133,22,0,60,316.935,316.53985975128046
AAPL,20200117,ac_rn,naive,14.500070992475285,2.035059702468088,1.2478958070801365,0.36950734014143793,5.692059576890454,0.2836235967488711,0.0022795295962725133,29,0,60,316.935,316.53985975128046
AAPL,20200117,ac_rn,top1,14.41077823528299,1.945655480127884,1.0690306542588575,0.28002690705577704,5.692059576890454,0.28282952882059537,0.0022795295962725133,34,0,60,316.935,316.53985975128046
AAPL,20200117,ac_rn,weighted,14.384526795711485,1.9193712705906334,1.0164436611223497,0.2537422414946632,5.692059576890454,0.28262745237530695,0.0022795295962725133,28,0,60,316.935,316.53985975128046
AAPL,20200117,ac_ra,nbbo,6.625554135708243,-5.84928700179991,0.8538998618235534,0.17980263314784983,5.692059576890454,0.2826189065290603,0.0022795295962725133,17,0,60,316.935,316.53985975128046
AAPL,20200117,ac_ra,naive,6.933661476332429,-5.540795047334983,1.4705565737060964,0.48826704821671346,5.692059576890454,0.2836235967488711,0.0022795295962725133,18,0,60,316.935,316.53985975128046
AAPL,20200117,ac_ra,top1,6.764699386315491,-5.709968054619421,1.1324084481710746,0.3190585764405852,5.692059576890454,0.28282952882059537,0.0022795295962725133,22,0,60,316.935,316.53985975128046
AAPL,20200117,ac_ra,weighted,6.750974174518263,-5.7237103997521075,1.104924821971761,0.30533351661541747,5.692059576890454,0.28262745237530695,0.0022795295962725133,20,0,60,316.935,316.53985975128046
AMZN,20200113,twap,nbbo,6.694065984157528,0.7666732872899195,3.087089521149534,1.4393792412639899,-1.2194281412204788,2.0267257485626904,0.022781637999772182,45,0,60,1886.665,1885.5466138220756
AMZN,20200113,twap,naive,58.24931824144472,52.35250483712882,106.25405402802808,62.051784560971775,-1.2194281412204788,51.66574894328018,0.022781637999772182,45,0,60,1886.665,1885.5466138220756
AMZN,20200113,twap,top1,7.005239403923367,1.0780312753125447,3.7254804578108107,1.7506516171856603,-1.2194281412204788,2.010613779014154,0.022781637999772182,48,0,60,1886.665,1885.5466138220756
AMZN,20200113,twap,weighted,7.591109179423847,1.6642485514551089,4.897521171392926,2.337157129718117,-1.2194281412204788,1.9955602982508005,0.022781637999772182,48,0,60,1886.665,1885.5466138220756
AMZN,20200113,vwap_following,nbbo,6.196961304736327,0.26927375702898143,2.8749247382042316,3.1186203977611147,-7.695165313379215,2.2319964904393204,0.022781637999772182,12,0,12,1886.665,1885.5466138220756
AMZN,20200113,vwap_following,naive,122.60027614865228,116.74163163463697,235.62582366349528,139.904791749343,-9.820054143000739,82.19789975566543,0.022781637999772182,12,0,12,1886.665,1885.5466138220756
AMZN,20200113,vwap_following,top1,6.351752960913567,0.4241572257593874,3.185188611939388,3.2739512747524135,-9.18249275485408,2.2830515198795527,0.022781637999772182,12,0,12,1886.665,1885.5466138220756
AMZN,20200113,vwap_following,weighted,6.774483016327485,0.8471380177223267,4.030374154628861,3.696754636792483,-9.820054143000739,2.218514893646963,0.022781637999772182,12,0,12,1886.665,1885.5466138220756
AMZN,20200113,ac_rn,nbbo,6.694065984157528,0.7666732872899195,3.087089521149534,1.4393792412639899,-1.2194281412204788,2.0267257485626904,0.022781637999772182,45,0,60,1886.665,1885.5466138220756
AMZN,20200113,ac_rn,naive,58.24931824144472,52.35250483712882,106.25405402802808,62.051784560971775,-1.2194281412204788,51.66574894328018,0.022781637999772182,45,0,60,1886.665,1885.5466138220756
AMZN,20200113,ac_rn,top1,7.005239403923367,1.0780312753125447,3.7254804578108107,1.7506516171856603,-1.2194281412204788,2.010613779014154,0.022781637999772182,48,0,60,1886.665,1885.5466138220756
AMZN,20200113,ac_rn,weighted,7.591109179423847,1.6642485514551089,4.897521171392926,2.337157129718117,-1.2194281412204788,1.9955602982508005,0.022781637999772182,48,0,60,1886.665,1885.5466138220756
AMZN,20200113,ac_ra,nbbo,-0.20208675095657794,-6.133569806473116,3.1365952848598306,1.5187381656522896,-1.2194281412204788,2.0267257485626904,0.022781637999772182,25,0,60,1886.665,1885.5466138220756
AMZN,20200113,ac_ra,naive,32.4063466487152,26.494204839355408,68.38282879530293,39.66119303989321,-1.2194281412204788,51.66574894328018,0.022781637999772182,23,0,60,1886.665,1885.5466138220756
AMZN,20200113,ac_ra,top1,0.26317337735882573,-5.668033715477801,4.071279323421236,1.9840038631478611,-1.2194281412204788,2.010613779014154,0.022781637999772182,23,0,60,1886.665,1885.5466138220756
AMZN,20200113,ac_ra,weighted,0.7252267890704261,-5.2057062431063725,4.995027907257908,2.4463401143366323,-1.2194281412204788,1.9955602982508005,0.022781637999772182,25,0,60,1886.665,1885.5466138220756
AMZN,20200114,twap,nbbo,-45.98094265324573,-0.26892467754227056,3.8054899447222166,2.6290523099487286,-10.227576974564148,2.4284262649489157,0.017169297861563952,26,0,60,1860.175,1868.6780066369636
AMZN,20200114,twap,naive,27.844095313611078,73.22018875572621,150.72223638180736,88.2894140034998,-10.227576974564148,59.05283181449248,0.017169297861563952,35,0,60,1860.175,1868.6780066369636
AMZN,20200114,twap,top1,-45.39942747322496,0.30994444605911853,4.963488775530153,3.208480048707514,-10.227576974564148,2.4738548055352787,0.017169297861563952,43,0,60,1860.175,1868.6780066369636
AMZN,20200114,twap,weighted,-44.43988334430744,1.2651223812997916,6.873683373060115,4.164524079988019,-10.227576974564148,2.5158440081702675,0.017169297861563952,40,0,60,1860.175,1868.6780066369636
AMZN,20200114,vwap_following,nbbo,-45.9213622374241,-0.209615369246591,3.9555361443278256,2.262001290605326,-8.837139551823617,1.9880207531993708,0.017169297861563952,12,0,12,1860.175,1868.6780066369636
AMZN,20200114,vwap_following,naive,68.3831252435915,113.5747547816384,231.40810942652172,134.95630309534906,-11.893600492888096,77.4843047254596,0.017169297861563952,12,0,12,1860.175,1868.6780066369636
AMZN,20200114,vwap_following,top1,-45.198811939737006,0.5096471228608682,5.394359784711138,2.981751909441502,-8.837139551823617,2.072617288416334,0.017169297861563952,12,0,12,1860.175,1868.6780066369636
AMZN,20200114,vwap_following,weighted,-44.62893007378367,1.0769358672216776,6.528617132917978,3.549318747982646,-11.893600492888096,2.0669051670787417,0.017169297861563952,12,0,12,1860.175,1868.6780066369636
AMZN,20200114,ac_rn,nbbo,-45.98094265324573,-0.26892467754227056,3.8054899447222166,2.6290523099487286,-10.227576974564148,2.4284262649489157,0.017169297861563952,26,0,60,1860.175,1868.6780066369636
AMZN,20200114,ac_rn,naive,27.844095313611078,73.22018875572621,150.72223638180736,88.2894140034998,-10.227576974564148,59.05283181449248,0.017169297861563952,35,0,60,1860.175,1868.6780066369636
AMZN,20200114,ac_rn,top1,-45.39942747322496,0.30994444605911853,4.963488775530153,3.208480048707514,-10.227576974564148,2.4738548055352787,0.017169297861563952,43,0,60,1860.175,1868.6780066369636
AMZN,20200114,ac_rn,weighted,-44.43988334430744,1.2651223812997916,6.873683373060115,4.164524079988019,-10.227576974564148,2.5158440081702675,0.017169297861563952,40,0,60,1860.175,1868.6780066369636
AMZN,20200114,ac_ra,nbbo,-39.09566573037777,6.585022313060981,4.070984799700161,5.442695283871241,-10.227576974564148,2.4284262649489157,0.017169297861563952,18,0,60,1860.175,1868.6780066369636
AMZN,20200114,ac_ra,naive,65.09595602564313,110.30254310135986,211.61310759415642,126.32816060494241,-10.227576974564148,59.05283181449248,0.017169297861563952,19,0,60,1860.175,1868.6780066369636
AMZN,20200114,ac_ra,top1,-38.489432445872765,7.188497066870283,5.279800601850172,6.047949385941679,-10.227576974564148,2.4738548055352787,0.017169297861563952,21,0,60,1860.175,1868.6780066369636
AMZN,20200114,ac_ra,weighted,-37.51843240555171,8.155078785919294,7.213097817734715,7.015695227938154,-10.227576974564148,2.5158440081702675,0.017169297861563952,20,0,60,1860.175,1868.6780066369636
AMZN,20200115,twap,nbbo,25.99778805282106,3.1858546469410065,3.4519676325143425,1.1285181456169535,11.308648576392365,2.1071464089380605,0.024514310228595942,41,0,60,1876.175,1871.8937181300482
AMZN,20200115,twap,naive,38.819182645543115,16.036573556362058,29.152365769797715,14.268187261884371,11.308648576392365,9.79337433696653,0.024514310228595942,46,0,60,1876.175,1871.8937181300482
AMZN,20200115,twap,top1,26.469327221607582,3.65847229153774,4.397688799508868,1.6016594968385496,11.308648576392365,2.1409054726768795,0.024514310228595942,48,0,60,1876.175,1871.8937181300482
AMZN,20200115,twap,weighted,84.98155022852168,62.304520908903875,121.68612751238199,61.69028586118729,11.308648576392365,19.170625519179318,0.024514310228595942,35,0,60,1876.175,1871.8937181300482
AMZN,20200115,vwap_following,nbbo,26.627777259584875,3.8172847268393655,3.7653560935598285,2.8733211401092116,12.301372940189557,2.40495747458149,0.024514310228595942,12,0,12,1876.175,1871.8937181300482
AMZN,20200115,vwap_following,naive,45.10893706610444,22.340713522056845,40.86605577056942,21.790541743642287,11.17945974859666,12.624414657897807,0.024514310228595942,12,0,12,1876.175,1871.8937181300482
AMZN,20200115,vwap_following,top1,27.13985102668742,4.330529678028882,4.792677716703534,3.387488449866294,12.301372940189557,2.448914880290663,0.024514310228595942,12,0,12,1876.175,1871.8937181300482
AMZN,20200115,vwap_following,weighted,114.99641024957444,92.38802909880974,180.84260569094724,93.6133632847255,11.17945974859666,21.22111162940994,0.024514310228595942,12,0,12,1876.175,1871.8937181300482
AMZN,20200115,ac_rn,nbbo,25.99778805282106,3.1858546469410065,3.4519676325143425,1.1285181456169535,11.308648576392365,2.1071464089380605,0.024514310228595942,41,0,60,1876.175,1871.8937181300482
AMZN,20200115,ac_rn,naive,38.819182645543115,16.036573556362058,29.152365769797715,14.268187261884371,11.308648576392365,9.79337433696653,0.024514310228595942,46,0,60,1876.175,1871.8937181300482
AMZN,20200115,ac_rn,top1,26.469327221607582,3.65847229153774,4.397688799508868,1.6016594968385496,11.308648576392365,2.1409054726768795,0.024514310228595942,48,0,60,1876.175,1871.8937181300482
AMZN,20200115,ac_rn,weighted,84.98155022852168,62.304520908903875,121.68612751238199,61.69028586118729,11.308648576392365,19.170625519179318,0.024514310228595942,35,0,60,1876.175,1871.8937181300482
AMZN,20200115,ac_ra,nbbo,14.860191613257745,-7.977215028228432,3.381834422133691,0.3656805276779017,11.308648576392365,2.1071464089380605,0.024514310228595942,22,0,60,1876.175,1871.8937181300482
AMZN,20200115,ac_ra,naive,33.86400522338723,11.070062952704255,41.444210566329915,19.84226028812653,11.308648576392365,9.79337433696653,0.024514310228595942,23,0,60,1876.175,1871.8937181300482
AMZN,20200115,ac_ra,top1,15.181275733873775,-7.655396543470352,4.025348960814314,0.6875587537094714,11.308648576392365,2.1409054726768795,0.024514310228595942,22,0,60,1876.175,1871.8937181300482
AMZN,20200115,ac_ra,weighted,85.61741841779252,62.94184341736176,145.0098990735026,73.01012354382608,11.308648576392365,19.170625519179318,0.024514310228595942,21,0,60,1876.175,1871.8937181300482
AMZN,20200116,twap,nbbo,24.448804329597596,0.940389156688699,3.733933309278504,1.016020101740164,-9.961279542424485,3.363777319191523,0.021763875014418566,49,0,60,1878.2350000000001,1873.8191519212062
AMZN,20200116,twap,naive,98.80883382537641,75.47565573073695,152.73809552742264,88.10131621384129,-11.194429566149683,60.17140677917802,0.021763875014418566,46,0,60,1878.2350000000001,1873.8191519212062
AMZN,20200116,twap,top1,25.125072208747774,1.6182507308397183,5.089736132266204,1.6942259545861005,-11.194429566149683,3.3777755316736093,0.021763875014418566,49,0,60,1878.2350000000001,1873.8191519212062
AMZN,20200116,twap,weighted,25.65828557129406,2.152720665665231,6.1573613372993865,2.2284275241241285,-11.194429566149683,3.3282142443804887,0.021763875014418566,44,0,60,1878.2350000000001,1873.8191519212062
AMZN,20200116,vwap_following,nbbo,22.862810031759754,-0.6493427002758634,4.112490218142643,0.985710355867561,-14.38136047134411,3.4893824885665974,0.021763875014418566,12,0,12,1878.2350000000001,1873.8191519212062
AMZN,20200116,vwap_following,naive,118.17933858116625,94.89180907866731,195.58317193300863,112.71467537665765,-17.815426820120692,79.00860322832514,0.021763875014418566,12,0,12,1878.2350000000001,1873.8191519212062
AMZN,20200116,vwap_following,top1,23.460147425641868,-0.05059761922155597,5.310693653235703,1.5852342865550766,-16.956689454171205,3.5427958271296656,0.021763875014418566,12,0,12,1878.2350000000001,1873.8191519212062
AMZN,20200116,vwap_following,weighted,24.853945326329466,1.346484909961628,8.099135775023733,2.980852721355606,-17.815426820120692,3.393176195980682,0.021763875014418566,12,0,12,1878.2350000000001,1873.8191519212062
AMZN,20200116,ac_rn,nbbo,24.448804329597596,0.940389156688699,3.733933309278504,1.016020101740164,-9.961279542424485,3.363777319191523,0.021763875014418566,49,0,60,1878.2350000000001,1873.8191519212062
AMZN,20200116,ac_rn,naive,98.80883382537641,75.47565573073695,152.73809552742264,88.10131621384129,-11.194429566149683,60.17140677917802,0.021763875014418566,46,0,60,1878.2350000000001,1873.8191519212062
AMZN,20200116,ac_rn,top1,25.125072208747774,1.6182507308397183,5.089736132266204,1.6942259545861005,-11.194429566149683,3.3777755316736093,0.021763875014418566,49,0,60,1878.2350000000001,1873.8191519212062
AMZN,20200116,ac_rn,weighted,25.65828557129406,2.152720665665231,6.1573613372993865,2.2284275241241285,-11.194429566149683,3.3282142443804887,0.021763875014418566,44,0,60,1878.2350000000001,1873.8191519212062
AMZN,20200116,ac_ra,nbbo,8.66223342659539,-14.883384428718202,3.6308694465366353,0.9118924257074529,-9.961279542424485,3.363777319191523,0.021763875014418566,26,0,60,1878.2350000000001,1873.8191519212062
AMZN,20200116,ac_ra,naive,114.51721429959846,91.22105462355451,215.45439455282883,124.95757121790753,-11.194429566149683,60.17140677917802,0.021763875014418566,25,0,60,1878.2350000000001,1873.8191519212062
AMZN,20200116,ac_ra,top1,9.240190923926198,-14.30406491494008,4.787694805367691,1.490560425390268,-11.194429566149683,3.3777755316736093,0.021763875014418566,25,0,60,1878.2350000000001,1873.8191519212062
AMZN,20200116,ac_ra,weighted,10.19016257284399,-13.351854559860875,6.6877025259117655,2.4411018198006986,-11.194429566149683,3.3282142443804887,0.021763875014418566,24,0,60,1878.2350000000001,1873.8191519212062
AMZN,20200117,twap,nbbo,24.106027050438996,0.19371894680110882,2.9143762852706323,0.9563500614865464,-6.155295427418849,2.121947957795687,0.021390282822319476,43,0,60,1876.125,1871.6386651871007
AMZN,20200117,twap,naive,25.091318542209258,1.1813721911909338,4.889089921420491,1.9442543605362999,-7.0122848807641,2.1056283467087176,0.021390282822319476,47,0,60,1876.125,1871.6386651871007
AMZN,20200117,twap,top1,24.83453927643592,0.9239774231944885,4.374733867758898,1.6867989210497096,-7.0122848807641,2.1291832536641038,0.021390282822319476,50,0,60,1876.125,1871.6386651871007
AMZN,20200117,twap,weighted,25.2301845559334,1.3205710680062692,5.16789383003639,2.0836516474624873,-7.0122848807641,2.1497550707945403,0.021390282822319476,50,0,60,1876.125,1871.6386651871007
AMZN,20200117,vwap_following,nbbo,23.638382303950188,-0.2750467483757502,2.9238245716077595,2.1420540575024343,-3.9332366524149394,1.8605611730840794,0.021390282822319476,12,0,12,1876.125,1871.6386651871007
AMZN,20200117,vwap_following,naive,24.940038643482012,1.0297296731778331,5.534183060783033,3.447842992349937,-7.521332748044453,1.9924043264358091,0.021390282822319476,11,0,12,1876.125,1871.6386651871007
AMZN,20200117,vwap_following,top1,24.450492371243353,0.5390099540957609,4.552341425621485,2.956577581520331,-6.878499470061568,1.9321906236343807,0.021390282822319476,12,0,12,1876.125,1871.6386651871007
AMZN,20200117,vwap_following,weighted,24.68325404757162,0.7723295622679445,5.0174024214265005,3.189594747496151,-3.9332366524149394,1.7886756570324986,0.021390282822319476,12,0,12,1876.125,1871.6386651871007
AMZN,20200117,ac_rn,nbbo,24.106027050438996,0.19371894680110882,2.9143762852706323,0.9563500614865464,-6.155295427418849,2.121947957795687,0.021390282822319476,43,0,60,1876.125,1871.6386651871007
AMZN,20200117,ac_rn,naive,25.091318542209258,1.1813721911909338,4.889089921420491,1.9442543605362999,-7.0122848807641,2.1056283467087176,0.021390282822319476,47,0,60,1876.125,1871.6386651871007
AMZN,20200117,ac_rn,top1,24.83453927643592,0.9239774231944885,4.374733867758898,1.6867989210497096,-7.0122848807641,2.1291832536641038,0.021390282822319476,50,0,60,1876.125,1871.6386651871007
AMZN,20200117,ac_rn,weighted,25.2301845559334,1.3205710680062692,5.16789383003639,2.0836516474624873,-7.0122848807641,2.1497550707945403,0.021390282822319476,50,0,60,1876.125,1871.6386651871007
AMZN,20200117,ac_ra,nbbo,14.192567126395494,-9.743503630365971,3.3319868725985944,1.0998363141546392,-6.155295427418849,2.121947957795687,0.021390282822319476,25,0,60,1876.125,1871.6386651871007
AMZN,20200117,ac_ra,naive,15.511748950632242,-8.42115971536208,5.973462023858289,2.4214407610142072,-7.0122848807641,2.1056283467087176,0.021390282822319476,25,0,60,1876.125,1871.6386651871007
AMZN,20200117,ac_ra,top1,14.861243254046151,-9.07322467998792,4.671045646711144,1.7696263906948517,-7.0122848807641,2.1291832536641038,0.021390282822319476,25,0,60,1876.125,1871.6386651871007
AMZN,20200117,ac_ra,weighted,15.424531947497387,-8.508585778442487,5.798641591534638,2.3337608555336047,-7.0122848807641,2.1497550707945403,0.021390282822319476,26,0,60,1876.125,1871.6386651871007
AMD,20200113,twap,nbbo,-1.3636083427500674,3.158819685262586,2.0543783314647,0.3784344337553834,15.432098765431222,0.07384879191832852,0.0015923843264158567,1,0,60,48.665,48.6870153502505
AMD,20200113,twap,naive,-1.0551731223663148,3.467115437055843,2.6709953544331726,0.6869329543635423,15.432098765431222,0.0737609514994328,0.0015923843264158567,7,0,60,48.665,48.6870153502505
AMD,20200113,twap,top1,-1.329292099042127,3.1931204118122225,2.1228419985754785,0.41270136500373333,15.432098765431222,0.07361067227954318,0.0015923843264158567,3,0,60,48.665,48.6870153502505
AMD,20200113,twap,weighted,-1.1924380971951556,3.3299125308602147,2.3968876229985607,0.5498017718614954,15.432098765431222,0.07430734769122058,0.0015923843264158567,7,0,60,48.665,48.6870153502505
AMD,20200113,vwap_following,nbbo,-4.260351381896617,0.2633864986944639,2.0537834650067683,-0.2724048221282376,15.419407894737425,0.0745237403703537,0.0015923843264158567,1,0,12,48.665,48.6870153502505
AMD,20200113,vwap_following,naive,-4.078701325387994,0.4449544164729092,2.416710694812711,-0.09120207039431771,15.419407894737425,0.07416198487095672,0.0015923843264158567,4,0,12,48.665,48.6870153502505
AMD,20200113,vwap_following,top1,-4.260351381896617,0.2633864986944639,2.0537834650067683,-0.2724048221282376,15.419407894737425,0.0745237403703537,0.0015923843264158567,1,0,12,48.665,48.6870153502505
AMD,20200113,vwap_following,weighted,-4.0347272166857,0.4889086409124678,2.504198807022883,-0.0472895795538688,15.419407894737425,0.07367002597578447,0.0015923843264158567,2,0,12,48.665,48.6870153502505
AMD,20200113,ac_rn,nbbo,-1.3636083427500674,3.158819685262586,2.0543783314647,0.3784344337553834,15.432098765431222,0.07384879191832852,0.0015923843264158567,1,0,60,48.665,48.6870153502505
AMD,20200113,ac_rn,naive,-1.0551731223663148,3.467115437055843,2.6709953544331726,0.6869329543635423,15.432098765431222,0.0737609514994328,0.0015923843264158567,7,0,60,48.665,48.6870153502505
AMD,20200113,ac_rn,top1,-1.329292099042127,3.1931204118122225,2.1228419985754785,0.41270136500373333,15.432098765431222,0.07361067227954318,0.0015923843264158567,3,0,60,48.665,48.6870153502505
AMD,20200113,ac_rn,weighted,-1.1924380971951556,3.3299125308602147,2.3968876229985607,0.5498017718614954,15.432098765431222,0.07430734769122058,0.0015923843264158567,7,0,60,48.665,48.6870153502505
AMD,20200113,ac_ra,nbbo,-13.237645124830728,-8.70984788129389,2.051941795504582,0.9794357460167443,15.432098765431222,0.07384879191832852,0.0015923843264158567,3,0,60,48.665,48.6870153502505
AMD,20200113,ac_ra,naive,-12.881742525424345,-8.354106214331702,2.7626591637713345,1.3350303007463669,15.432098765431222,0.0737609514994328,0.0015923843264158567,10,0,60,48.665,48.6870153502505
AMD,20200113,ac_ra,top1,-13.124216582759036,-8.59647062947,2.278240862840808,1.0927012912208716,15.432098765431222,0.07361067227954318,0.0015923843264158567,4,0,60,48.665,48.6870153502505
AMD,20200113,ac_ra,weighted,-13.132436042327797,-8.60468637235414,2.262337287646767,1.0847255443497485,15.432098765431222,0.07430734769122058,0.0015923843264158567,11,0,60,48.665,48.6870153502505
AMD,20200114,twap,nbbo,-54.33101298701018,-3.840551408674384,2.0320818347960588,1.8568515191747974,-9.318699523711267,0.10735599999284352,0.0016703562051311005,3,0,60,48.125,48.3678920624005
AMD,20200114,twap,naive,-54.05361038960812,-3.564541861209486,2.583458806416815,2.132764358880497,-9.318699523711267,0.1070165518640995,0.0016703562051311005,7,0,60,48.125,48.3678920624005
AMD,20200114,twap,top1,-54.2963116883079,-3.8060243716496487,2.100905242997158,1.8912738616834577,-9.318699523711267,0.10713672029775012,0.0016703562051311005,3,0,60,48.125,48.3678920624005
AMD,20200114,twap,weighted,-54.261818181815855,-3.771704083352023,2.1697064034986466,1.9256958364383465,-9.318699523711267,0.10735968375007161,0.0016703562051311005,5,0,60,48.125,48.3678920624005
AMD,20200114,vwap_following,nbbo,-57.88093506493458,-7.372646621335451,2.0657574751385135,-1.9656429195197203,-9.320629660315184,0.10085993888917077,0.0016703562051311005,4,0,12,48.125,48.3678920624005
AMD,20200114,vwap_following,naive,-57.34815584415546,-6.842542891222158,3.123925674238493,-1.4367053069399893,-9.320629660315184,0.09937303457175921,0.0016703562051311005,4,0,12,48.125,48.3678920624005
AMD,20200114,vwap_following,top1,-57.88093506493458,-7.372646621335451,2.0657574751385135,-1.9656429195197203,-9.320629660315184,0.10085993888917077,0.0016703562051311005,4,0,12,48.125,48.3678920624005
AMD,20200114,vwap_following,weighted,-57.56945454545353,-7.0627302830198,2.683979376603549,-1.6564511802568784,-9.320629660315184,0.09939209163101423,0.0016703562051311005,4,0,12,48.125,48.3678920624005
AMD,20200114,ac_rn,nbbo,-54.33101298701018,-3.840551408674384,2.0320818347960588,1.8568515191747974,-9.318699523711267,0.10735599999284352,0.0016703562051311005,3,0,60,48.125,48.3678920624005
AMD,20200114,ac_rn,naive,-54.05361038960812,-3.564541861209486,2.583458806416815,2.132764358880497,-9.318699523711267,0.1070165518640995,0.0016703562051311005,7,0,60,48.125,48.3678920624005
AMD,20200114,ac_rn,top1,-54.2963116883079,-3.8060243716496487,2.100905242997158,1.8912738616834577,-9.318699523711267,0.10713672029775012,0.0016703562051311005,3,0,60,48.125,48.3678920624005
AMD,20200114,ac_rn,weighted,-54.261818181815855,-3.771704083352023,2.1697064034986466,1.9256958364383465,-9.318699523711267,0.10735968375007161,0.0016703562051311005,5,0,60,48.125,48.3678920624005
AMD,20200114,ac_ra,nbbo,-47.78846753246747,2.6691389370132073,2.0482626823383185,5.651701363155555,-9.318699523711267,0.10735599999284352,0.0016703562051311005,3,0,60,48.125,48.3678920624005
AMD,20200114,ac_ra,naive,-47.46576623376886,2.990219706459078,2.690413288818115,5.97310723550272,-9.318699523711267,0.1070165518640995,0.0016703562051311005,7,0,60,48.125,48.3678920624005
AMD,20200114,ac_ra,top1,-47.76872727272833,2.688780065857951,2.0874137229317586,5.671282935241319,-9.318699523711267,0.10713672029775012,0.0016703562051311005,6,0,60,48.125,48.3678920624005
AMD,20200114,ac_ra,weighted,-47.763948051949356,2.6935352865256412,2.096946413844616,5.676052244996514,-9.318699523711267,0.10735968375007161,0.0016703562051311005,9,0,60,48.125,48.3678920624005
AMD,20200115,twap,nbbo,-73.75012917226377,4.49961509656866,2.0514374780364037,2.885851572048718,5.117707267144028,0.1626068531783486,0.0010680870230310537,1,0,60,48.385000000000005,48.76378182488651
AMD,20200115,twap,naive,-73.4053942337493,4.841672241765501,2.7367405594909826,3.228701662997353,5.117707267144028,0.1633694471778202,0.0010680870230310537,8,0,60,48.385000000000005,48.76378182488651
AMD,20200115,twap,top1,-73.71561434328835,4.53386182513399,2.1199573262259968,2.920231026860789,5.117707267144028,0.1626142362479636,0.0010680870230310537,6,0,60,48.385000000000005,48.76378182488651
AMD,20200115,twap,weighted,-73.57796837862936,4.670438598935936,2.393604636917047,3.0570558116613973,5.117707267144028,0.16292315612662311,0.0010680870230310537,9,0,60,48.385000000000005,48.76378182488651
AMD,20200115,vwap_following,nbbo,-64.52722951327783,13.650874151958243,2.0533194177777814,5.286060432750736,5.119803399549166,0.1722819218782423,0.0010680870230310537,7,0,12,48.385000000000005,48.76378182488651
AMD,20200115,vwap_following,naive,-64.0190141572787,14.15514184982306,3.0627267297670544,5.791198447857301,5.119803399549166,0.1726443181980242,0.0010680870230310537,7,0,12,48.385000000000005,48.76378182488651
AMD,20200115,vwap_following,top1,-64.52722951327783,13.650874151958243,2.0533194177777814,5.286060432750736,5.119803399549166,0.1722819218782423,0.0010680870230310537,7,0,12,48.385000000000005,48.76378182488651
AMD,20200115,vwap_following,weighted,-64.21204918879691,13.963606254131381,2.678877967823229,5.598997894401918,5.119803399549166,0.17221155066318355,0.0010680870230310537,7,0,12,48.385000000000005,48.76378182488651
AMD,20200115,ac_rn,nbbo,-73.75012917226377,4.49961509656866,2.0514374780364037,2.885851572048718,5.117707267144028,0.1626068531783486,0.0010680870230310537,1,0,60,48.385000000000005,48.76378182488651
AMD,20200115,ac_rn,naive,-73.4053942337493,4.841672241765501,2.7367405594909826,3.228701662997353,5.117707267144028,0.1633694471778202,0.0010680870230310537,8,0,60,48.385000000000005,48.76378182488651
AMD,20200115,ac_rn,top1,-73.71561434328835,4.53386182513399,2.1199573262259968,2.920231026860789,5.117707267144028,0.1626142362479636,0.0010680870230310537,6,0,60,48.385000000000005,48.76378182488651
AMD,20200115,ac_rn,weighted,-73.57796837862936,4.670438598935936,2.393604636917047,3.0570558116613973,5.117707267144028,0.16292315612662311,0.0010680870230310537,9,0,60,48.385000000000005,48.76378182488651
AMD,20200115,ac_ra,nbbo,-43.494678102715696,34.520051273095476,2.057614597808996,4.906412441871159,5.117707267144028,0.1626068531783486,0.0010680870230310537,3,0,60,48.385000000000005,48.76378182488651
AMD,20200115,ac_ra,naive,-43.084220316209674,34.927320751730505,2.8760654743436307,5.316092477432693,5.117707267144028,0.1633694471778202,0.0010680870230310537,10,0,60,48.385000000000005,48.76378182488651
AMD,20200115,ac_ra,top1,-43.47628397230282,34.53830252364907,2.0941311636106357,4.924734426771003,5.117707267144028,0.1626142362479636,0.0010680870230310537,7,0,60,48.385000000000005,48.76378182488651
AMD,20200115,ac_ra,weighted,-43.27560194274824,34.73742571788506,2.4949835885251446,5.125412741803983,5.117707267144028,0.16292315612662311,0.0010680870230310537,11,0,60,48.385000000000005,48.76378182488651
AMD,20200116,twap,nbbo,7.380335442402592,15.63742248638159,2.0432836247095616,-0.01129396277224104,-21.242160631194995,0.22851837938667904,0.0005857907205243436,3,0,60,49.785,49.826172290698885
AMD,20200116,twap,naive,7.581400020087085,15.838320920674748,2.4456851176929106,0.1898942102408736,-21.242160631194995,0.22854359571259716,0.0005857907205243436,8,0,60,49.785,49.826172290698885
AMD,20200116,twap,top1,7.380335442402592,15.63742248638159,2.0432836247095616,-0.01129396277224104,-21.242160631194995,0.22851837938667904,0.0005857907205243436,5,0,60,49.785,49.826172290698885
AMD,20200116,twap,weighted,7.514311539622052,15.771287876665964,2.311910004502565,0.12313457460918137,-21.242160631194995,0.2288074585920326,0.0005857907205243436,8,0,60,49.785,49.826172290698885
AMD,20200116,vwap_following,nbbo,-2.5608114894043297,5.704490108744488,2.0079698365126037,-5.758758724784768,-27.33900364520008,0.2525266262588899,0.0005857907205243436,4,0,12,49.785,49.826172290698885
AMD,20200116,vwap_following,naive,-2.5608114894043297,5.704490108744488,2.0079698365126037,-5.758758724784768,-27.33900364520008,0.2525266262588899,0.0005857907205243436,6,0,12,49.785,49.826172290698885
AMD,20200116,vwap_following,top1,-2.5608114894043297,5.704490108744488,2.0079698365126037,-5.758758724784768,-27.33900364520008,0.2525266262588899,0.0005857907205243436,5,0,12,49.785,49.826172290698885
AMD,20200116,vwap_following,weighted,-2.4081550667857186,5.857020388528517,2.3139587645449695,-5.605610207964737,-27.33900364520008,0.25285491108658775,0.0005857907205243436,8,0,12,49.785,49.826172290698885
AMD,20200116,ac_rn,nbbo,7.380335442402592,15.63742248638159,2.0432836247095616,-0.01129396277224104,-21.242160631194995,0.22851837938667904,0.0005857907205243436,3,0,60,49.785,49.826172290698885
AMD,20200116,ac_rn,naive,7.581400020087085,15.838320920674748,2.4456851176929106,0.1898942102408736,-21.242160631194995,0.22854359571259716,0.0005857907205243436,8,0,60,49.785,49.826172290698885
AMD,20200116,ac_rn,top1,7.380335442402592,15.63742248638159,2.0432836247095616,-0.01129396277224104,-21.242160631194995,0.22851837938667904,0.0005857907205243436,5,0,60,49.785,49.826172290698885
AMD,20200116,ac_rn,weighted,7.514311539622052,15.771287876665964,2.311910004502565,0.12313457460918137,-21.242160631194995,0.2288074585920326,0.0005857907205243436,8,0,60,49.785,49.826172290698885
AMD,20200116,ac_ra,nbbo,-28.85065782866493,-20.563632442672365,2.0533700141138165,2.1755839421881342,-21.242160631194995,0.22851837938667904,0.0005857907205243436,1,0,60,49.785,49.826172290698885
AMD,20200116,ac_ra,naive,-28.701215225471717,-20.414313326675106,2.352021725805465,2.3248656919051642,-21.242160631194995,0.22854359571259716,0.0005857907205243436,5,0,60,49.785,49.826172290698885
AMD,20200116,ac_ra,top1,-28.85065782866493,-20.563632442672365,2.0533700141138165,2.1755839421881342,-21.242160631194995,0.22851837938667904,0.0005857907205243436,5,0,60,49.785,49.826172290698885
AMD,20200116,ac_ra,weighted,-28.775133072211617,-20.488170093726684,2.204713600819267,2.251290412001567,-21.242160631194995,0.2288074585920326,0.0005857907205243436,5,0,60,49.785,49.826172290698885
AMD,20200117,twap,nbbo,-22.38716108452497,3.771630356916626,1.955751491965368,1.2128601010758062,-30.864197530864427,0.08799252022654651,0.0010963152406236543,1,0,60,50.16,50.29126200504656
AMD,20200117,twap,naive,-22.253987240826735,3.904456612086622,2.221405195171395,1.3457832070354498,-30.864197530864427,0.08791029711577039,0.0010963152406236543,6,0,60,50.16,50.29126200504656
AMD,20200117,twap,top1,-22.35386762360183,3.804836920707712,2.0222059288933294,1.2461104628760304,-30.864197530864427,0.08802542005734011,0.0010963152406236543,4,0,60,50.16,50.29126200504656
AMD,20200117,twap,weighted,-22.28728070175271,3.87125004829271,2.155115624862737,1.3126318419445682,-30.864197530864427,0.0881094594022582,0.0010963152406236543,3,0,60,50.16,50.29126200504656
AMD,20200117,vwap_following,nbbo,-19.52591706539141,6.625406426114047,1.9895452066597454,2.968908598138665,-10.949631694206595,0.1030298573965405,0.0010963152406236543,5,0,12,50.16,50.29126200504656
AMD,20200117,vwap_following,naive,-19.051634768741152,7.098450828889019,2.936574402712438,3.442882392410901,-12.943050577458727,0.1033492167655892,0.0010963152406236543,9,0,12,50.16,50.29126200504656
AMD,20200117,vwap_following,top1,-19.52591706539141,6.625406426114047,1.9895452066597454,2.968908598138665,-10.949631694206595,0.1030298573965405,0.0010963152406236543,7,0,12,50.16,50.29126200504656
AMD,20200117,vwap_following,weighted,-19.051634768741152,7.098450828889019,2.936574402712438,3.442882392410901,-12.943050577458727,0.1033492167655892,0.0010963152406236543,7,0,12,50.16,50.29126200504656
AMD,20200117,ac_rn,nbbo,-22.38716108452497,3.771630356916626,1.955751491965368,1.2128601010758062,-30.864197530864427,0.08799252022654651,0.0010963152406236543,1,0,60,50.16,50.29126200504656
AMD,20200117,ac_rn,naive,-22.253987240826735,3.904456612086622,2.221405195171395,1.3457832070354498,-30.864197530864427,0.08791029711577039,0.0010963152406236543,6,0,60,50.16,50.29126200504656
AMD,20200117,ac_rn,top1,-22.35386762360183,3.804836920707712,2.0222059288933294,1.2461104628760304,-30.864197530864427,0.08802542005734011,0.0010963152406236543,4,0,60,50.16,50.29126200504656
AMD,20200117,ac_rn,weighted,-22.28728070175271,3.87125004829271,2.155115624862737,1.3126318419445682,-30.864197530864427,0.0881094594022582,0.0010963152406236543,3,0,60,50.16,50.29126200504656
AMD,20200117,ac_ra,nbbo,-17.882974481659716,8.264060870532486,1.9789274369002097,2.159070774468253,-30.864197530864427,0.08799252022654651,0.0010963152406236543,2,0,60,50.16,50.29126200504656
AMD,20200117,ac_ra,naive,-17.689194577354034,8.45733500230905,2.3659846185042093,2.3528679420016414,-30.864197530864427,0.08791029711577039,0.0010963152406236543,8,0,60,50.16,50.29126200504656
AMD,20200117,ac_ra,top1,-17.872009569379784,8.274997163996472,2.0008136287028315,2.170021492426411,-30.864197530864427,0.08802542005734011,0.0010963152406236543,4,0,60,50.16,50.29126200504656
AMD,20200117,ac_ra,weighted,-17.724880382777243,8.4217423381232,2.2949317257781625,2.3173344428922538,-30.864197530864427,0.0881094594022582,0.0010963152406236543,5,0,60,50.16,50.29126200504656
TSLA,20200113,twap,nbbo,-49.18572726456137,3.8814305722552325,4.287924876461547,3.3127960434042163,-16.79753503627811,0.8626056145931792,0.0026915190772180673,32,0,60,500.815,503.47371482690573
TSLA,20200113,twap,naive,-35.01869951978356,17.97364589761771,32.46810283122476,17.727117066937318,-16.79753503627811,2.7609893983184888,0.0026915190772180673,36,0,60,500.815,503.47371482690573
TSLA,20200113,twap,top1,-48.49635094795342,4.567166470346174,5.658748022520947,3.9987854172032775,-16.79753503627811,0.8514308329376139,0.0026915190772180673,38,0,60,500.815,503.47371482690573
TSLA,20200113,twap,weighted,-47.11252658167069,5.943683217080707,8.412587458024241,5.377538927398901,-16.79753503627811,0.8736484962015629,0.0026915190772180673,35,0,60,500.815,503.47371482690573
TSLA,20200113,vwap_following,nbbo,-47.69114343619999,5.368121888917401,4.40402733977841,4.848616871151471,-0.894418826522816,0.7627859622740912,0.0026915190772180673,12,0,12,500.815,503.47371482690573
TSLA,20200113,vwap_following,naive,-26.459770573964846,26.487377347280137,46.674947345720646,26.4695582966501,-3.2803180914516994,3.5440368183325814,0.0026915190772180673,12,0,12,500.815,503.47371482690573
TSLA,20200113,vwap_following,top1,-47.190439583480796,5.8661816537370415,5.399250134914421,5.346877819151844,-0.894418826522816,0.7497651147344204,0.0026915190772180673,11,0,12,500.815,503.47371482690573
TSLA,20200113,vwap_following,weighted,-45.24590916805618,7.800443505590994,9.268937293369575,7.284092854064783,-3.2803180914516994,0.7500101009420769,0.0026915190772180673,12,0,12,500.815,503.47371482690573
TSLA,20200113,ac_rn,nbbo,-49.18572726456137,3.8814305722552325,4.287924876461547,3.3127960434042163,-16.79753503627811,0.8626056145931792,0.0026915190772180673,32,0,60,500.815,503.47371482690573
TSLA,20200113,ac_rn,naive,-35.01869951978356,17.97364589761771,32.46810283122476,17.727117066937318,-16.79753503627811,2.7609893983184888,0.0026915190772180673,36,0,60,500.815,503.47371482690573
TSLA,20200113,ac_rn,top1,-48.49635094795342,4.567166470346174,5.658748022520947,3.9987854172032775,-16.79753503627811,0.8514308329376139,0.0026915190772180673,38,0,60,500.815,503.47371482690573
TSLA,20200113,ac_rn,weighted,-47.11252658167069,5.943683217080707,8.412587458024241,5.377538927398901,-16.79753503627811,0.8736484962015629,0.0026915190772180673,35,0,60,500.815,503.47371482690573
TSLA,20200113,ac_ra,nbbo,-44.2959775565784,8.745358773244654,4.520472321954796,6.088067300360974,-16.79753503627811,0.8626056145931792,0.0026915190772180673,22,0,60,500.815,503.47371482690573
TSLA,20200113,ac_ra,naive,-25.867236404657458,27.07678249647189,41.18657942422908,24.86531353221915,-16.79753503627811,2.7609893983184888,0.0026915190772180673,22,0,60,500.815,503.47371482690573
TSLA,20200113,ac_ra,top1,-43.66067310284274,9.377308348024359,5.783797657460865,6.720480078747639,-16.79753503627811,0.8514308329376139,0.0026915190772180673,22,0,60,500.815,503.47371482690573
TSLA,20200113,ac_ra,weighted,-42.34967003783441,10.681388343993714,8.392557284614021,8.026299853045122,-16.79753503627811,0.8736484962015629,0.0026915190772180673,22,0,60,500.815,503.47371482690573
TSLA,20200114,twap,nbbo,-177.40440150702932,-1.0028383595937336,6.308849949938965,5.594466328213692,-36.94627357078762,3.3619534777329547,0.001735625979543912,32,0,60,526.865,536.1580490141645
TSLA,20200114,twap,naive,-158.54799616600087,17.526735183633058,43.153891803166296,24.72149115965291,-36.94627357078762,5.03597407529126,0.001735625979543912,32,0,60,526.865,536.1580490141645
TSLA,20200114,twap,top1,-176.29464853425313,0.08767963426423402,8.491001886738015,6.687074423899244,-36.94627357078762,3.3715955208079467,0.001735625979543912,41,0,60,526.865,536.1580490141645
TSLA,20200114,twap,weighted,-175.3674850293723,0.9987729227026614,10.30872833072301,7.598863569455192,-36.94627357078762,3.3590434305560266,0.001735625979543912,39,0,60,526.865,536.1580490141645
TSLA,20200114,vwap_following,nbbo,-160.39892572101084,15.707887174555466,6.200171377016358,-2.8914479620422417,-30.47811372263251,3.222151901879844,0.001735625979543912,12,0,12,526.865,536.1580490141645
TSLA,20200114,vwap_following,naive,-123.75629430688966,51.71540405413689,77.60659095349405,34.56649938390553,-37.79798660229961,6.395761854303958,0.001735625979543912,11,0,12,526.865,536.1580490141645
TSLA,20200114,vwap_following,top1,-159.6380476972293,16.45557715279376,7.696637581265399,-2.143511031747848,-31.22837855526811,3.2230066660956527,0.001735625979543912,11,0,12,526.865,536.1580490141645
TSLA,20200114,vwap_following,weighted,-156.15485940421422,19.878392502435,14.554573984084273,1.3100864352713408,-37.79798660229961,3.326064650695476,0.001735625979543912,11,0,12,526.865,536.1580490141645
TSLA,20200114,ac_rn,nbbo,-177.40440150702932,-1.0028383595937336,6.308849949938965,5.594466328213692,-36.94627357078762,3.3619534777329547,0.001735625979543912,32,0,60,526.865,536.1580490141645
TSLA,20200114,ac_rn,naive,-158.54799616600087,17.526735183633058,43.153891803166296,24.72149115965291,-36.94627357078762,5.03597407529126,0.001735625979543912,32,0,60,526.865,536.1580490141645
TSLA,20200114,ac_rn,top1,-176.29464853425313,0.08767963426423402,8.491001886738015,6.687074423899244,-36.94627357078762,3.3715955208079467,0.001735625979543912,41,0,60,526.865,536.1580490141645
TSLA,20200114,ac_rn,weighted,-175.3674850293723,0.9987729227026614,10.30872833072301,7.598863569455192,-36.94627357078762,3.3590434305560266,0.001735625979543912,39,0,60,526.865,536.1580490141645
TSLA,20200114,ac_ra,nbbo,-138.863769656361,36.869781546679306,6.608253100467529,12.055418126456956,-36.94627357078762,3.3619534777329547,0.001735625979543912,24,0,60,526.865,536.1580490141645
TSLA,20200114,ac_ra,naive,-122.97358905981241,52.484542931674206,37.71657867564746,28.12803066321392,-36.94627357078762,5.03597407529126,0.001735625979543912,23,0,60,526.865,536.1580490141645
TSLA,20200114,ac_ra,top1,-137.66558795895781,38.04719555951204,8.979148479846213,13.24466673208163,-36.94627357078762,3.3715955208079467,0.001735625979543912,25,0,60,526.865,536.1580490141645
TSLA,20200114,ac_ra,weighted,-136.87756825752066,38.82155677774066,10.527299223123924,14.023165015416115,-36.94627357078762,3.3590434305560266,0.001735625979543912,24,0,60,526.865,536.1580490141645
TSLA,20200115,twap,nbbo,-63.686287082964384,5.800689666044307,6.196622944254425,3.50077143372761,23.972023238760922,1.5576943703475477,0.003110471183506291,23,0,60,530.23,533.9165464193345
TSLA,20200115,twap,naive,-50.13562039115007,19.257792743643396,33.092489071772604,17.21330921785052,23.784454555709893,2.972989592757445,0.003110471183506291,34,0,60,530.23,533.9165464193345
TSLA,20200115,twap,top1,-63.104275503084686,6.378682616570403,7.3512491330344325,4.078911213015939,23.784454555709893,1.5441155935038346,0.003110471183506291,38,0,60,530.23,533.9165464193345
TSLA,20200115,twap,weighted,-60.864605925727794,8.602887893530033,11.805039083026458,6.310279967517113,23.784454555709893,1.5979323150921712,0.003110471183506291,40,0,60,530.23,533.9165464193345
TSLA,20200115,vwap_following,nbbo,-65.8367123701035,3.6651124721053674,5.51610345365631,3.039545417272992,17.38395038526721,1.385039108954437,0.003110471183506291,12,0,12,530.23,533.9165464193345
TSLA,20200115,vwap_following,naive,-43.64064651189025,25.707920620547917,49.6591133630441,25.482777171665955,17.38395038526721,3.5384702866771294,0.003110471183506291,11,0,12,530.23,533.9165464193345
TSLA,20200115,vwap_following,top1,-65.09922109273205,4.3975115757164716,6.9826018196290995,3.7734231421092397,17.196338965214103,1.407876113695771,0.003110471183506291,12,0,12,530.23,533.9165464193345
TSLA,20200115,vwap_following,weighted,-59.906625426701325,9.554253801564395,17.280562530515418,8.934937685662065,12.31596562811587,1.2729338576927567,0.003110471183506291,12,0,12,530.23,533.9165464193345
TSLA,20200115,ac_rn,nbbo,-63.686287082964384,5.800689666044307,6.196622944254425,3.50077143372761,23.972023238760922,1.5576943703475477,0.003110471183506291,23,0,60,530.23,533.9165464193345
TSLA,20200115,ac_rn,naive,-50.13562039115007,19.257792743643396,33.092489071772604,17.21330921785052,23.784454555709893,2.972989592757445,0.003110471183506291,34,0,60,530.23,533.9165464193345
TSLA,20200115,ac_rn,top1,-63.104275503084686,6.378682616570403,7.3512491330344325,4.078911213015939,23.784454555709893,1.5441155935038346,0.003110471183506291,38,0,60,530.23,533.9165464193345
TSLA,20200115,ac_rn,weighted,-60.864605925727794,8.602887893530033,11.805039083026458,6.310279967517113,23.784454555709893,1.5979323150921712,0.003110471183506291,40,0,60,530.23,533.9165464193345
TSLA,20200115,ac_ra,nbbo,-66.85238481414368,2.6564529660175813,6.014463383430966,8.043198958286522,23.972023238760922,1.5576943703475477,0.003110471183506291,18,0,60,530.23,533.9165464193345
TSLA,20200115,ac_ra,naive,-48.356411368652715,21.0247168188112,42.705396912202865,26.77146648498999,23.784454555709893,2.972989592757445,0.003110471183506291,22,0,60,530.23,533.9165464193345
TSLA,20200115,ac_ra,top1,-65.98264903910082,3.5201834555364075,7.738638813807432,8.906824959244172,23.784454555709893,1.5441155935038346,0.003110471183506291,23,0,60,530.23,533.9165464193345
TSLA,20200115,ac_ra,weighted,-63.64079738981571,5.845865265414618,12.397664949323937,11.242065947063546,23.784454555709893,1.5979323150921712,0.003110471183506291,24,0,60,530.23,533.9165464193345
TSLA,20200116,twap,nbbo,-67.53216715648826,5.446045523397608,6.317937146383102,3.5284843614525307,-12.436812966380579,1.2874168395061747,0.0032623734484559675,21,0,60,496.78,500.40738714106146
TSLA,20200116,twap,naive,-65.3397681066099,7.622552161760931,10.676513147056273,5.711673325438421,-12.838515546639647,1.342818216554968,0.0032623734484559675,33,0,60,496.78,500.40738714106146
TSLA,20200116,twap,top1,-66.79129594589399,6.181546256313978,7.791091043250829,4.265957900299371,-12.838515546639647,1.3069674650894167,0.0032623734484559675,32,0,60,496.78,500.40738714106146
TSLA,20200116,twap,weighted,-65.62800434800334,7.3364053068603425,10.103575943226696,5.424606333917012,-12.838515546639647,1.3375267989289432,0.0032623734484559675,31,0,60,496.78,500.40738714106146
TSLA,20200116,vwap_following,nbbo,-61.27891622046113,11.653967468250622,6.6356903900054895,12.592879618130677,10.316713075181521,1.3649938949802434,0.0032623734484559675,12,0,12,496.78,500.40738714106146
TSLA,20200116,vwap_following,naive,-57.625327106567234,15.281072196599808,13.896818580102138,16.23547880016067,6.513026052103981,1.3585919069746322,0.0032623734484559675,11,0,12,496.78,500.40738714106146
TSLA,20200116,vwap_following,top1,-60.76017553041679,12.168947875459484,7.6682235540142845,13.110204159017687,10.316713075181521,1.3823388173890714,0.0032623734484559675,12,0,12,496.78,500.40738714106146
TSLA,20200116,vwap_following,weighted,-59.14662426023489,13.770802725326055,10.88045055765249,14.720374023436104,6.513026052103981,1.419285992065284,0.0032623734484559675,12,0,12,496.78,500.40738714106146
TSLA,20200116,ac_rn,nbbo,-67.53216715648826,5.446045523397608,6.317937146383102,3.5284843614525307,-12.436812966380579,1.2874168395061747,0.0032623734484559675,21,0,60,496.78,500.40738714106146
TSLA,20200116,ac_rn,naive,-65.3397681066099,7.622552161760931,10.676513147056273,5.711673325438421,-12.838515546639647,1.342818216554968,0.0032623734484559675,33,0,60,496.78,500.40738714106146
TSLA,20200116,ac_rn,top1,-66.79129594589399,6.181546256313978,7.791091043250829,4.265957900299371,-12.838515546639647,1.3069674650894167,0.0032623734484559675,32,0,60,496.78,500.40738714106146
TSLA,20200116,ac_rn,weighted,-65.62800434800334,7.3364053068603425,10.103575943226696,5.424606333917012,-12.838515546639647,1.3375267989289432,0.0032623734484559675,31,0,60,496.78,500.40738714106146
TSLA,20200116,ac_ra,nbbo,-72.4028745118566,0.6106452831573614,6.287708532818765,6.26078030239597,-12.436812966380579,1.2874168395061747,0.0032623734484559675,17,0,60,496.78,500.40738714106146
TSLA,20200116,ac_ra,naive,-70.07011151817755,2.9264983856080407,10.927112555936127,8.58671903631073,-12.838515546639647,1.342818216554968,0.0032623734484559675,20,0,60,496.78,500.40738714106146
TSLA,20200116,ac_ra,top1,-71.76718064334526,1.2417310906697034,7.552812045603145,6.894484636958688,-12.838515546639647,1.3069674650894167,0.0032623734484559675,21,0,60,496.78,500.40738714106146
TSLA,20200116,ac_ra,weighted,-70.33411167921633,2.6644119269125914,10.402258200516322,8.322305133262445,-12.838515546639647,1.3375267989289432,0.0032623734484559675,20,0,60,496.78,500.40738714106146
TSLA,20200117,twap,nbbo,-54.79035345157453,3.658265134769362,4.4763677727439255,3.2607021944182426,12.871518839222407,0.7163118619817906,0.004093555760779151,18,0,60,509.405,512.3834914662461
TSLA,20200117,twap,naive,-33.62375712841428,24.701819776126783,46.570227246549265,25.45368208486436,12.871518839222407,5.353698365283637,0.004093555760779151,35,0,60,509.405,512.3834914662461
TSLA,20200117,twap,top1,-54.306004063562895,4.139798993899022,5.440103872753929,3.7430260411847622,12.871518839222407,0.7279134137059866,0.004093555760779151,30,0,60,509.405,512.3834914662461
TSLA,20200117,twap,weighted,-53.13897586399728,5.300043244350026,7.7616969948161225,4.905386141205668,12.871518839222407,0.7501416062174691,0.004093555760779151,33,0,60,509.405,512.3834914662461
TSLA,20200117,vwap_following,nbbo,-51.50897615845845,6.920567741780487,4.72489382484337,8.761879548568063,26.446764906802347,0.745728746687666,0.004093555760779151,12,0,12,509.405,512.3834914662461
TSLA,20200117,vwap_following,naive,-1.7287619870235744,56.4114089229318,103.74235309583064,61.12039129250889,17.484225126491665,8.461456417010591,0.004093555760779151,12,0,12,509.405,512.3834914662461
TSLA,20200117,vwap_following,top1,-50.68236471962325,7.742374078270519,6.369735876435962,9.585608546948537,26.057423925985912,0.7597527508500528,0.004093555760779151,12,0,12,509.405,512.3834914662461
TSLA,20200117,vwap_following,weighted,-49.10564285784271,9.309930436696295,9.502730785515574,11.154727701589257,19.82383156578946,0.688351126044901,0.004093555760779151,12,0,12,509.405,512.3834914662461
TSLA,20200117,ac_rn,nbbo,-54.79035345157453,3.658265134769362,4.4763677727439255,3.2607021944182426,12.871518839222407,0.7163118619817906,0.004093555760779151,18,0,60,509.405,512.3834914662461
TSLA,20200117,ac_rn,naive,-33.62375712841428,24.701819776126783,46.570227246549265,25.45368208486436,12.871518839222407,5.353698365283637,0.004093555760779151,35,0,60,509.405,512.3834914662461
TSLA,20200117,ac_rn,top1,-54.306004063562895,4.139798993899022,5.440103872753929,3.7430260411847622,12.871518839222407,0.7279134137059866,0.004093555760779151,30,0,60,509.405,512.3834914662461
TSLA,20200117,ac_rn,weighted,-53.13897586399728,5.300043244350026,7.7616969948161225,4.905386141205668,12.871518839222407,0.7501416062174691,0.004093555760779151,33,0,60,509.405,512.3834914662461
TSLA,20200117,ac_ra,nbbo,-52.52013623737871,5.915285548694244,4.4518945544736495,4.532597949360668,12.871518839222407,0.7163118619817906,0.004093555760779151,17,0,60,509.405,512.3834914662461
TSLA,20200117,ac_ra,naive,-16.06729419617068,42.156226775866564,76.9548540347177,42.82600156379857,12.871518839222407,5.353698365283637,0.004093555760779151,26,0,60,509.405,512.3834914662461
TSLA,20200117,ac_ra,top1,-51.88419823127005,6.5475268394406845,5.718159131407294,5.166723394572467,12.871518839222407,0.7279134137059866,0.004093555760779151,21,0,60,509.405,512.3834914662461
TSLA,20200117,ac_ra,weighted,-50.70647127531351,7.718407654281611,8.063016689943021,6.34125177559746,12.871518839222407,0.7501416062174691,0.004093555760779151,23,0,60,509.405,512.3834914662461
NVDA,20200113,twap,nbbo,-12.181570458237863,1.1629935170737997,2.4808750091395657,1.5317122214583003,-2.19929622520707,0.3448036778678342,0.0066697125020426,26,0,60,249.54500000000002,249.87804565471566
NVDA,20200113,twap,naive,-10.183293594344095,3.158607012024151,6.47178869114205,3.5289568219997505,-3.799392097264392,0.35267004152903286,0.0066697125020426,36,0,60,249.54500000000002,249.87804565471566
NVDA,20200113,twap,top1,-11.420024444494173,1.9235245173132876,4.001627288002601,2.2923846044131926,-3.799392097264392,0.3429850270982076,0.0066697125020426,42,0,60,249.54500000000002,249.87804565471566
NVDA,20200113,twap,weighted,-10.832515177625476,2.51025073256205,5.17491600675444,2.8796315927056106,-3.799392097264392,0.34424711102103206,0.0066697125020426,38,0,60,249.54500000000002,249.87804565471566
NVDA,20200113,vwap_following,nbbo,-11.774349315753666,1.5696719018633092,2.0667515003410197,-0.8315230971743092,-4.595771889862827,0.32606352792427185,0.0066697125020426,12,0,12,249.54500000000002,249.87804565471566
NVDA,20200113,vwap_following,naive,-8.48339978761386,4.856235144535884,8.638061006861362,2.457469837526977,-8.995682072606058,0.32261596458647096,0.0066697125020426,12,0,12,249.54500000000002,249.87804565471566
NVDA,20200113,vwap_following,top1,-11.127732473100483,2.2154269123809494,3.357382609626801,-0.18614242608895346,-4.595771889862827,0.3181611465146442,0.0066697125020426,12,0,12,249.54500000000002,249.87804565471566
NVDA,20200113,vwap_following,weighted,-8.943677493037363,4.396570912334297,7.722538735232421,1.9984058577389714,-8.995682072606058,0.33744584301736147,0.0066697125020426,12,0,12,249.54500000000002,249.87804565471566
NVDA,20200113,ac_rn,nbbo,-12.181570458237863,1.1629935170737997,2.4808750091395657,1.5317122214583003,-2.19929622520707,0.3448036778678342,0.0066697125020426,26,0,60,249.54500000000002,249.87804565471566
NVDA,20200113,ac_rn,naive,-10.183293594344095,3.158607012024151,6.47178869114205,3.5289568219997505,-3.799392097264392,0.35267004152903286,0.0066697125020426,36,0,60,249.54500000000002,249.87804565471566
NVDA,20200113,ac_rn,top1,-11.420024444494173,1.9235245173132876,4.001627288002601,2.2923846044131926,-3.799392097264392,0.3429850270982076,0.0066697125020426,42,0,60,249.54500000000002,249.87804565471566
NVDA,20200113,ac_rn,weighted,-10.832515177625476,2.51025073256205,5.17491600675444,2.8796315927056106,-3.799392097264392,0.34424711102103206,0.0066697125020426,38,0,60,249.54500000000002,249.87804565471566
NVDA,20200113,ac_ra,nbbo,-6.958584624015139,6.379017984473872,2.4664861900284736,1.6979539955538894,-2.19929622520707,0.3448036778678342,0.0066697125020426,19,0,60,249.54500000000002,249.87804565471566
NVDA,20200113,ac_ra,naive,-4.739666192468367,8.594978968759287,6.898596303474592,3.9166664307322985,-3.799392097264392,0.35267004152903286,0.0066697125020426,24,0,60,249.54500000000002,249.87804565471566
NVDA,20200113,ac_ra,top1,-6.091526578366441,7.2449203867216765,4.199014717073487,2.5648261569991906,-3.799392097264392,0.3429850270982076,0.0066697125020426,25,0,60,249.54500000000002,249.87804565471566
NVDA,20200113,ac_ra,weighted,-5.612134084029814,7.7236739310188,5.156483205122623,3.0441875796313687,-3.799392097264392,0.34424711102103206,0.0066697125020426,25,0,60,249.54500000000002,249.87804565471566
NVDA,20200114,twap,nbbo,-35.21036265244933,0.6011436720080242,2.2543113196807254,1.371524598202071,0.6052291801168004,0.5196840359056076,0.007189816918501987,20,0,60,247.62,248.5068178300989
NVDA,20200114,twap,naive,-32.06328244891107,3.7369932507223047,8.530545008258578,4.527301001547316,0.6052291801168004,0.6267556133534469,0.007189816918501987,38,0,60,247.62,248.5068178300989
NVDA,20200114,twap,top1,-34.36176399321182,1.446714034363449,3.945003966128963,2.2172358374875154,0.6052291801168004,0.518251596730897,0.007189816918501987,43,0,60,247.62,248.5068178300989
NVDA,20200114,twap,weighted,-33.51982876988572,2.285644739848334,5.622762674107308,3.056838038002303,0.6052291801168004,0.5203840389775584,0.007189816918501987,33,0,60,247.62,248.5068178300989
NVDA,20200114,vwap_following,nbbo,-37.44035215248946,-1.6208879198071537,2.20770464814202,-1.6437636405908307,-2.0176748315246105,0.5124628589646086,0.007189816918501987,12,0,12,247.62,248.5068178300989
NVDA,20200114,vwap_following,naive,-34.34896211937535,1.4594702236183992,8.363087660323078,1.4364363567060288,-4.439959636731126,0.48962802826288804,0.007189816918501987,12,0,12,247.62,248.5068178300989
NVDA,20200114,vwap_following,top1,-37.192835796783655,-1.3742548473826581,2.7010840182152727,-1.396843020299824,-2.0176748315246105,0.5134995795342149,0.007189816918501987,12,0,12,247.62,248.5068178300989
NVDA,20200114,vwap_following,weighted,-36.58456505936454,-0.7681547761053527,3.912954617986311,-0.790852040575504,-4.439959636731126,0.5179409993308879,0.007189816918501987,12,0,12,247.62,248.5068178300989
NVDA,20200114,ac_rn,nbbo,-35.21036265244933,0.6011436720080242,2.2543113196807254,1.371524598202071,0.6052291801168004,0.5196840359056076,0.007189816918501987,20,0,60,247.62,248.5068178300989
NVDA,20200114,ac_rn,naive,-32.06328244891107,3.7369932507223047,8.530545008258578,4.527301001547316,0.6052291801168004,0.6267556133534469,0.007189816918501987,38,0,60,247.62,248.5068178300989
NVDA,20200114,ac_rn,top1,-34.36176399321182,1.446714034363449,3.945003966128963,2.2172358374875154,0.6052291801168004,0.518251596730897,0.007189816918501987,43,0,60,247.62,248.5068178300989
NVDA,20200114,ac_rn,weighted,-33.51982876988572,2.285644739848334,5.622762674107308,3.056838038002303,0.6052291801168004,0.5203840389775584,0.007189816918501987,33,0,60,247.62,248.5068178300989
NVDA,20200114,ac_ra,nbbo,-30.33313141103359,5.460970096669954,2.574230837102828,4.043315094675927,0.6052291801168004,0.5196840359056076,0.007189816918501987,19,0,60,247.62,248.5068178300989
NVDA,20200114,ac_ra,naive,-23.71835877553367,12.052137350368149,15.772070194179761,10.692192327123022,0.6052291801168004,0.6267556133534469,0.007189816918501987,22,0,60,247.62,248.5068178300989
NVDA,20200114,ac_ra,top1,-29.379815846861497,6.410883672730007,4.474443887942422,4.993865958193425,0.6052291801168004,0.518251596730897,0.007189816918501987,25,0,60,247.62,248.5068178300989
NVDA,20200114,ac_ra,weighted,-28.247112511106888,7.539544859769622,6.733599888451022,6.125216881205618,0.6052291801168004,0.5203840389775584,0.007189816918501987,22,0,60,247.62,248.5068178300989
NVDA,20200115,twap,nbbo,21.252038756561134,3.4569559442621967,2.279434741835224,0.711733533161327,5.670082216192733,0.35325923964629685,0.010944559240710259,27,0,60,247.7,247.25906336888855
NVDA,20200115,twap,naive,22.685829632621036,4.893303696943703,5.1521777693609305,2.1491098758198883,5.670082216192733,0.35167440482020973,0.010944559240710259,35,0,60,247.7,247.25906336888855
NVDA,20200115,twap,top1,22.113887767457534,4.3203418889082155,4.006325609341758,1.5756218374746143,5.670082216192733,0.3519909474953066,0.010944559240710259,42,0,60,247.7,247.25906336888855
NVDA,20200115,twap,weighted,22.470528865563814,4.677618984426169,4.719979981753384,1.9325215556275195,5.670082216192733,0.34410528378344196,0.010944559240710259,37,0,60,247.7,247.25906336888855
NVDA,20200115,vwap_following,nbbo,22.968187323373353,5.17616491564453,2.202048059827773,4.159912297984852,8.9115728926155,0.2923727384381382,0.010944559240710259,12,0,12,247.7,247.25906336888855
NVDA,20200115,vwap_following,naive,25.118288251918223,7.330100115204848,6.514380102527355,6.318353302026589,7.6972937935503865,0.33123620611645344,0.010944559240710259,12,0,12,247.7,247.25906336888855
NVDA,20200115,vwap_following,top1,23.781509890997075,5.990937879901193,3.8331228275740603,4.976421128461716,7.6972937935503865,0.30275502648280384,0.010944559240710259,12,0,12,247.7,247.25906336888855
NVDA,20200115,vwap_following,weighted,24.739967702867464,6.95110490781758,5.7543219582731036,5.9373651725272945,7.6972937935503865,0.3132769130376862,0.010944559240710259,12,0,12,247.7,247.25906336888855
NVDA,20200115,ac_rn,nbbo,21.252038756561134,3.4569559442621967,2.279434741835224,0.711733533161327,5.670082216192733,0.35325923964629685,0.010944559240710259,27,0,60,247.7,247.25906336888855
NVDA,20200115,ac_rn,naive,22.685829632621036,4.893303696943703,5.1521777693609305,2.1491098758198883,5.670082216192733,0.35167440482020973,0.010944559240710259,35,0,60,247.7,247.25906336888855
NVDA,20200115,ac_rn,top1,22.113887767457534,4.3203418889082155,4.006325609341758,1.5756218374746143,5.670082216192733,0.3519909474953066,0.010944559240710259,42,0,60,247.7,247.25906336888855
NVDA,20200115,ac_rn,weighted,22.470528865563814,4.677618984426169,4.719979981753384,1.9325215556275195,5.670082216192733,0.34410528378344196,0.010944559240710259,37,0,60,247.7,247.25906336888855
NVDA,20200115,ac_ra,nbbo,11.693823173191404,-6.118304787306938,2.5141827125981324,0.7852587373391264,5.670082216192733,0.35325923964629685,0.010944559240710259,18,0,60,247.7,247.25906336888855
NVDA,20200115,ac_ra,naive,13.372143722238173,-4.436991292324279,5.8734388436784775,2.4657781868463786,5.670082216192733,0.35167440482020973,0.010944559240710259,22,0,60,247.7,247.25906336888855
NVDA,20200115,ac_ra,top1,12.523698021792818,-5.286950024420479,4.17548369828749,1.616268591930559,5.670082216192733,0.3519909474953066,0.010944559240710259,25,0,60,247.7,247.25906336888855
NVDA,20200115,ac_ra,weighted,13.36322163907837,-4.445929286218506,5.855189121226394,2.4562097009270927,5.670082216192733,0.34410528378344196,0.010944559240710259,21,0,60,247.7,247.25906336888855
NVDA,20200116,twap,nbbo,6.28624954675185,0.009701496821654677,2.129354039241789,0.4055761006374031,-23.493195074529492,0.4245495785332613,0.012249092648462065,21,0,60,248.20999999999998,248.0542096497127
NVDA,20200116,twap,naive,7.367994843074499,1.0921261828586475,4.292537759187116,1.487921449282834,-23.493195074529492,0.41665319752241226,0.012249092648462065,31,0,60,248.20999999999998,248.0542096497127
NVDA,20200116,twap,top1,6.28624954675185,0.009701496821654677,2.129354039241789,0.4055761006374031,-23.493195074529492,0.4245495785332613,0.012249092648462065,22,0,60,248.20999999999998,248.0542096497127
NVDA,20200116,twap,weighted,7.306957817974305,1.0310508234784816,4.170944811216827,1.4270208029246114,-23.493195074529492,0.42056496169515917,0.012249092648462065,26,0,60,248.20999999999998,248.0542096497127
NVDA,20200116,vwap_following,nbbo,3.5521534184738406,-2.7261117794706737,2.0664198659466937,1.1167611323384772,-3.0339805825249617,0.37746663508985906,0.012249092648462065,12,0,12,248.20999999999998,248.0542096497127
NVDA,20200116,vwap_following,naive,4.277587526689221,-2.0002220626446237,3.5192881737249975,1.843698620403394,-4.248088360238629,0.3914657769785976,0.012249092648462065,12,0,12,248.20999999999998,248.0542096497127
NVDA,20200116,vwap_following,top1,3.5521534184738406,-2.7261117794706737,2.0664198659466937,1.1167611323384772,-3.0339805825249617,0.37746663508985906,0.012249092648462065,12,0,12,248.20999999999998,248.0542096497127
NVDA,20200116,vwap_following,weighted,4.304701663911981,-1.973090896398483,3.572310688263346,1.8705839797674548,-3.0339805825249617,0.38048911902572535,0.012249092648462065,12,0,12,248.20999999999998,248.0542096497127
NVDA,20200116,ac_rn,nbbo,6.28624954675185,0.009701496821654677,2.129354039241789,0.4055761006374031,-23.493195074529492,0.4245495785332613,0.012249092648462065,21,0,60,248.20999999999998,248.0542096497127
NVDA,20200116,ac_rn,naive,7.367994843074499,1.0921261828586475,4.292537759187116,1.487921449282834,-23.493195074529492,0.41665319752241226,0.012249092648462065,31,0,60,248.20999999999998,248.0542096497127
NVDA,20200116,ac_rn,top1,6.28624954675185,0.009701496821654677,2.129354039241789,0.4055761006374031,-23.493195074529492,0.4245495785332613,0.012249092648462065,22,0,60,248.20999999999998,248.0542096497127
NVDA,20200116,ac_rn,weighted,7.306957817974305,1.0310508234784816,4.170944811216827,1.4270208029246114,-23.493195074529492,0.42056496169515917,0.012249092648462065,26,0,60,248.20999999999998,248.0542096497127
NVDA,20200116,ac_ra,nbbo,-4.422182829057797,-10.705456305793732,2.3106258826101382,1.4399777400556326,-23.493195074529492,0.4245495785332613,0.012249092648462065,21,0,60,248.20999999999998,248.0542096497127
NVDA,20200116,ac_ra,naive,-2.9362233592555946,-9.218563579722103,5.280805294391756,2.926247629055194,-23.493195074529492,0.41665319752241226,0.012249092648462065,22,0,60,248.20999999999998,248.0542096497127
NVDA,20200116,ac_ra,top1,-4.422182829057797,-10.705456305793732,2.3106258826101382,1.4399777400556326,-23.493195074529492,0.4245495785332613,0.012249092648462065,21,0,60,248.20999999999998,248.0542096497127
NVDA,20200116,ac_ra,weighted,-3.137585109388842,-9.420051795024525,4.87877727711292,2.725007932898213,-23.493195074529492,0.42056496169515917,0.012249092648462065,20,0,60,248.20999999999998,248.0542096497127
NVDA,20200117,twap,nbbo,-5.7677702240639235,3.631847900152385,2.3983724294390183,1.2810947763191316,-13.89336340206181,0.27131876097405666,0.007971665512103779,15,0,60,248.59,248.82375000139507
NVDA,20200117,twap,naive,-3.9763868216731515,5.421548441189265,5.977813725553719,3.0722108451807046,-14.699959726136957,0.2701297031005192,0.007971665512103779,40,0,60,248.59,248.82375000139507
NVDA,20200117,twap,top1,-4.8092843638116465,4.589433339640287,4.3140923960027795,2.239232355734247,-14.699959726136957,0.2737851440176134,0.007971665512103779,45,0,60,248.59,248.82375000139507
NVDA,20200117,twap,weighted,-3.9763868216731515,5.421548441189265,5.977813725553719,3.0722108451807046,-14.699959726136957,0.2701297031005192,0.007971665512103779,40,0,60,248.59,248.82375000139507
NVDA,20200117,vwap_following,nbbo,-4.511042278452038,4.887395250427057,2.102035008904747,2.5338034050327702,-9.2600048313076,0.25090140524021914,0.007971665512103779,11,0,12,248.59,248.82375000139507
NVDA,20200117,vwap_following,naive,-1.6614103544001235,7.7343501733236595,7.797049303645796,5.384289703144551,-9.2600048313076,0.246113733255525,0.007971665512103779,12,0,12,248.59,248.82375000139507
NVDA,20200117,vwap_following,top1,-3.722233396355772,5.675463109701789,3.6787307820252035,3.3221775881712015,-10.872191350568182,0.2527844931952933,0.007971665512103779,12,0,12,248.59,248.82375000139507
NVDA,20200117,vwap_following,weighted,-1.8740094130905953,7.521950834435921,7.372295435854101,5.171810305755754,-9.2600048313076,0.2480224818744325,0.007971665512103779,12,0,12,248.59,248.82375000139507
NVDA,20200117,ac_rn,nbbo,-5.7677702240639235,3.631847900152385,2.3983724294390183,1.2810947763191316,-13.89336340206181,0.27131876097405666,0.007971665512103779,15,0,60,248.59,248.82375000139507
NVDA,20200117,ac_rn,naive,-3.9763868216731515,5.421548441189265,5.977813725553719,3.0722108451807046,-14.699959726136957,0.2701297031005192,0.007971665512103779,40,0,60,248.59,248.82375000139507
NVDA,20200117,ac_rn,top1,-4.8092843638116465,4.589433339640287,4.3140923960027795,2.239232355734247,-14.699959726136957,0.2737851440176134,0.007971665512103779,45,0,60,248.59,248.82375000139507
NVDA,20200117,ac_rn,weighted,-3.9763868216731515,5.421548441189265,5.977813725553719,3.0722108451807046,-14.699959726136957,0.2701297031005192,0.007971665512103779,40,0,60,248.59,248.82375000139507
NVDA,20200117,ac_ra,nbbo,-8.51755903294569,0.8846422978090185,2.557475135327638,2.252755086619589,-13.89336340206181,0.27131876097405666,0.007971665512103779,21,0,60,248.59,248.82375000139507
NVDA,20200117,ac_ra,naive,-5.631763144132361,3.7677272123161067,8.324258727209427,5.138843670718472,-14.699959726136957,0.2701297031005192,0.007971665512103779,23,0,60,248.59,248.82375000139507
NVDA,20200117,ac_ra,top1,-7.281145661532442,2.119894157801868,5.028166131909215,3.488652659664631,-14.699959726136957,0.2737851440176134,0.007971665512103779,25,0,60,248.59,248.82375000139507
NVDA,20200117,ac_ra,weighted,-5.631763144132361,3.7677272123161067,8.324258727209427,5.138843670718472,-14.699959726136957,0.2701297031005192,0.007971665512103779,23,0,60,248.59,248.82375000139507
