ticker,date,strategy,arrival_mid,market_vwap,executed_avg,fills,oversize_count,null_nbbo_count,vwap_slip_bps,is_bps,effective_spread_bps,realized_spread_bps,markout_1s_bps,markout_10s_bps,markout_60s_bps,reversion_5m_bps,pov,price_var,schedule_rmse,hit_ratio_nbbo,error
AAPL,20200113,twap,312.93,311.97872166827614,311.9476290000001,60,16,0,0.9966278504428706,31.39267567826309,0.8975961947647085,-2.6333887188737797,0.5104996248578767,0.38771864441360165,-0.05347742878707662,7.37108611351531,0.0021632323190369637,0.3335382562189551,0.0,1.0,""
AAPL,20200113,vwap_following,312.93,311.97872166827614,311.97289200000006,12,11,0,0.18686108606717625,30.58537053014886,0.9043066527280919,-0.569963839370242,0.5082297023579917,0.08847971058054632,0.25091095128160906,-1.9226455602910333,0.0021632323190369637,0.3352735201791756,0.0,1.0,""
AAPL,20200114,twap,313.78,315.9521420966209,316.021085,60,13,0,-2.182067920845275,-71.42217477213511,0.9390567155706638,7.832574989284379,0.47268183771002265,0.2589617320139529,1.520952269949331,1.9000570017083234,0.001317837149855611,0.8072327529988611,0.0,1.0,""
AAPL,20200114,vwap_following,313.78,315.9521420966209,315.948865,12,12,0,0.10372129776145365,-69.12056217732295,0.787184301683097,8.438018244990579,0.44318368260935337,0.17945744346233566,2.938665319299991,-10.142309277043301,0.001317837149855611,0.8201824445964637,0.0,1.0,""
AAPL,20200115,twap,315.355,314.60176001132163,314.53469299999995,60,16,0,2.131806615426098,26.012176753185162,0.921951960595856,-2.8007137381576364,0.39238340644254643,-0.1755149646530195,0.15069522061877128,11.925963617860322,0.002299264970974079,0.33561664302213573,0.0,1.0,""
AAPL,20200115,vwap_following,315.355,314.60176001132163,314.573551,12,12,0,0.8966577720546187,24.779978119896914,0.9569220229729436,-3.2318912278903387,0.39065506493070334,-0.057173539995131056,1.1947546193755059,6.998791117896878,0.002299264970974079,0.286180436830065,0.0,1.0,""
AAPL,20200116,twap,314.57,314.46274220757545,314.4793929999998,60,21,0,-0.5294996891349435,2.880344597393414,0.8266097628459783,-7.584277941003338,0.410806343227263,0.0745188377207615,-0.3848454954620326,-18.227168073674097,0.0019022360975550368,0.6429534606348836,0.0,1.0,""
AAPL,20200116,vwap_following,314.57,314.46274220757545,314.47420600000004,12,12,0,-0.3645516904201457,3.0452363543871095,0.8495415826945087,-6.5196019548314315,0.5572047189750153,0.4565225905278783,-1.4759314423715966,3.034368212596475,0.0019022360975550368,0.6362794316583879,0.0,1.0,""
AAPL,20200117,twap,316.935,316.53985975128046,316.48360399999996,60,22,0,1.7772090795991862,14.242541846121291,0.73208202071893,-3.5068470013631274,0.43460861776757526,0.4399144462521638,0.11154740852672602,5.692059576890454,0.0022795295962725133,0.2826189065290603,0.0,1.0,""
AAPL,20200117,vwap_following,316.935,316.53985975128046,316.521418,12,11,0,0.5826043928549031,13.049426538565303,0.8332498534546944,-4.050630062528495,0.6262746466124115,0.8506443613549298,-0.7427786816473066,-1.4230148942212653,0.0022795295962725133,0.25394463724969174,0.0,1.0,""
AMZN,20200113,twap,1886.665,1885.5466138220756,1885.402054,60,45,0,0.7666732872899195,6.694065984157528,3.087089521149534,2.1714597884653917,1.5062033598642135,1.4996944278677864,1.4393792412639899,-1.2194281412204788,0.022781637999772182,2.0267257485626904,0.0,1.0,""
AMZN,20200113,vwap_following,1886.665,1885.5466138220756,1885.1072549999997,12,12,0,2.3301403362570636,8.256606233752656,3.0144904698983637,0.687736878611411,1.434945536620752,1.9431976551073291,3.437833272450679,-7.695165313379215,0.022781637999772182,2.2319964904393204,0.0,1.0,""
AMZN,20200114,twap,1860.175,1868.6780066369636,1868.72826,60,26,0,-0.26892467754227056,-45.98094265324573,3.8054899447222166,8.24793447694701,1.7875996010740802,1.77589742287985,2.6290523099487286,-10.227576974564148,0.017169297861563952,2.4284262649489157,0.0,1.0,""
AMZN,20200114,vwap_following,1860.175,1868.6780066369636,1868.415471,12,12,0,1.4049270983609983,-44.29943956885815,4.046949064115783,11.744969083696644,2.1759911630028617,1.273705636857973,2.702841105167852,-8.837139551823617,0.017169297861563952,1.9880207531993708,0.0,1.0,""
AMZN,20200115,twap,1876.175,1871.8937181300482,1871.2973599999998,60,41,0,3.1858546469410065,25.99778805282106,3.4519676325143425,-3.191280445038029,1.7806545356649273,1.6258084250227949,1.1285181456169535,11.308648576392365,0.024514310228595942,2.1071464089380605,0.0,1.0,""
AMZN,20200115,vwap_following,1876.175,1871.8937181300482,1871.332318,12,12,0,2.9991025911933673,25.811462150385587,3.8403514999697657,-4.955506372015864,1.9492404526252427,2.2827810116969354,2.4608047660637684,12.301372940189557,0.024514310228595942,2.40495747458149,0.0,1.0,""
AMZN,20200116,twap,1878.2350000000001,1873.8191519212062,1873.64294,60,49,0,0.940389156688699,24.448804329597596,3.733933309278504,-4.849101281853104,1.9635827594809905,1.5374049192084207,1.016020101740164,-9.961279542424485,0.021763875014418566,3.363777319191523,0.0,1.0,""
AMZN,20200116,vwap_following,1878.2350000000001,1873.8191519212062,1873.2314649999998,12,12,0,3.1363054465730706,26.639557882801054,4.054459486220444,-2.572693352006389,2.0315305556970493,2.1710054814697664,1.408610054160776,-14.38136047134411,0.021763875014418566,3.4893824885665974,0.0,1.0,""
AMZN,20200117,twap,1876.125,1871.6386651871007,1871.6024079999995,60,43,0,0.19371894680110882,24.106027050438996,2.9143762852706323,-1.6225578181390692,1.4423230104747087,1.3602723008027233,0.9563500614865464,-6.155295427418849,0.021390282822319476,2.121947957795687,0.0,1.0,""
AMZN,20200117,vwap_following,1876.125,1871.6386651871007,1871.2299099999998,12,12,0,2.183942844865781,26.09149177160482,2.8306746368335474,-0.10016702599517524,1.4854751113436195,1.4001543746610616,1.651210471843592,-3.9332366524149394,0.021390282822319476,1.8605611730840794,0.0,1.0,""
MSFT,20200113,twap,161.925,161.62200104780328,161.61174600000004,60,8,0,0.6345081571046823,19.34562297359717,0.6703050692753562,-2.97902121842914,0.4023563586617299,0.40227863262763036,-0.10909808918929784,-7.7365847620226535,0.004053084052451771,0.2087478813451808,0.0,1.0,""
MSFT,20200113,vwap_following,161.925,161.62200104780328,161.61982600000002,12,10,0,0.13457622038843728,18.846626524625215,0.6540218116746309,-3.704683720001207,0.2628136796085471,0.48297436343623784,-0.590092060628363,-5.881260446975724,0.004053084052451771,0.21605800287437166,0.0,1.0,""
MSFT,20200114,twap,162.845,163.26138420749726,163.25461800000002,60,13,0,0.4144401647750695,-25.15385796309516,0.6329932380130331,2.398651242493741,0.38829433049915496,0.30676977657641374,0.7285278235896864,0.30646644192607253,0.0034545106582017336,0.15991973622382283,0.0,1.0,""
MSFT,20200114,vwap_following,162.845,163.26138420749726,163.25149700000003,12,11,0,0.6056060069087126,-24.96220332217938,0.6125335559054303,2.8591125825376364,0.3717076575058135,0.6977737183379465,1.4028557644619628,-5.212805102415034,0.0034545106582017336,0.14995959051650154,0.0,1.0,""
MSFT,20200115,twap,163.235,163.50855723664498,163.4999279999999,60,10,0,0.5277544362763051,-16.229852666394088,0.6624562932889463,4.732137329830772,0.31623384400231874,0.15785569304260214,0.8725424719032508,9.463337200073335,0.0038759885224227872,0.23362598677141005,0.0,1.0,""
MSFT,20200115,vwap_following,163.235,163.50855723664498,163.49021199999999,12,9,0,1.121974100623916,-15.63463717952472,0.7650395707618931,4.868974834561333,0.4313973951696475,0.5809021575533613,2.5575423382875195,18.010867574332224,0.0038759885224227872,0.24411094099845576,0.0,1.0,""
MSFT,20200116,twap,164.685,164.89972770295674,164.89874399999997,60,12,0,0.05965461377507024,-12.978959832405067,0.6367339660681814,1.8761919481776772,0.3592792978539782,0.4809269510632327,0.47179433824254025,-8.794808030568436,0.0032331728709637476,0.118717725319705,0.0,1.0,""
MSFT,20200116,vwap_following,164.685,164.89972770295674,164.891695,12,8,0,0.4871265143147921,-12.55093056441062,0.6064405519221937,1.1570114631833723,0.45072040973144917,0.6101110728912845,0.7269784777510193,-0.9096422073975959,0.0032331728709637476,0.11784684462419492,0.0,1.0,""
MSFT,20200117,twap,166.565,166.18077176351832,166.15301499999998,60,3,0,1.6702752805745285,24.734187854592236,0.6420619789438564,-2.4321411475657007,0.3258994939776309,0.20581001506385288,-0.09920576256669639,-4.517255917606279,0.002864472633401355,0.16168917660285095,0.0,1.0,""
MSFT,20200117,vwap_following,166.565,166.18077176351832,166.119055,12,9,0,3.713833006272512,26.773031549244724,0.6544126343101971,-3.108441871312357,0.6102968992162932,1.0698762065322502,2.8494010639616385,-2.710027100270249,0.002864472633401355,0.15299039383588792,0.0,1.0,""
NVDA,20200113,twap,249.54500000000002,249.87804565471566,249.8489850000001,60,26,0,1.1629935170737997,-12.181570458237863,2.4808750091395657,4.318494049985963,1.2180074776635292,1.6068330529378723,1.5317122214583003,-2.19929622520707,0.0066697125020426,0.3448036778678342,0.0,1.0,""
NVDA,20200113,vwap_following,249.54500000000002,249.87804565471566,249.87489600000004,12,12,0,0.12604767687275065,-13.219900218398257,2.1413675809476826,-0.8298908298612132,1.10957582408917,1.0646642839002949,-1.3288831016138922,-4.595771889862827,0.0066697125020426,0.32606352792427185,0.0,1.0,""
NVDA,20200114,twap,247.62,248.5068178300989,248.49187899999995,60,20,0,0.6011436720080242,-35.21036265244933,2.2543113196807254,1.5892483834299325,1.0706297176085466,0.8234860515598215,1.371524598202071,0.6052291801168004,0.007189816918501987,0.5196840359056076,0.0,1.0,""
NVDA,20200114,vwap_following,247.62,248.5068178300989,248.54064900000003,12,12,0,-1.3613779370940309,-37.179912769567316,2.166663264986223,1.0126646760020652,1.0286713830175789,-0.014028176738244635,-2.61237996578086,-2.0176748315246105,0.007189816918501987,0.5124628589646086,0.0,1.0,""
NVDA,20200115,twap,247.7,247.25906336888855,247.17358699999997,60,27,0,3.4569559442621967,21.252038756561134,2.279434741835224,-1.9821956490736816,1.2379057885837386,0.7013451927591291,0.711733533161327,5.670082216192733,0.010944559240710259,0.35325923964629685,0.0,1.0,""
NVDA,20200115,vwap_following,247.7,247.25906336888855,247.12981499999998,12,12,0,5.227244944131374,23.019176423092826,2.2177209535313867,-3.317962569068098,1.0684430335145,0.9255173025070873,4.739290321547843,8.9115728926155,0.010944559240710259,0.2923727384381382,0.0,1.0,""
NVDA,20200116,twap,248.20999999999998,248.0542096497127,248.05396900000005,60,21,0,0.009701496821654677,6.28624954675185,2.129354039241789,-4.491211583943559,1.2430956143945648,1.0664506538238534,0.4055761006374031,-23.493195074529492,0.012249092648462065,0.4245495785332613,0.0,1.0,""
NVDA,20200116,vwap_following,248.20999999999998,248.0542096497127,248.042338,12,12,0,0.478590939031711,6.754844687964977,2.0203846629154367,-5.400712690713994,1.1108864048238813,1.2355367246535987,0.1127905242536327,-3.0339805825249617,0.012249092648462065,0.37746663508985906,0.0,1.0,""
NVDA,20200117,twap,248.59,248.82375000139507,248.733381,60,15,0,3.631847900152385,-5.7677702240639235,2.3983724294390183,2.5113554664753472,1.2129307137887064,1.6523666551766052,1.2810947763191316,-13.89336340206181,0.007971665512103779,0.27131876097405666,0.0,1.0,""
NVDA,20200117,vwap_following,248.59,248.82375000139507,248.753654,12,11,0,2.8170944853401165,-6.5832897542140945,1.9219302628984969,2.6922324978730923,1.4800452225562506,2.0485150350135752,0.5880779899540853,-9.2600048313076,0.007971665512103779,0.25090140524021914,0.0,1.0,""
TSLA,20200113,twap,500.815,503.47371482690573,503.2782950000001,60,32,0,3.8814305722552325,-49.18572726456137,4.287924876461547,10.521479833912789,2.3505233672492647,2.4595642499410353,3.3127960434042163,-16.79753503627811,0.0026915190772180673,0.8626056145931792,0.0,1.0,""
TSLA,20200113,vwap_following,500.815,503.47371482690573,503.299921,12,12,0,3.451894742221074,-49.61754340425078,4.498779180428241,10.52042647160791,2.7198245886804315,4.300524793076125,4.7193343455946435,-0.894418826522816,0.0026915190772180673,0.7627859622740912,0.0,1.0,""
TSLA,20200114,twap,526.865,536.1580490141645,536.2118170000001,60,32,0,-1.0028383595937336,-177.40440150702932,6.308849949938965,24.62969197563004,2.8731781998243187,4.481104706158381,5.594466328213692,-36.94627357078762,0.001735625979543912,3.3619534777329547,0.0,1.0,""
TSLA,20200114,vwap_following,526.865,536.1580490141645,535.7003210000001,12,12,0,8.537184418026687,-167.69610811118852,6.098273873747136,29.4412485875326,2.571455503773182,2.0624156976304997,-3.035886557560166,-30.47811372263251,0.001735625979543912,3.222151901879844,0.0,1.0,""
TSLA,20200115,twap,530.23,533.9165464193345,533.606838,60,23,0,5.800689666044307,-63.686287082964384,6.196622944254425,3.277677556975422,2.8975575518459573,2.33150855766213,3.50077143372761,23.972023238760922,0.003110471183506291,1.5576943703475477,0.0,1.0,""
TSLA,20200115,vwap_following,530.23,533.9165464193345,533.749316,12,12,0,3.132145284801596,-66.37338513475291,5.461851171903724,14.233060818363114,3.0952403260186703,2.382630757973417,2.8059630468889445,17.38395038526721,0.003110471183506291,1.385039108954437,0.0,1.0,""
TSLA,20200116,twap,496.78,500.40738714106146,500.134863,60,21,0,5.446045523397608,-67.53216715648826,6.317937146383102,4.720810919750194,3.3027198476405055,3.2227434852959065,3.5284843614525307,-12.436812966380579,0.0032623734484559675,1.2874168395061747,0.0,1.0,""
TSLA,20200116,vwap_following,496.78,500.40738714106146,499.71354300000013,12,12,0,13.86558549875571,-59.051149402153,6.648212272491456,19.91244699570253,2.9422544220275175,4.761433878488191,14.0563623489825,10.316713075181521,0.0032623734484559675,1.3649938949802434,0.0,1.0,""
TSLA,20200117,twap,509.405,512.3834914662461,512.1960479999999,60,18,0,3.658265134769362,-54.79035345157453,4.4763677727439255,7.641121721987527,2.1964702097530564,2.666647316029611,3.2607021944182426,12.871518839222407,0.004093555760779151,0.7163118619817906,0.0,1.0,""
TSLA,20200117,vwap_following,509.405,512.3834914662461,512.10633,12,12,0,5.40925831652097,-53.0291222112069,4.595735581455888,8.573662002700676,2.2737941736644607,3.196939707371784,8.918949207077123,26.446764906802347,0.004093555760779151,0.745728746687666,0.0,1.0,""
AMD,20200113,twap,48.665,48.6870153502505,48.67163599999999,60,1,0,3.158819685262586,-1.3636083427500674,2.0543783314647,-6.745933306463192,1.1305399684895763,1.2332358122391225,0.3784344337553834,15.432098765431222,0.0015923843264158567,0.07384879191832852,0.0,1.0,""
AMD,20200113,vwap_following,48.665,48.6870153502505,48.68537,12,2,0,0.33794436538411826,-4.185759786294005,2.053799257136317,-3.3659754711959873,1.275267405028063,0.8162046289771893,0.5015398812697567,15.419407894737425,0.0015923843264158567,0.0745237403703537,0.0,1.0,""
AMD,20200114,twap,48.125,48.3678920624005,48.38646799999999,60,3,0,-3.840551408674384,-54.33101298701018,2.0320818347960588,4.379760564335974,1.1034283440709736,0.3977877449366992,1.8568515191747974,-9.318699523711267,0.0016703562051311005,0.10735599999284352,0.0,1.0,""
AMD,20200114,vwap_following,48.125,48.3678920624005,48.393379,12,4,0,-5.269391845032559,-55.76706493506557,2.066192460347224,0.3047208680462643,1.3258544097607001,1.4730115631819463,-3.8853978396434714,-9.320629660315184,0.0016703562051311005,0.10085993888917077,0.0,1.0,""
AMD,20200115,twap,48.385000000000005,48.76378182488651,48.74184,60,1,0,4.49961509656866,-73.75012917226377,2.0514374780364037,16.929681902904225,1.0093460498558704,1.3691377471134873,2.885851572048718,5.117707267144028,0.0010680870230310537,0.1626068531783486,0.0,1.0,""
AMD,20200115,vwap_following,48.385000000000005,48.76378182488651,48.757519,12,5,0,1.2843189457691104,-76.99059625917059,2.0507810610821386,13.791376573273268,-0.7478397726267995,0.9489305390032037,5.539018270109625,5.119803399549166,0.0010680870230310537,0.1722819218782423,0.0,1.0,""
AMD,20200116,twap,49.785,49.826172290698885,49.748256999999995,60,3,0,15.63742248638159,7.380335442402592,2.0432836247095616,-10.86337813297741,1.1908531976512895,1.0597139727969944,-0.01129396277224104,-21.242160631194995,0.0005857907205243436,0.22851837938667904,0.0,1.0,""
AMD,20200116,vwap_following,49.785,49.826172290698885,49.858442,12,4,0,-6.476457616058003,-14.75183288138998,2.005530483848421,-11.27309292314638,1.4152800375027954,-0.34616521287726704,-4.064739017247729,-27.33900364520008,0.0005857907205243436,0.2525266262588899,0.0,1.0,""
AMD,20200117,twap,50.16,50.29126200504656,50.272293999999974,60,1,0,3.771630356916626,-22.38716108452497,1.955751491965368,6.030219626407863,0.9284787306679946,0.9953730184142324,1.2128601010758062,-30.864197530864427,0.0010963152406236543,0.08799252022654651,0.0,1.0,""
AMD,20200117,vwap_following,50.16,50.29126200504656,50.28228400000001,12,4,0,1.7852017803112101,-24.378787878790813,1.988582201041885,8.032081175702128,1.0192465183677117,1.6309291438741869,1.7071004183394132,-10.949631694206595,0.0010963152406236543,0.1030298573965405,0.0,1.0,""
NFLX,20200113,twap,333.94500000000005,335.02109729129546,334.71663,60,26,0,9.088003524468283,-23.1064995732818,3.7489010368845985,16.76791469677574,1.5938132773028564,2.2461014423962187,3.197578001147388,-37.30677764565979,0.010971745560831745,0.7423030850377077,0.0,1.0,""
NFLX,20200113,vwap_following,333.94500000000005,335.02109729129546,335.034613,12,12,0,-0.4034285844621166,-32.62851667190491,3.8099104946600106,9.866674166733048,1.7176206513629393,1.4852307481490672,0.03026278548361283,-39.090368608800674,0.010971745560831745,0.731012166710497,0.0,1.0,""
NFLX,20200114,twap,335.645,337.06984902587317,336.896051,60,43,0,5.156142751285582,-37.27304145749283,5.722448906301801,9.622117538461143,2.5605451191178767,2.3539321805238425,3.454468769499612,-14.0757423102004,0.007523667577281233,0.5685470380393108,0.0,1.0,""
NFLX,20200114,vwap_following,335.645,337.06984902587317,336.85005099999995,12,12,0,6.520845056549267,-35.902545844567,5.884414869758628,12.497178940114509,2.925268996178007,2.5711729514194124,7.611504681691666,-55.61007523716076,0.007523667577281233,0.5466481888968899,0.0,1.0,""
NFLX,20200115,twap,340.9,341.3698318959595,341.2125329999999,60,36,0,4.607873375511631,-9.16787914344138,5.42878714682181,14.351863461769796,2.7180790640927412,2.5664087631627277,3.7035613715460847,1.3132934481237144,0.010071284552059478,0.7470534208203091,0.0,1.0,""
NFLX,20200115,vwap_following,340.9,341.3698318959595,341.14052200000003,12,12,0,6.717345076625756,-7.055500146672204,6.951842185723269,21.801810130627608,3.6122613678049897,3.196506186872348,4.243320366346413,-16.671541386371747,0.010071284552059478,0.622874567848724,0.0,1.0,""
NFLX,20200116,twap,337.58000000000004,337.80696069230703,337.80958999999996,60,41,0,-0.07783462151103253,-6.801054564841413,4.281493214493318,-2.86705136138727,2.311521739950848,2.3002539897073984,1.3566534234693302,-14.727759595358659,0.010270399066626133,0.9700425758027602,0.0,1.0,""
NFLX,20200116,vwap_following,337.58000000000004,337.80696069230703,337.724329,12,11,0,2.4461216588808985,-4.275401386337182,3.921685812997626,0.9713135028465483,2.2258830947160835,2.3522429423243834,0.8422604950813046,-11.148769175882983,0.010270399066626133,1.0033681912801151,0.0,1.0,""
NFLX,20200117,twap,339.795,340.4465485837136,340.3163409999999,60,42,0,3.824611653587283,-15.342809635218089,3.5947313032369475,1.5041738780342473,1.587275689500479,1.5976007876495804,1.6473027410346561,-12.67838188465641,0.010703899109328554,0.5923652436807084,0.0,1.0,""
NFLX,20200117,vwap_following,339.795,340.4465485837136,340.23045,12,12,0,6.347504024128381,-12.81507968039562,3.4878713400049657,4.613564638419199,2.029381229491843,2.970008509023972,4.7313297790706,-10.312923566504296,0.010703899109328554,0.4969269198145399,0.0,1.0,""
ADBE,20200113,twap,343.16999999999996,343.6570628781479,343.557693,60,41,0,2.8915418561656376,-11.29740361919786,3.6487721125845467,4.27566111176214,1.8783237521487657,2.41176541870901,1.9401754699070546,6.402607607462742,0.03224454261116306,0.3040578204751327,0.0,1.0,""
ADBE,20200113,vwap_following,343.16999999999996,343.6570628781479,343.530597,12,12,0,3.6800022990572,-10.50782411050037,3.575574086671251,4.988677247974875,1.7931187733000165,2.4919774739184373,3.2469078954826416,4.802934156139618,0.03224454261116306,0.26591608382413284,0.0,1.0,""
ADBE,20200114,twap,344.55,345.5357306580064,345.72700800000007,60,38,0,-5.535674751477003,-34.16073138876963,5.534565156851797,8.330755672072799,2.7923104090640933,2.35271982110594,3.1205374654057962,-1.8822575507484935,0.04662743744929266,0.4609122310654864,0.0,1.0,""
ADBE,20200114,vwap_following,344.55,345.5357306580064,345.737365,12,12,0,-5.835412204973325,-34.46132636772601,6.027582168159485,8.939355952677856,2.99181213538712,2.6365726125041364,0.7918098144110914,-6.372194062274505,0.04662743744929266,0.4559729856431832,0.0,1.0,""
ADBE,20200115,twap,346.345,346.4186942420678,346.27101099999993,60,42,0,4.263142968971676,2.1362802985490448,4.675890291556316,4.886019098468848,2.2811371227698074,2.3703428983840276,2.444289680657177,8.370133056253657,0.03532907264717208,0.5187863662292117,0.0,1.0,""
ADBE,20200115,vwap_following,346.345,346.4186942420678,346.30506,12,12,0,3.280257213496165,1.1531854076138364,5.0496934550014725,9.221117995649639,2.52586152333496,2.806441807214301,3.2057037435264166,4.475500245431512,0.03532907264717208,0.5793798931668822,0.0,1.0,""
ADBE,20200116,twap,345.345,344.11054230147585,344.11955600000005,60,32,0,-0.2619419464429787,35.48463131071774,3.995407353334428,-3.807934989083815,1.9862225265402624,1.828958254784226,1.1238288799752987,-5.824281429279987,0.04253328229339458,0.6460129784776679,0.0,1.0,""
ADBE,20200116,vwap_following,345.345,344.11054230147585,344.038659,12,12,0,2.0889595824377016,37.8271293923477,3.6822932589132957,-1.661237314051042,1.8241923708892847,1.5198972436622675,0.7116854243020606,-7.281199941750399,0.04253328229339458,0.6390452158328006,0.0,1.0,""
ADBE,20200117,twap,348.745,348.16924562343894,348.078372,60,37,0,2.610041655925636,19.115055412980915,4.401049136320559,0.9000997076504711,2.1846302720857222,2.3304420638481833,1.8290522197409553,-2.3016284020940243,0.042915876299278156,0.19710761636572863,0.0,1.0,""
ADBE,20200117,vwap_following,348.745,348.16924562343894,348.014926,12,12,0,4.432316334046368,20.934321639019966,4.605413910220667,2.4052441794864308,2.556100622472605,3.0069723505320725,4.373378676980726,10.203201793464725,0.042915876299278156,0.177787326132474,0.0,1.0,""
AVGO,20200113,twap,302.33000000000004,302.21477082050166,302.039235,60,38,0,5.808313737447819,9.617470975424922,4.608856286390363,6.152907271521713,2.396099906965696,2.689914606997722,2.348940123411248,-9.57980972515736,0.031233407252397163,0.49786490464465977,0.0,1.0,""
AVGO,20200113,vwap_following,302.33000000000004,302.21477082050166,302.110319,12,12,0,3.456211627845616,7.266265339200107,4.421410090395017,0.30812404682858174,2.4290467363298616,3.4270935609191886,3.8663692100235716,-12.714243254845973,0.031233407252397163,0.5324123202818312,0.0,1.0,""
AVGO,20200114,twap,302.73,303.7050777389421,303.666757,60,44,0,1.261774719981605,-30.94364615333796,4.757070557170314,7.675542741131656,2.3076974463234956,2.044759309843507,2.9407475896844515,-8.728302756825743,0.04116852748410895,0.5136815991552871,0.0,1.0,""
AVGO,20200114,vwap_following,302.73,303.7050777389421,303.642555,12,12,0,2.058666236586605,-30.144187890199106,3.7993116871662425,11.068953189389534,1.8902231285150881,2.7622111453662375,3.987825061447878,-16.644144886457116,0.04116852748410895,0.46934109196410373,0.0,1.0,""
AVGO,20200115,twap,305.96500000000003,304.6530233906334,304.5143560000001,60,39,0,4.55164990946153,47.41208961809207,5.434937276479947,-4.418885220144325,2.657766859482764,2.6304300121783433,1.8166556173893407,18.248175182481976,0.03284924496010459,0.8011005671225471,0.0,1.0,""
AVGO,20200115,vwap_following,305.96500000000003,304.6530233906334,304.60119499999996,12,12,0,1.7012268598751505,44.57388917033223,5.000184313463708,-11.887761542915925,2.3203605577603406,2.167455941285473,2.996316207164787,3.45337937839231,0.03284924496010459,0.7867477166773168,0.0,1.0,""
AVGO,20200116,twap,307.76,305.6336471495001,305.682365,60,48,0,-1.5939949987264823,67.5082856771506,4.786568811937671,-3.6843183072916337,2.3308418618447244,1.9470712107787118,1.4781025185302994,-15.066160094326595,0.048338134921402195,0.7624651515608037,0.0,1.0,""
AVGO,20200116,vwap_following,307.76,305.6336471495001,305.63030100000003,12,12,0,0.10948236659468666,69.19999350142837,4.811425764526766,-1.4535101942948163,2.073168304640047,2.698039345658624,-0.7601715172172694,-9.66262692433724,0.048338134921402195,0.738993480104103,0.0,1.0,""
AVGO,20200117,twap,306.5,305.639107437989,305.559444,60,43,0,2.6064543460035954,30.68698205546542,4.450124924237539,3.709202858468335,2.255499613661311,2.3145725493233633,2.1329247455720672,-9.817075166072561,0.0332944897619444,0.281110791034708,0.0,1.0,""
AVGO,20200117,vwap_following,306.5,305.639107437989,305.56601,12,12,0,2.391625816531041,30.47275693311564,4.227385636674419,1.3907749961787381,2.2238409711044365,2.2340134924137187,1.1507587771590846,-3.763335296814777,0.0332944897619444,0.34676317129952344,0.0,1.0,""
INTC,20200113,twap,59.545,59.456415986483194,59.42001099999999,60,0,0,6.122970226036118,20.99067931816501,1.6827946607053175,-1.9845051210310145,0.8130860821872475,0.841208397351628,0.36483929931348624,-0.8416091567080556,0.004229821425399062,0.0572239134557088,0.0,1.0,""
INTC,20200113,vwap_following,59.545,59.456415986483194,59.45876799999999,12,1,0,-0.395586157990617,14.481820471913617,1.6816989302213368,-11.140072878315816,0.9987263650652126,-0.18119712148297218,-1.7969145019487185,12.6050420168072,0.004229821425399062,0.07102603022622815,0.0,1.0,""
INTC,20200114,twap,59.364999999999995,59.33638259455132,59.331553,60,1,0,0.8139347800013969,5.634127853111319,1.6853040558112957,-1.3496813467810798,0.899262767212019,0.618338941753626,0.7900310208539616,-2.5299375948727554,0.005158071685848676,0.06913080208279182,0.0,1.0,""
INTC,20200114,vwap_following,59.364999999999995,59.33638259455132,59.344316000000006,12,1,0,-1.3370220936619344,3.4842078665861367,1.6849415676553765,-6.196517574008851,0.7268978006657666,0.012035906698299653,-0.6172704100888732,-5.905179686181304,0.005158071685848676,0.06875516509523374,0.0,1.0,""
INTC,20200115,twap,59.335,59.24435918526343,59.246295,60,1,0,-0.32675089463335194,14.949860958961382,1.6877285553984676,1.9995453697664904,0.815990086098197,0.25217714791287016,0.8995067088432984,-4.213719871903874,0.00477084669170407,0.060449353129585236,0.0,1.0,""
INTC,20200115,vwap_following,59.335,59.24435918526343,59.24674099999999,12,2,0,-0.4020323232998045,14.874694531053823,1.6877159298895699,-0.4420640453895416,0.4969929532459121,0.36849283097652136,-0.2851602945945699,-5.901197099982564,0.00477084669170407,0.0609706834669284,0.0,1.0,""
INTC,20200116,twap,59.265,59.343439858241894,59.34418899999998,60,0,0,-0.12623834409914386,-13.361849320843364,1.6849449403861976,4.195658426032852,0.8988102731937204,0.7593730058979115,1.0678032584720614,-5.898213683855171,0.004073976902180555,0.06434261225200963,0.0,1.0,""
INTC,20200116,vwap_following,59.265,59.343439858241894,59.33734299999999,12,5,0,1.0273853784795197,-12.206698726059122,1.6851391117670897,5.464032035801987,0.9723730126388775,0.39941342208793923,-0.4780867402205419,-9.270183718187566,0.004073976902180555,0.06331738236133118,0.0,1.0,""
INTC,20200117,twap,59.485,59.508247146290856,59.495430000000006,60,3,0,2.1538436948648427,-1.753383205851324,1.6806611434919116,0.5464531934407899,0.8404153014916663,1.0929287240373908,0.8966902612148367,0.8403361344530171,0.00513589580294595,0.04677630381795969,0.0,1.0,""
INTC,20200117,vwap_following,59.485,59.508247146290856,59.501204000000016,12,2,0,1.1835580156689658,-2.7240480793504402,1.680497760375942,0.3725812955999765,1.005193437548822,2.301383243678424,2.1840589184761887,-2.521432173473434,0.00513589580294595,0.04292346959909267,0.0,1.0,""
