cell,num_noise,fund_vol,mm,success,runtime_s,total_dist,kurtosis_ratio,hill_ratio,spread_ks,trade_size_ks,autocorr_l2
1,500,0.00001,timid,true,2.3,2.87,2.9,0.23,0.853,0.538,1.918
2,500,0.00001,aggressive,true,2.0,2.198,1.04,0.34,0.525,0.575,2.232
3,500,0.001,timid,true,1.7,2.963,5.62,0.2,0.558,0.525,1.777
4,500,0.001,aggressive,true,2.2,2.144,1.34,0.45,0.574,0.574,2.24
5,25000,0.00001,timid,false,54.6,,,,,,
6,25000,0.00001,aggressive,true,56.0,2.21,0.43,0.56,0.506,0.58,2.41
7,25000,0.001,timid,false,68.7,,,,,,
8,25000,0.001,aggressive,true,76.6,2.723,0.15,1.13,0.567,0.581,2.169
9,5000,0.0001,balanced,true,5.2,3.714,7.28,0.08,0.627,0.58,1.697
